[15:11:06] [main/INFO]: Loading Minecraft 1.21.1 with Fabric Loader 0.19.3
[15:11:06] [ForkJoinPool-1-worker-3/WARN]: The mod "accessories_compat_layer" contains invalid entries in its mod json:
- Unsupported root entry "#COMMENT_breaks" at line 53 column 20
[15:11:06] [ForkJoinPool-1-worker-7/WARN]: Mod mr_extra_moveanimscobblemon uses the version 1.7v1.0.2 which isn't compatible with Loader's extended semantic version format (Could not parse version number component '7v1'!), SemVer is recommended for reliably evaluating dependencies and prioritizing newer version
[15:11:06] [ForkJoinPool-1-worker-10/WARN]: Mod com_github_rtyley_animated-gif-lib-for-java uses the version animated-gif-lib-1.7 which isn't compatible with Loader's extended semantic version format (Could not parse version number component 'animated'!), SemVer is recommended for reliably evaluating dependencies and prioritizing newer version
[15:11:06] [ForkJoinPool-1-worker-4/WARN]: Mod legendarymonuments uses the version Cobbleverse which isn't compatible with Loader's extended semantic version format (Could not parse version number component 'Cobbleverse'!), SemVer is recommended for reliably evaluating dependencies and prioritizing newer version
[15:11:06] [ForkJoinPool-1-worker-12/WARN]: Mod nochatrestrictions uses the version Fabric-MC1.21.11-v1.0.0 which isn't compatible with Loader's extended semantic version format (Could not parse version number component 'Fabric'!), SemVer is recommended for reliably evaluating dependencies and prioritizing newer version
[15:11:06] [main/WARN]: Warnings were found!
 - Mod 'Cobblemon Virtual Loot' (virtualloot) 0.3 recommends version 2.0.4 or later of cobbleworkers, which is missing!
	 - You should install version 2.0.4 or later of cobbleworkers for the optimal experience.
[15:11:06] [main/INFO]: Loading 345 mods:
	- accessories 1.1.0-beta.53+1.21.1
	- accessories_compat_layer 0.1.12
	- advancementdisable 1.0.0
	- architectury 13.0.8
	- athena 4.0.6
	- autocrafttomsaddon 1.7.2
	- ballchange 1.0-SNAPSHOT
	- balm 21.0.63
	   \-- kuma_api 21.0.8
	- beautify 2.0.0+1.21.1
	- better_pokedex_scanner 1.0.0
	- bettercampfirepot 1.7.3+1.21.1-fabric
	- biome_replacer 2.1-hippo
	- c2me 0.4.0-alpha.0.23+1.21.1
	   |-- c2me-base 0.4.0-alpha.0.23+1.21.1
	   |-- c2me-client-uncapvd 0.4.0-alpha.0.23+1.21.1
	   |-- c2me-fixes-chunkio-threading-issues 0.4.0-alpha.0.23+1.21.1
	   |-- c2me-fixes-general-threading-issues 0.4.0-alpha.0.23+1.21.1
	   |-- c2me-fixes-worldgen-threading-issues 0.4.0-alpha.0.23+1.21.1
	   |-- c2me-fixes-worldgen-vanilla-bugs 0.4.0-alpha.0.23+1.21.1
	   |-- c2me-notickvd 0.4.0-alpha.0.23+1.21.1
	   |-- c2me-opts-allocs 0.4.0-alpha.0.23+1.21.1
	   |-- c2me-opts-chunkio 0.4.0-alpha.0.23+1.21.1
	   |-- c2me-opts-math 0.4.0-alpha.0.23+1.21.1
	   |-- c2me-opts-scheduling 0.4.0-alpha.0.23+1.21.1
	   |-- c2me-opts-worldgen-general 0.4.0-alpha.0.23+1.21.1
	   |-- c2me-opts-worldgen-vanilla 0.4.0-alpha.0.23+1.21.1
	   |-- c2me-rewrites-chunk-system 0.4.0-alpha.0.23+1.21.1
	   |-- c2me-rewrites-chunkio 0.4.0-alpha.0.23+1.21.1
	   |-- c2me-server-utils 0.4.0-alpha.0.23+1.21.1
	   |-- c2me-threading-lighting 0.4.0-alpha.0.23+1.21.1
	   |-- com_github_ben-manes_caffeine_caffeine 3.2.1
	   |-- com_ibm_async_asyncutil 0.1.0
	   |-- io_reactivex_rxjava3_rxjava 3.1.12
	   |-- mixinsquared 0.3.7-beta.1
	   |-- net_objecthunter_exp4j 0.4.8
	   |-- org_jctools_jctools-core 4.0.5
	   \-- org_reactivestreams_reactive-streams 1.0.4
	- capture_xp 1.7.3-fabric-1.3.0
	- carryon 2.2.6
	- carved_wood 1.9.7-B
	   \-- cardinal-components-block 6.1.0
	- catchcombo 2.0.0
	- cloth-config 15.0.140
	   \-- cloth-basic-math 0.6.1
	- cobblebase 2.0.0+1.7.0
	- cobblecapsule 2.0
	- cobblecuisine 2.0.1
	- cobbledex 1.2.0
	- cobbledgacha 3.0.3
	- cobbledollars 2.0.0+Beta-5.1+1.21.1
	- cobbledollars_villagers_overhaul_rca 0.3.0
	- cobbleemi 1.1.4-for-cobblemon-1.7.3
	- cobblefurnies 1.2
	- cobbleit 1.0.0
	- cobblemon 1.7.3+1.21.1
	- cobblemon-additions 4.1.6
	- cobblemon-battle-extras 1.13.45
	- cobblemon-cards 1.0.0
	   \-- com_howlite_cobblemoncards_common 1.0.0
	- cobblemon-environment-interactions 3.1.0
	- cobblemon_battle_tower 1.10.22
	- cobblemon_capture_notification 1.4-fabric-1.3.0
	- cobblemon_expeditions 1.6.0
	- cobblemon_pasturecollector 1.7.3-fabric-1.4.1
	- cobblemon_picnic 1.28.0
	- cobblemon_smartphone 1.1.3
	- cobblemon_snap 1.1.3
	- cobblemon_spin_tiles 1.0.11
	- cobblemon_utility 1.7.4
	- cobblemonalphas 1.4.1
	- cobblemonbattlepositions 1.1.2
	- cobblemoncharms 1.2.0-fabric
	- cobblemonexpall 0.0.2
	- cobblemonextras 1.5.0
	- cobblemonextrastructures 1.3.0
	- cobblemongocatch 1.2
	- cobblemonmikeskills 5.1.0
	- cobblemonminigames 3.0.2
	- cobblemonmmoskills 1.2.3
	   \-- sgui 1.6.1+1.21.1
	- cobblemonopponents 1.7.1
	- cobblemonraiddens 0.11.3+1.21.1
	- cobblemonresearchtasks 2.0
	- cobblemontrialsedition 2.1.0
	- cobblenav 2.3.3
	- cobblesafari 0.3.4
	- cobbleversebadges 1.3
	- cobblewhistle 1.0-SNAPSHOT
	- cobbreeding 2.2.2
	- comforts 9.0.5+1.21.1
	   |-- cardinal-components-base 6.1.2
	   |-- cardinal-components-entity 6.1.2
	   \-- spectrelib 0.17.2+1.21
	- configurable 3.5.2
	   |-- com_electronwill_night-config_core 3.8.3
	   |-- com_electronwill_night-config_toml 3.8.3
	   |-- com_google_auto_service_auto-service 1.0
	   |-- org_quiltmc_parsers_gson 0.3.1
	   \-- org_quiltmc_parsers_json 0.3.1
	- cozyhome 1.1.20
	- crd_broadcasts 1.4.1+1.21.1
	- crd_converters 1.1.0+1.21.1
	- debugify 1.21.1+1.0
	- defaultoptions 21.1.7
	- droploottables 1.7.3-fabric-1.9.1
	- emi 1.1.24+1.21.1+fabric
	- enderchests 1.21.1-1.0
	- entityculling 1.10.5
	   |-- transition 1.0.21
	   \-- trender 1.0.15
	- essential_commands 0.35.2-mc1.21
	   |-- ec-core 1.3.0-mc1.21
	   |    |-- fabric-permissions-api-v0 0.3.1
	   |    |-- org_yaml_snakeyaml 2.0
	   |    |-- placeholder-api 2.4.0-pre.2+1.21
	   |    \-- playerabilitylib 1.10.0
	   |-- fabric-permissions-api-v0 0.3.1
	   |-- org_yaml_snakeyaml 2.0
	   |-- placeholder-api 2.4.0-pre.2+1.21
	   \-- playerabilitylib 1.10.0
	- fabric-api 0.116.14+1.21.1
	   |-- fabric-api-base 0.4.42+6573ed8c19
	   |-- fabric-api-lookup-api-v1 1.6.72+7b3d111d19
	   |-- fabric-biome-api-v1 13.0.31+d527f9fd19
	   |-- fabric-block-api-v1 1.1.0+0bc3503219
	   |-- fabric-block-view-api-v2 1.0.11+ebb2264e19
	   |-- fabric-blockrenderlayer-v1 1.1.52+0af3f5a719
	   |-- fabric-client-tags-api-v1 1.2.0+1eb36c0719
	   |-- fabric-command-api-v1 1.2.49+f71b366f19
	   |-- fabric-command-api-v2 2.2.28+6ced4dd919
	   |-- fabric-commands-v0 0.2.66+df3654b319
	   |-- fabric-content-registries-v0 8.0.19+b559734419
	   |-- fabric-convention-tags-v1 2.1.7+7f945d5b19
	   |-- fabric-convention-tags-v2 2.12.0+c3656daa19
	   |-- fabric-crash-report-info-v1 0.2.29+0af3f5a719
	   |-- fabric-data-attachment-api-v1 1.4.7+5b36e0f719
	   |-- fabric-data-generation-api-v1 20.3.0+1eb36c0719
	   |-- fabric-dimensions-v1 4.0.1+65213ef819
	   |-- fabric-entity-events-v1 1.8.0+2b27e0a419
	   |-- fabric-events-interaction-v0 0.7.14+ba9dae0619
	   |-- fabric-game-rule-api-v1 1.0.53+6ced4dd919
	   |-- fabric-item-api-v1 11.2.0+3b3cb2e819
	   |-- fabric-item-group-api-v1 4.1.7+def88e3a19
	   |-- fabric-key-binding-api-v1 1.0.47+0af3f5a719
	   |-- fabric-keybindings-v0 0.2.45+df3654b319
	   |-- fabric-lifecycle-events-v1 2.6.0+0865547519
	   |-- fabric-loot-api-v2 3.0.15+3f89f5a519
	   |-- fabric-loot-api-v3 1.0.3+3f89f5a519
	   |-- fabric-message-api-v1 6.0.14+8aaf3aca19
	   |-- fabric-model-loading-api-v1 2.1.0+b4d813fc19
	   |-- fabric-networking-api-v1 4.3.1+d30f6a7919
	   |-- fabric-object-builder-api-v1 15.2.1+40875a9319
	   |-- fabric-particles-v1 4.0.2+6573ed8c19
	   |-- fabric-recipe-api-v1 5.0.16+2475392c19
	   |-- fabric-registry-sync-v0 5.3.2+e3eddc2119
	   |-- fabric-renderer-api-v1 3.4.1+b4d813fc19
	   |-- fabric-renderer-indigo 1.7.1+c705a49c19
	   |-- fabric-renderer-registries-v1 3.2.69+df3654b319
	   |-- fabric-rendering-data-attachment-v1 0.3.49+73761d2e19
	   |-- fabric-rendering-fluids-v1 3.1.6+1daea21519
	   |-- fabric-rendering-v0 1.1.72+df3654b319
	   |-- fabric-rendering-v1 5.1.0+ab4c25a019
	   |-- fabric-resource-conditions-api-v1 4.3.0+8dc279b119
	   |-- fabric-resource-loader-v0 1.3.1+5b5275af19
	   |-- fabric-screen-api-v1 2.0.26+639b4c0719
	   |-- fabric-screen-handler-api-v1 1.3.91+b559734419
	   |-- fabric-sound-api-v1 1.0.23+6573ed8c19
	   |-- fabric-tag-api-v1 1.3.0+1eb36c0719
	   |-- fabric-transfer-api-v1 5.4.4+7b3d111d19
	   \-- fabric-transitive-access-wideners-v1 6.2.0+45b9699719
	- fabric-language-kotlin 1.13.13+kotlin.2.4.10
	   |-- org_jetbrains_kotlin_kotlin-reflect 2.4.10
	   |-- org_jetbrains_kotlin_kotlin-stdlib 2.4.10
	   |-- org_jetbrains_kotlin_kotlin-stdlib-jdk7 2.4.10
	   |-- org_jetbrains_kotlin_kotlin-stdlib-jdk8 2.4.10
	   |-- org_jetbrains_kotlinx_atomicfu-jvm 0.33.0
	   |-- org_jetbrains_kotlinx_kotlinx-coroutines-core-jvm 1.11.0
	   |-- org_jetbrains_kotlinx_kotlinx-coroutines-jdk8 1.11.0
	   |-- org_jetbrains_kotlinx_kotlinx-datetime-jvm 0.8.0
	   |-- org_jetbrains_kotlinx_kotlinx-io-bytestring-jvm 0.9.1
	   |-- org_jetbrains_kotlinx_kotlinx-io-core-jvm 0.9.1
	   |-- org_jetbrains_kotlinx_kotlinx-serialization-cbor-jvm 1.11.0
	   |-- org_jetbrains_kotlinx_kotlinx-serialization-core-jvm 1.11.0
	   \-- org_jetbrains_kotlinx_kotlinx-serialization-json-jvm 1.11.0
	- fabricloader 0.19.3
	   \-- mixinextras 0.5.4
	- fancymenu 3.9.8
	   |-- com_github_keksuccino_japng 0.5.3
	   \-- com_github_rtyley_animated-gif-lib-for-java animated-gif-lib-1.7
	- ferritecore 7.0.3
	- forgeconfigapiport 21.1.6
	- forgivingvoid 21.1.7
	- fusion 1.2.12
	- fzzy_config 0.7.6+1.21
	   |-- blue_endless_jankson 1.2.3
	   |-- fabric-permissions-api-v0 0.3.1
	   \-- net_peanuuutz_tomlkt_tomlkt-jvm 0.3.7
	- geckolib 4.9.2
	- globalpacks 21.0.6
	- handcrafted 4.0.3
	- highlight 3.0.0
	- hugestructureblocks 1.1.6
	- iceberg 1.3.2
	- jade 15.10.6+fabric
	- java 21
	- konkrete 1.9.9
	- krypton 0.2.8
	   \-- com_velocitypowered_velocity-native 3.3.0-SNAPSHOT
	- legendarymonuments Cobbleverse
	- lenientdeath 1.2.5+1.21.1
	   |-- jackfredlib-base 1.4.0+1.21
	   |-- jackfredlib-colour 1.1.0+1.21
	   |-- jackfredlib-config 0.2.3+1.21
	   |    |-- blue_endless_jankson 1.2.3
	   |    |-- commons-io_commons-io 2.15.1
	   |    \-- jackfredlib-base 1.4.0+1.21
	   |-- jackfredlib-lying 0.5.5+1.21
	   \-- server_translations_api 2.3.1+1.21-pre2
	- libjf 3.17.5
	   |-- libjf-base 3.17.3
	   |-- libjf-config-commands 3.17.3
	   |-- libjf-config-core-v2 3.17.3
	   |-- libjf-config-network-v0 3.17.3
	   |-- libjf-config-ui-tiny 3.17.3
	   |-- libjf-data-manipulation-v0 3.17.3
	   |-- libjf-data-v0 3.17.3
	   |-- libjf-mainhttp-v0 3.17.3
	   |-- libjf-resource-pack-entry-widgets-v0 3.17.3
	   |-- libjf-translate-v1 3.17.3
	   |-- libjf-unsafe-v0 3.17.5
	   \-- libjf-web-v1 3.17.3
	- lithium 0.15.4+mc1.21.1
	- luckperms 5.4.140
	   \-- fabric-permissions-api-v0 0.3.1
	- lumymon 0.6.6
	   \-- fabric-permissions-api-v0 0.3.1
	- mega_showdown 1.8.4+1.7.3+1.21.1
	- melody 1.0.10
	- midnightlib 1.7.5
	- minecraft 1.21.1
	- moarconcrete 1.3.1
	- mobsbegone 0.0.7
	- modernfix 5.25.1+mc1.21.1
	- more_cobblemon_tweaks 1.3.3
	- mr_cobblemon_darkrai 1.1.1
	- mr_cobblemon_legendarystructures 2.2
	- mr_complete_cobblemoncollectionwlegendaryspawns 2.0.1
	- mr_extra_moveanimscobblemon 1.7v1.0.2
	- mr_legends_myths 3
	- mythsandlegends 1.9.0
	   \-- com_moandjiezana_toml_toml4j 0.7.2
	- neruina 3.3.3
	   \-- org_kohsuke_github-api 2.0-rc.6
	- nethermap 4.0.0-1.21.1
	- netherportalfix 21.1.3
	- nochatrestrictions Fabric-MC1.21.11-v1.0.0
	- notenoughanimations 1.12.4
	   |-- transition 1.0.21
	   \-- trender 1.0.15
	- notenoughcrashes 4.4.9+1.21.1
	- obc 1.3.0
	- owo 0.12.15.4+1.21
	   |-- io_wispforest_endec 0.1.5.1
	   |-- io_wispforest_endec_gson 0.1.3.1
	   |-- io_wispforest_endec_jankson 0.1.3.1
	   \-- io_wispforest_endec_netty 0.1.2
	- packetfixer 3.3.1
	- particular 1.5.5
	- pasture-loot 1.0.5+1.21.1
	- pickaxeminigame 2.1.5
	- pingwheel 1.12.2
	- platform 1.3.3
	- playerxp 1.0.9+1.21.1
	- pokebike 3.0
	- pokeblocks 1.4.0-1.21.1
	- polymer-bundled 0.9.19+1.21.1
	   |-- polymer-autohost 0.9.19+1.21.1
	   |    \-- io_netty_netty-codec-http 4.1.82
	   |-- polymer-blocks 0.9.19+1.21.1
	   |-- polymer-common 0.9.19+1.21.1
	   |    \-- packet_tweaker 0.5.6+1.21
	   |-- polymer-core 0.9.19+1.21.1
	   |    |-- polymer-networking 0.9.19+1.21.1
	   |    |    \-- polymer-common 0.9.19+1.21.1
	   |    |         \-- packet_tweaker 0.5.6+1.21
	   |    \-- polymer-registry-sync-manipulator 0.9.19+1.21.1
	   |-- polymer-resource-pack 0.9.19+1.21.1
	   |    \-- polymer-common 0.9.19+1.21.1
	   |         \-- packet_tweaker 0.5.6+1.21
	   \-- polymer-virtual-entity 0.9.19+1.21.1
	        \-- polymer-common 0.9.19+1.21.1
	             \-- packet_tweaker 0.5.6+1.21
	- rctapi 0.15.2-beta
	- rctmod 0.18.1-beta
	   |-- com_github_vlsi_mxgraph_jgraphx 4.2.2
	   |-- org_jgrapht_jgrapht-core 1.5.2
	   \-- org_jgrapht_jgrapht-ext 1.5.2
	- rechiseled 1.2.4
	- repurposed_structures 7.5.21+1.21.1-fabric
	- resourcefullib 3.0.12
	   |-- com_teamresourceful_bytecodecs 1.1.2
	   \-- com_teamresourceful_yabn 1.0.3
	- respackopts 4.14.0+1.21.1.4
	   |-- io_gitlab_jfronny_muscript-all 2.0.0-SNAPSHOT
	   \-- io_gitlab_jfronny_muscript-json 2.0.0-SNAPSHOT
	- roughlyenoughitems 16.0.799
	   \-- error_notifier 1.0.11
	- rustlingspots 4.3
	- safepastures 1.1.1+1.21.1
	- scalablelux 0.1.0.1+fabric.d0d58ab
	- shetiphiancore 1.21.1-1.1
	- shinyreroll 1.1.0+1.21.1
	   |-- adventure-platform-fabric 5.14.2
	   |    |-- net_kyori_adventure-api 4.17.0
	   |    |-- net_kyori_adventure-key 4.17.0
	   |    |-- net_kyori_adventure-platform-api 4.3.3
	   |    |-- net_kyori_adventure-text-logger-slf4j 4.17.0
	   |    |-- net_kyori_adventure-text-minimessage 4.17.0
	   |    |-- net_kyori_adventure-text-serializer-ansi 4.17.0
	   |    |-- net_kyori_adventure-text-serializer-gson 4.17.0
	   |    |-- net_kyori_adventure-text-serializer-json 4.17.0
	   |    |-- net_kyori_adventure-text-serializer-plain 4.17.0
	   |    |-- net_kyori_ansi 1.1.0
	   |    |-- net_kyori_examination-api 1.3.0
	   |    |-- net_kyori_examination-string 1.3.0
	   |    \-- net_kyori_option 1.0.0
	   \-- sgui 1.6.1+1.21.1
	- sophisticatedbackpacks 1.21.1-3.23.4.3.106
	- sophisticatedcore 1.21.1-1.2.9.21.168
	   |-- porting_lib_conditions 3.1.0-beta.47+1.21.1
	   |-- porting_lib_core 3.1.0-beta.47+1.21.1
	   |-- porting_lib_fluids 3.1.0-beta.47+1.21.1
	   |-- porting_lib_item_abilities 3.1.0-beta.47+1.21.1
	   |-- porting_lib_lazy_registration 3.1.0-beta.47+1.21.1
	   |-- porting_lib_level_events 3.1.0-beta.47+1.21.1
	   |-- porting_lib_loot 3.1.0-beta.47+1.21.1
	   |-- porting_lib_model_loader 3.1.0-beta.47+1.21.1
	   |-- porting_lib_render_types 3.1.0-beta.47+1.21.1
	   |-- porting_lib_transfer 3.1.0-beta.47+1.21.1
	   \-- team_reborn_energy 4.1.0
	- sophisticatedstorage 1.21.1-1.3.7.9.139
	- sound_physics_remastered 1.21.1-1.5.1
	- spawn_notification 1.7.3-fabric-2.3.0
	- squatgrow 21.1.4+mc1.21.1
	- stackdeobfuscator 1.4.3+08e71cc
	   |-- net_fabricmc_mapping-io 0.6.1
	   \-- stackdeobfuscator-common 1.4.3+08e71cc
	- storagedrawers 13.11.4
	- supermartijn642configlib 1.1.8
	- supermartijn642corelib 1.1.21
	- tim_core 1.7.3-fabric-1.32.0
	- tmcraft 1.4.18+1.7.3
	- toms_storage 2.3.0
	   \-- cardinal-components-block 6.1.0
	- traineraccessories 1.7.2-1.0.0
	- trainerattributeslib 1.7.2-1.0.2
	   \-- io_wispforest_accessories-common 1.1.0-beta.52+1.21.1-mojmap
	- trinkets 3.10.0
	- tsflareons-item-core 1.0.0
	- vanillabackport 1.1.7.10
	- villagerconfig 4.5.4
	   \-- fiber 0.23.0-2
	- virtualloot 0.3
	- waystones 21.1.37
	- wild_battle_api 1.1.2
	- xaerominimap 26.4.2
	   \-- xaerolib 1.7.1
	- xaeroworldmap 1.44.2
	   \-- xaerolib 1.7.1
	- yet_another_config_lib_v3 3.8.2+1.21.1-fabric
	   |-- com_twelvemonkeys_common_common-image 3.12.0
	   |-- com_twelvemonkeys_common_common-io 3.12.0
	   |-- com_twelvemonkeys_common_common-lang 3.12.0
	   |-- com_twelvemonkeys_imageio_imageio-core 3.12.0
	   |-- com_twelvemonkeys_imageio_imageio-metadata 3.12.0
	   \-- com_twelvemonkeys_imageio_imageio-webp 3.12.0
	- zamega 1.7.3
	- zfastnoise 1.0.13+1.21
[15:11:07] [main/INFO]: SpongePowered MIXIN Subsystem Version=0.8.7 Source=file:/C:/Cobblemon%20Server/libraries/net/fabricmc/sponge-mixin/0.17.3+mixin.0.8.7/sponge-mixin-0.17.3+mixin.0.8.7.jar Service=Knot/Fabric Env=SERVER
[15:11:07] [main/INFO]: Compatibility level set to JAVA_17
[15:11:07] [main/INFO]: Compatibility level set to JAVA_21
[15:11:07] [main/WARN]: Reference map 'beautify-refmap.json' for beautify.mixins.json could not be read. If this is a development environment you can ignore this message
[15:11:07] [main/INFO]: Initializing com.ishland.c2me.base.mixin
[15:11:07] [main/INFO]: Global Executor Parallelism: 10 configured, 10 evaluated, 10 default evaluated
[15:11:07] [main/INFO]: Initializing com.ishland.c2me.fixes.chunkio.threading_issues.mixin
[15:11:07] [main/INFO]: Initializing com.ishland.c2me.fixes.general.threading_issues.mixin
[15:11:07] [main/INFO]: Initializing com.ishland.c2me.fixes.worldgen.threading_issues.mixin
[15:11:07] [main/INFO]: Initializing com.ishland.c2me.fixes.worldgen.vanilla_bugs.mixin
[15:11:07] [main/INFO]: Initializing com.ishland.c2me.notickvd.mixin
[15:11:07] [main/INFO]: Initializing com.ishland.c2me.opts.allocs.mixin
[15:11:07] [main/INFO]: Initializing com.ishland.c2me.opts.chunkio.mixin
[15:11:07] [main/INFO]: Initializing com.ishland.c2me.opts.math.mixin
[15:11:07] [main/INFO]: Initializing com.ishland.c2me.opts.scheduling.mixin
[15:11:07] [main/INFO]: Initializing com.ishland.c2me.opts.worldgen.general.mixin
[15:11:07] [main/INFO]: Initializing com.ishland.c2me.opts.worldgen.vanilla.mixin
[15:11:07] [main/INFO]: Initializing com.ishland.c2me.rewrites.chunksystem.mixin
[15:11:07] [main/INFO]: Initializing com.ishland.c2me.rewrites.chunkio.mixin
[15:11:07] [main/INFO]: Initializing com.ishland.c2me.server.utils.mixin
[15:11:07] [main/INFO]: Initializing com.ishland.c2me.threading.lighting.mixin
[15:11:07] [main/WARN]: Reference map 'cobblemon-battle-extras-refmap.json' for cobblemon-battle-extras-common.mixins.json could not be read. If this is a development environment you can ignore this message
[15:11:07] [main/WARN]: Reference map 'mikeskills-common-refmap.json' for mixins.cobblemonmikeskills-common.json could not be read. If this is a development environment you can ignore this message
[15:11:07] [main/INFO]: Detected mod providing jigsaw unlimiting (com.convallyria.hugestructureblocks.HugeStructureBlocksMod), disabling CobbleSafari jigsaw mixins to avoid conflicts
[15:11:07] [main/WARN]: Reference map 'enderchests.refmap.json' for enderchests.mixins.json could not be read. If this is a development environment you can ignore this message
[15:11:07] [main/WARN]: Reference map 'enderchests.refmap.json' for enderchests.fabric.mixins.json could not be read. If this is a development environment you can ignore this message
[15:11:07] [main/WARN]: Reference map 'forgeconfigapiport.common.refmap.json' for forgeconfigapiport.common.mixins.json could not be read. If this is a development environment you can ignore this message
[15:11:07] [main/WARN]: Reference map 'geckolib.refmap.json' for geckolib.mixins.json could not be read. If this is a development environment you can ignore this message
[15:11:08] [main/INFO]: Option 'mixin.entity.collisions.fluid' requires 'mixin.util.block_tracking=true' but found 'false'. Setting 'mixin.entity.collisions.fluid=false'.
[15:11:08] [main/INFO]: Option 'mixin.experimental.entity.block_caching.block_support' requires 'mixin.util.block_tracking=true' but found 'false'. Setting 'mixin.experimental.entity.block_caching.block_support=false'.
[15:11:08] [main/INFO]: Option 'mixin.experimental.entity.block_caching.fluid_pushing' requires 'mixin.util.block_tracking=true' but found 'false'. Setting 'mixin.experimental.entity.block_caching.fluid_pushing=false'.
[15:11:08] [main/INFO]: Option 'mixin.experimental.entity.block_caching.block_touching' requires 'mixin.util.block_tracking=true' but found 'false'. Setting 'mixin.experimental.entity.block_caching.block_touching=false'.
[15:11:08] [main/INFO]: Option 'mixin.experimental.entity.block_caching.suffocation' requires 'mixin.util.block_tracking=true' but found 'false'. Setting 'mixin.experimental.entity.block_caching.suffocation=false'.
[15:11:08] [main/INFO]: Option 'mixin.experimental.entity.block_caching' requires 'mixin.util.block_tracking=true' but found 'false'. Setting 'mixin.experimental.entity.block_caching=false'.
[15:11:08] [main/INFO]: Loaded configuration file for Lithium: 150 options available, 0 override(s) found
[15:11:08] [main/INFO]: Loaded configuration file for ModernFix 5.25.1+mc1.21.1: 65 options available, 3 override(s) found
[15:11:08] [main/WARN]: Option 'mixin.bugfix.paper_chunk_patches' overriden (by mods [c2me]) to 'false'
[15:11:08] [main/WARN]: Option 'mixin.perf.cache_strongholds' overriden (by mods [c2me]) to 'false'
[15:11:08] [main/WARN]: Option 'mixin.bugfix.chunk_deadlock' overriden (by mods [c2me]) to 'false'
[15:11:08] [main/INFO]: Applying Nashorn fix
[15:11:08] [main/INFO]: Packet Fixer forge 1.20.5-1.21.X has been applied successfully.
[15:11:08] [main/WARN]: Reference map 'particular.refmap.json' for particular.mixins.json could not be read. If this is a development environment you can ignore this message
[15:11:08] [main/WARN]: Reference map 'particular.refmap.json' for particular.fabric.mixins.json could not be read. If this is a development environment you can ignore this message
[15:11:08] [main/WARN]: Reference map 'rechiseled.mixins.refmap.json' for rechiseled.mixins.json could not be read. If this is a development environment you can ignore this message
[15:11:08] [main/WARN]: Reference map 'supermartijn642configlib.mixins.refmap.json' for supermartijn642configlib.mixins.json could not be read. If this is a development environment you can ignore this message
[15:11:08] [main/WARN]: Reference map 'supermartijn642corelib.mixins.refmap.json' for supermartijn642corelib.mixins.json could not be read. If this is a development environment you can ignore this message
[15:11:08] [main/WARN]: Reference map 'villagerconfig.refmap.json' for villagerconfig-common.mixins.json could not be read. If this is a development environment you can ignore this message
[15:11:08] [main/WARN]: Reference map 'villagerconfig.refmap.json' for villagerconfig-fabric.mixins.json could not be read. If this is a development environment you can ignore this message
[15:11:08] [main/WARN]: Reference map 'waystones.refmap.json' for waystones.mixins.json could not be read. If this is a development environment you can ignore this message
[15:11:08] [main/WARN]: Reference map 'waystones.refmap.json' for waystones.fabric.mixins.json could not be read. If this is a development environment you can ignore this message
[15:11:08] [main/WARN]: Reference map 'yet_another_config_lib_v3.refmap.json' for yacl.mixins.json could not be read. If this is a development environment you can ignore this message
[15:11:08] [main/WARN]: Reference map 'yet_another_config_lib_v3.refmap.json' for yacl-fabric.mixins.json could not be read. If this is a development environment you can ignore this message
[15:11:08] [main/WARN]: Error loading class: net/minecraft/class_906 (java.lang.ClassNotFoundException: net/minecraft/class_906)
[15:11:08] [main/WARN]: @Mixin target net.minecraft.class_906 was not found porting_lib_item_abilities.mixins.json:FishingHookRendererMixin from mod porting_lib_item_abilities
[15:11:08] [main/WARN]: Error loading class: ca/spottedleaf/starlight/common/integration/v0/ChunkSystemHooks (java.lang.ClassNotFoundException: ca/spottedleaf/starlight/common/integration/v0/ChunkSystemHooks)
[15:11:08] [main/WARN]: @Mixin target ca/spottedleaf/starlight/common/integration/v0/ChunkSystemHooks was not found c2me-rewrites-chunk-system.mixins.json:scalablelux.MixinChunkSystemHooks from mod c2me-rewrites-chunk-system
[15:11:08] [main/WARN]: Error loading class: net/minecraft/class_4224 (java.lang.ClassNotFoundException: net/minecraft/class_4224)
[15:11:08] [main/WARN]: @Mixin target net.minecraft.class_4224 was not found mixins.cobblemon-common.json:ChannelMixin from mod cobblemon
[15:11:08] [main/WARN]: Error loading class: juuxel/adorn/block/variant/BlockVariantSets (java.lang.ClassNotFoundException: juuxel/adorn/block/variant/BlockVariantSets)
[15:11:08] [main/WARN]: @Mixin target juuxel.adorn.block.variant.BlockVariantSets was not found mixins.cobblemon-common.json:invoker.AdornRegisterInvoker from mod cobblemon
[15:11:08] [main/WARN]: Error loading class: net/minecraft/class_1140 (java.lang.ClassNotFoundException: net/minecraft/class_1140)
[15:11:08] [main/WARN]: @Mixin target net.minecraft.class_1140 was not found mixins.cobblemon-fabric.json:FabricSoundEngineMixin from mod cobblemon
[15:11:08] [main/WARN]: Error loading class: me/rufia/fightorflight/CobblemonFightOrFlight (java.lang.ClassNotFoundException: me/rufia/fightorflight/CobblemonFightOrFlight)
[15:11:08] [main/WARN]: @Mixin target me.rufia.fightorflight.CobblemonFightOrFlight was not found cobblemon_trials_edition.mixin.json:FightOrFlightMixin from mod cobblemontrialsedition
[15:11:09] [main/WARN]: Error loading class: us/timinc/mc/cobblemon/counter/CounterMod (java.lang.ClassNotFoundException: us/timinc/mc/cobblemon/counter/CounterMod)
[15:11:09] [main/WARN]: @Mixin target us.timinc.mc.cobblemon.counter.CounterMod was not found mixins.droploottables.json:CounterPresent from mod droploottables
[15:11:09] [main/WARN]: Error loading class: net/minecraft/class_287 (java.lang.ClassNotFoundException: net/minecraft/class_287)
[15:11:09] [main/WARN]: @Mixin target net.minecraft.class_287 was not found owo.mixins.json:BufferBuilderAccessor from mod owo
[15:11:09] [main/WARN]: Error loading class: net/minecraft/class_437 (java.lang.ClassNotFoundException: net/minecraft/class_437)
[15:11:09] [main/WARN]: @Mixin target net.minecraft.class_437 was not found owo.mixins.json:ScreenAccessor from mod owo
[15:11:09] [main/WARN]: Error loading class: net/minecraft/class_638 (java.lang.ClassNotFoundException: net/minecraft/class_638)
[15:11:09] [main/WARN]: @Mixin target net.minecraft.class_638 was not found porting_lib_level_events.mixins.json:client.ClientLevelMixin from mod porting_lib_level_events
[15:11:09] [main/WARN]: Error loading class: net/minecraft/class_918 (java.lang.ClassNotFoundException: net/minecraft/class_918)
[15:11:09] [main/WARN]: @Mixin target net.minecraft.class_918 was not found rctmod.mixins.json:client.ItemRendererMixin from mod rctmod
[15:11:09] [main/WARN]: Error loading class: net/minecraft/class_636 (java.lang.ClassNotFoundException: net/minecraft/class_636)
[15:11:09] [main/WARN]: @Mixin target net.minecraft.class_636 was not found shetiphiancore.fabric.mixins.json:SPC_Hook_MultiPlayerGameMode from mod shetiphiancore
[15:11:09] [main/WARN]: Error loading class: jeresources/api/util/BiomeHelper (java.lang.ClassNotFoundException: jeresources/api/util/BiomeHelper)
[15:11:09] [main/WARN]: Error loading class: yalter/mousetweaks/Main (java.lang.ClassNotFoundException: yalter/mousetweaks/Main)
[15:11:10] [main/INFO]: Registering config for libjf-translate-v1
[15:11:10] [main/INFO]: Registering config for respackopts
[15:11:10] [main/INFO]: Initializing MixinExtras via com.llamalad7.mixinextras.service.MixinExtrasServiceImpl(version=0.5.4).
[15:11:11] [main/WARN]: Error loading class: org/quiltmc/loader/api/plugin/ModContainerExt (java.lang.ClassNotFoundException: org/quiltmc/loader/api/plugin/ModContainerExt)
[15:11:11] [main/WARN]: Error loading class: org/quiltmc/loader/impl/util/DefaultLanguageAdapter (java.lang.ClassNotFoundException: org/quiltmc/loader/impl/util/DefaultLanguageAdapter)
[15:11:12] [main/WARN]: Invalid registry value type detected for PerfOS counters. Should be REG_DWORD. Ignoring: HKEY_LOCAL_MACHINE\SYSTEM\CurrentControlSet\Services\PerfOS\Performance\Disable Performance Counters.
[15:11:12] [main/INFO]: Loading Generated Config Loaders...
[15:11:12] [main/INFO]: Loaded 'neruina'
[15:11:13] [main/INFO]: Injecting BlockStateBase cache population hook into getOpacityIfCached from ca.spottedleaf.starlight.mixin.common.blockstate.BlockStateBaseMixin
[15:11:13] [main/INFO]: Injecting BlockStateBase cache population hook into isConditionallyFullOpaque from ca.spottedleaf.starlight.mixin.common.blockstate.BlockStateBaseMixin
[15:11:14] [main/WARN]: Method overwrite conflict for method_21740 in modernfix-common.mixins.json:perf.remove_biome_temperature_cache.BiomeMixin from mod modernfix, previously written by net.caffeinemc.mods.lithium.mixin.world.temperature_cache.BiomeMixin. Skipping method.
[15:11:16] [main/ERROR]: No data fixer registered for allay
[15:11:16] [main/ERROR]: No data fixer registered for area_effect_cloud
[15:11:16] [main/ERROR]: No data fixer registered for armadillo
[15:11:16] [main/ERROR]: No data fixer registered for armor_stand
[15:11:16] [main/ERROR]: No data fixer registered for arrow
[15:11:16] [main/ERROR]: No data fixer registered for axolotl
[15:11:16] [main/ERROR]: No data fixer registered for bat
[15:11:16] [main/ERROR]: No data fixer registered for bee
[15:11:16] [main/ERROR]: No data fixer registered for blaze
[15:11:16] [main/ERROR]: No data fixer registered for block_display
[15:11:16] [main/ERROR]: No data fixer registered for boat
[15:11:16] [main/ERROR]: No data fixer registered for bogged
[15:11:16] [main/ERROR]: No data fixer registered for breeze
[15:11:16] [main/ERROR]: No data fixer registered for breeze_wind_charge
[15:11:16] [main/ERROR]: No data fixer registered for camel
[15:11:16] [main/ERROR]: No data fixer registered for cat
[15:11:16] [main/ERROR]: No data fixer registered for cave_spider
[15:11:16] [main/ERROR]: No data fixer registered for chest_boat
[15:11:16] [main/ERROR]: No data fixer registered for chest_minecart
[15:11:16] [main/ERROR]: No data fixer registered for chicken
[15:11:16] [main/ERROR]: No data fixer registered for cod
[15:11:16] [main/ERROR]: No data fixer registered for command_block_minecart
[15:11:16] [main/ERROR]: No data fixer registered for cow
[15:11:16] [main/ERROR]: No data fixer registered for creeper
[15:11:16] [main/ERROR]: No data fixer registered for dolphin
[15:11:16] [main/ERROR]: No data fixer registered for donkey
[15:11:16] [main/ERROR]: No data fixer registered for dragon_fireball
[15:11:16] [main/ERROR]: No data fixer registered for drowned
[15:11:16] [main/ERROR]: No data fixer registered for egg
[15:11:16] [main/ERROR]: No data fixer registered for elder_guardian
[15:11:16] [main/ERROR]: No data fixer registered for end_crystal
[15:11:16] [main/ERROR]: No data fixer registered for ender_dragon
[15:11:16] [main/ERROR]: No data fixer registered for ender_pearl
[15:11:16] [main/ERROR]: No data fixer registered for enderman
[15:11:16] [main/ERROR]: No data fixer registered for endermite
[15:11:16] [main/ERROR]: No data fixer registered for evoker
[15:11:16] [main/ERROR]: No data fixer registered for evoker_fangs
[15:11:16] [main/ERROR]: No data fixer registered for experience_bottle
[15:11:16] [main/ERROR]: No data fixer registered for experience_orb
[15:11:16] [main/ERROR]: No data fixer registered for eye_of_ender
[15:11:16] [main/ERROR]: No data fixer registered for falling_block
[15:11:16] [main/ERROR]: No data fixer registered for firework_rocket
[15:11:16] [main/ERROR]: No data fixer registered for fox
[15:11:16] [main/ERROR]: No data fixer registered for frog
[15:11:16] [main/ERROR]: No data fixer registered for furnace_minecart
[15:11:16] [main/ERROR]: No data fixer registered for ghast
[15:11:16] [main/ERROR]: No data fixer registered for giant
[15:11:16] [main/ERROR]: No data fixer registered for glow_item_frame
[15:11:16] [main/ERROR]: No data fixer registered for glow_squid
[15:11:16] [main/ERROR]: No data fixer registered for goat
[15:11:16] [main/ERROR]: No data fixer registered for guardian
[15:11:16] [main/ERROR]: No data fixer registered for hoglin
[15:11:16] [main/ERROR]: No data fixer registered for hopper_minecart
[15:11:16] [main/ERROR]: No data fixer registered for horse
[15:11:16] [main/ERROR]: No data fixer registered for husk
[15:11:16] [main/ERROR]: No data fixer registered for illusioner
[15:11:16] [main/ERROR]: No data fixer registered for interaction
[15:11:16] [main/ERROR]: No data fixer registered for iron_golem
[15:11:16] [main/ERROR]: No data fixer registered for item
[15:11:16] [main/ERROR]: No data fixer registered for item_display
[15:11:16] [main/ERROR]: No data fixer registered for item_frame
[15:11:16] [main/ERROR]: No data fixer registered for ominous_item_spawner
[15:11:16] [main/ERROR]: No data fixer registered for fireball
[15:11:16] [main/ERROR]: No data fixer registered for llama
[15:11:16] [main/ERROR]: No data fixer registered for llama_spit
[15:11:16] [main/ERROR]: No data fixer registered for magma_cube
[15:11:16] [main/ERROR]: No data fixer registered for marker
[15:11:16] [main/ERROR]: No data fixer registered for minecart
[15:11:16] [main/ERROR]: No data fixer registered for mooshroom
[15:11:16] [main/ERROR]: No data fixer registered for mule
[15:11:16] [main/ERROR]: No data fixer registered for ocelot
[15:11:16] [main/ERROR]: No data fixer registered for painting
[15:11:16] [main/ERROR]: No data fixer registered for panda
[15:11:16] [main/ERROR]: No data fixer registered for parrot
[15:11:16] [main/ERROR]: No data fixer registered for phantom
[15:11:16] [main/ERROR]: No data fixer registered for pig
[15:11:16] [main/ERROR]: No data fixer registered for piglin
[15:11:16] [main/ERROR]: No data fixer registered for piglin_brute
[15:11:16] [main/ERROR]: No data fixer registered for pillager
[15:11:16] [main/ERROR]: No data fixer registered for polar_bear
[15:11:16] [main/ERROR]: No data fixer registered for potion
[15:11:16] [main/ERROR]: No data fixer registered for pufferfish
[15:11:16] [main/ERROR]: No data fixer registered for rabbit
[15:11:16] [main/ERROR]: No data fixer registered for ravager
[15:11:16] [main/ERROR]: No data fixer registered for salmon
[15:11:16] [main/ERROR]: No data fixer registered for sheep
[15:11:16] [main/ERROR]: No data fixer registered for shulker
[15:11:16] [main/ERROR]: No data fixer registered for shulker_bullet
[15:11:16] [main/ERROR]: No data fixer registered for silverfish
[15:11:16] [main/ERROR]: No data fixer registered for skeleton
[15:11:16] [main/ERROR]: No data fixer registered for skeleton_horse
[15:11:16] [main/ERROR]: No data fixer registered for slime
[15:11:16] [main/ERROR]: No data fixer registered for small_fireball
[15:11:16] [main/ERROR]: No data fixer registered for sniffer
[15:11:16] [main/ERROR]: No data fixer registered for snow_golem
[15:11:16] [main/ERROR]: No data fixer registered for snowball
[15:11:16] [main/ERROR]: No data fixer registered for spawner_minecart
[15:11:16] [main/ERROR]: No data fixer registered for spectral_arrow
[15:11:16] [main/ERROR]: No data fixer registered for spider
[15:11:16] [main/ERROR]: No data fixer registered for squid
[15:11:16] [main/ERROR]: No data fixer registered for stray
[15:11:16] [main/ERROR]: No data fixer registered for strider
[15:11:16] [main/ERROR]: No data fixer registered for tadpole
[15:11:16] [main/ERROR]: No data fixer registered for text_display
[15:11:16] [main/ERROR]: No data fixer registered for tnt
[15:11:16] [main/ERROR]: No data fixer registered for tnt_minecart
[15:11:16] [main/ERROR]: No data fixer registered for trader_llama
[15:11:16] [main/ERROR]: No data fixer registered for trident
[15:11:16] [main/ERROR]: No data fixer registered for tropical_fish
[15:11:16] [main/ERROR]: No data fixer registered for turtle
[15:11:16] [main/ERROR]: No data fixer registered for vex
[15:11:16] [main/ERROR]: No data fixer registered for villager
[15:11:16] [main/ERROR]: No data fixer registered for vindicator
[15:11:16] [main/ERROR]: No data fixer registered for wandering_trader
[15:11:16] [main/ERROR]: No data fixer registered for warden
[15:11:16] [main/ERROR]: No data fixer registered for wind_charge
[15:11:16] [main/ERROR]: No data fixer registered for witch
[15:11:16] [main/ERROR]: No data fixer registered for wither
[15:11:16] [main/ERROR]: No data fixer registered for wither_skeleton
[15:11:16] [main/ERROR]: No data fixer registered for wither_skull
[15:11:16] [main/ERROR]: No data fixer registered for wolf
[15:11:16] [main/ERROR]: No data fixer registered for zoglin
[15:11:16] [main/ERROR]: No data fixer registered for zombie
[15:11:16] [main/ERROR]: No data fixer registered for zombie_horse
[15:11:16] [main/ERROR]: No data fixer registered for zombie_villager
[15:11:16] [main/ERROR]: No data fixer registered for zombified_piglin
[15:11:17] [main/ERROR]: No data fixer registered for furnace
[15:11:17] [main/ERROR]: No data fixer registered for chest
[15:11:17] [main/ERROR]: No data fixer registered for trapped_chest
[15:11:17] [main/ERROR]: No data fixer registered for ender_chest
[15:11:17] [main/ERROR]: No data fixer registered for jukebox
[15:11:17] [main/ERROR]: No data fixer registered for dispenser
[15:11:17] [main/ERROR]: No data fixer registered for dropper
[15:11:17] [main/ERROR]: No data fixer registered for sign
[15:11:17] [main/ERROR]: No data fixer registered for hanging_sign
[15:11:17] [main/ERROR]: No data fixer registered for mob_spawner
[15:11:17] [main/ERROR]: No data fixer registered for piston
[15:11:17] [main/ERROR]: No data fixer registered for brewing_stand
[15:11:17] [main/ERROR]: No data fixer registered for enchanting_table
[15:11:17] [main/ERROR]: No data fixer registered for end_portal
[15:11:17] [main/ERROR]: No data fixer registered for beacon
[15:11:17] [main/ERROR]: No data fixer registered for skull
[15:11:17] [main/ERROR]: No data fixer registered for daylight_detector
[15:11:17] [main/ERROR]: No data fixer registered for hopper
[15:11:17] [main/ERROR]: No data fixer registered for comparator
[15:11:17] [main/ERROR]: No data fixer registered for banner
[15:11:17] [main/ERROR]: No data fixer registered for structure_block
[15:11:17] [main/ERROR]: No data fixer registered for end_gateway
[15:11:17] [main/ERROR]: No data fixer registered for command_block
[15:11:17] [main/ERROR]: No data fixer registered for shulker_box
[15:11:17] [main/ERROR]: No data fixer registered for bed
[15:11:17] [main/ERROR]: No data fixer registered for conduit
[15:11:17] [main/ERROR]: No data fixer registered for barrel
[15:11:17] [main/ERROR]: No data fixer registered for smoker
[15:11:17] [main/ERROR]: No data fixer registered for blast_furnace
[15:11:17] [main/ERROR]: No data fixer registered for lectern
[15:11:17] [main/ERROR]: No data fixer registered for bell
[15:11:17] [main/ERROR]: No data fixer registered for jigsaw
[15:11:17] [main/ERROR]: No data fixer registered for campfire
[15:11:17] [main/ERROR]: No data fixer registered for beehive
[15:11:17] [main/ERROR]: No data fixer registered for sculk_sensor
[15:11:17] [main/ERROR]: No data fixer registered for calibrated_sculk_sensor
[15:11:17] [main/ERROR]: No data fixer registered for sculk_catalyst
[15:11:17] [main/ERROR]: No data fixer registered for sculk_shrieker
[15:11:17] [main/ERROR]: No data fixer registered for chiseled_bookshelf
[15:11:17] [main/ERROR]: No data fixer registered for brushable_block
[15:11:17] [main/ERROR]: No data fixer registered for decorated_pot
[15:11:17] [main/ERROR]: No data fixer registered for crafter
[15:11:17] [main/ERROR]: No data fixer registered for trial_spawner
[15:11:17] [main/ERROR]: No data fixer registered for vault
[15:11:17] [main/WARN]: Error loading class: net/minecraft/class_315 (java.lang.ClassNotFoundException: net/minecraft/class_315)
[15:11:17] [main/WARN]: Error loading class: net/minecraft/class_310 (java.lang.ClassNotFoundException: net/minecraft/class_310)
[15:11:17] [main/WARN]: Error loading class: net/minecraft/class_304 (java.lang.ClassNotFoundException: net/minecraft/class_304)
[15:11:18] [main/INFO]: Vanilla bootstrap took 5582 milliseconds
[15:11:18] [main/INFO]: Setting up compat modules for Accessories!
[15:11:18] [main/INFO]: Registered Trinkets Reloaded Listeners
[15:11:18] [main/INFO]: Initializing Ballchange mod
[15:11:18] [main/INFO]: Mod proxy balm:permissions resolved as net.blay09.mods.balm.fabric.compat.FabricPermissionsAPIIntegration@7cae9695
[15:11:19] [main/INFO]: Registering Mod Blocks for carved_wood
[15:11:19] [main/INFO]: Registering Mod Block Entities for carved_wood
[15:11:19] [main/INFO]: Registering Mod Recipes for carved_wood
[15:11:20] [main/INFO]: EveryCompat module is not loaded
[15:11:20] [main/INFO]: [STDOUT]: CatchCombo: Loading...
[15:11:20] [main/WARN]: [Cobblebase] Skill file not found: /data/cobblebase/skills/archeologist.json
[15:11:20] [main/WARN]: [Cobblebase] Skill file not found: /data/cobblebase/skills/recruiter.json
[15:11:20] [main/INFO]: Loaded Cobble Capsule configs from C:\Cobblemon Server\config\cobblecapsule
[15:11:20] [main/INFO]: Optional compat: JEI=false, JER=false, Cloth Config=false, Cobblemon Utility+=true, Mega Showdown=true
[15:11:20] [main/INFO]: Cobble Capsule common initialization complete
[15:11:20] [main/INFO]: CobbleCuisine >> Loaded config in memory!
[15:11:20] [main/INFO]: CobbleCuisine >> Registering Effects...
[15:11:20] [main/INFO]: CobbleCuisine >> Registering Blocks...
[15:11:20] [main/INFO]: CobbleCuisine >> Registering Items...
[15:11:20] [main/INFO]: CobbleCuisine >> Injecting Loot Tables...
[15:11:20] [main/INFO]: CobbleCuisine >> Up and running! Time spent: 63.55ms
[15:11:20] [main/INFO]: Initializing Cobbledex 1.2.0...
[15:11:20] [main/INFO]: Cobbled Gacha Machine Fabric initialized!
[15:11:20] [main/ERROR]: No data fixer registered for cobbledollars:cobble_merchant
[15:11:20] [main/INFO]: Registering C2S receiver with id cobblefurnies:craft_recipe
[15:11:20] [main/INFO]: Registering C2S receiver with id cobblefurnies:toggle_stove_lid
[15:11:20] [main/WARN]: Error loading class: net/minecraft/class_465 (java.lang.ClassNotFoundException: net/minecraft/class_465)
[15:11:20] [main/WARN]: Error loading class: net/minecraft/class_1132 (java.lang.ClassNotFoundException: net/minecraft/class_1132)
[15:11:20] [main/INFO]: Booting LaxPermissionValidator, permissions will be checked using Minecrafts permission level system, see https://minecraft.fandom.com/wiki/Permission_level
[15:11:21] [main/INFO]: Launching Cobblemon 1.7.3 
[15:11:21] [main/INFO]: Booting FabricPermissionValidator, permissions will be checked using fabric-permissions-api, see https://github.com/lucko/fabric-permissions-api
[15:11:21] [main/ERROR]: No data fixer registered for cobblemon:pokemon
[15:11:21] [main/ERROR]: No data fixer registered for cobblemon:empty_pokeball
[15:11:21] [main/ERROR]: No data fixer registered for cobblemon:boat
[15:11:21] [main/ERROR]: No data fixer registered for cobblemon:chest_boat
[15:11:21] [main/ERROR]: No data fixer registered for cobblemon:poke_bobber
[15:11:21] [main/ERROR]: No data fixer registered for cobblemon:generic_bedrock
[15:11:21] [main/ERROR]: No data fixer registered for cobblemon:npc
[15:11:22] [main/WARN]: Error loading class: net/minecraft/class_746 (java.lang.ClassNotFoundException: net/minecraft/class_746)
[15:11:22] [main/INFO]: Starting the Best Spawner...
[15:11:22] [main/INFO]: Loaded 7 spawning condition types.
[15:11:22] [main/INFO]: Loaded 6 spawnable position types.
[15:11:22] [main/INFO]: Loaded 3 spawn detail types.
[15:11:22] [Cobblemon Showdown/INFO]: Starting showdown service...
[15:11:22] [Cobblemon Showdown/INFO]: Showdown files are up to date (v1.0.0).
[15:11:24] [Cobblemon Showdown/INFO]: Showdown has been started!
[15:11:24] [main/INFO]: Note: Cobblemon data registries are only loaded once per server instance as Pokémon species are not safe to reload.
[15:11:24] [main/INFO]: Registered the mega_showdown:mega_showdown/custom_status registry
[15:11:24] [main/INFO]: Registered the mega_showdown:mega_showdown/showdown/moves registry
[15:11:24] [main/INFO]: Registered the mega_showdown:mega_showdown/showdown/ability registry
[15:11:24] [main/INFO]: Registered the mega_showdown:mega_showdown/showdown/conditions registry
[15:11:24] [main/INFO]: Registered the mega_showdown:mega_showdown/showdown/held_items registry
[15:11:24] [main/INFO]: Registered the mega_showdown:mega_showdown/showdown/typecharts registry
[15:11:24] [main/INFO]: Registered the mega_showdown:mega_showdown/showdown/scripts registry
[15:11:24] [main/INFO]: Registered the cobblemon:molang registry
[15:11:24] [main/INFO]: Registered the cobblemon:species_features registry
[15:11:24] [main/INFO]: Registered the cobblemon:global_species_features registry
[15:11:24] [main/INFO]: Registered the cobblemon:species_feature_assignments registry
[15:11:24] [main/INFO]: Registered the cobblemon:action_effects registry
[15:11:24] [main/INFO]: Registered the cobblemon:moves registry
[15:11:24] [main/INFO]: Registered the cobblemon:abilities registry
[15:11:24] [main/INFO]: Registered the cobblemon:behaviours registry
[15:11:24] [main/INFO]: Registered the cobblemon:species registry
[15:11:24] [main/INFO]: Registered the cobblemon:species_additions registry
[15:11:24] [main/INFO]: Registered the cobblemon:pokeballs registry
[15:11:24] [main/INFO]: Registered the cobblemon:properties_tab_completion registry
[15:11:24] [main/INFO]: Registered the cobblemon:spawn_detail_presets registry
[15:11:24] [main/INFO]: Registered the cobblemon:spawn_rules registry
[15:11:24] [main/INFO]: Registered the cobblemon:mechanics registry
[15:11:24] [main/INFO]: Registered the cobblemon:bag_items registry
[15:11:24] [main/INFO]: Registered the cobblemon:held_items registry
[15:11:24] [main/INFO]: Registered the cobblemon:dialogues registry
[15:11:24] [main/INFO]: Registered the cobblemon:natural_materials registry
[15:11:24] [main/INFO]: Registered the cobblemon:fossils registry
[15:11:24] [main/INFO]: Registered the cobblemon:npc_preset registry
[15:11:24] [main/INFO]: Registered the cobblemon:npc registry
[15:11:24] [main/INFO]: Registered the cobblemon:dex_entries registry
[15:11:24] [main/INFO]: Registered the cobblemon:dex_entry_additions registry
[15:11:24] [main/INFO]: Registered the cobblemon:dexes registry
[15:11:24] [main/INFO]: Registered the cobblemon:dex_additions registry
[15:11:24] [main/INFO]: Registered the cobblemon:cosmetic_items registry
[15:11:24] [main/INFO]: Registered the cobblemon:callbacks registry
[15:11:24] [main/INFO]: Registered the cobblemon:unlockable_pc_box_wallpapers registry
[15:11:24] [main/INFO]: Registered the cobblemon:marks registry
[15:11:24] [main/INFO]: Registered the cobblemon:starters registry
[15:11:24] [main/INFO]: Registered the cobblemon:spawn_pool_world registry
[15:11:24] [main/INFO]: Registered the cobblemon:pokerods registry
[15:11:24] [main/INFO]: Registered the cobblemon:berries registry
[15:11:24] [main/INFO]: Registered the cobblemon:seasonings registry
[15:11:24] [main/INFO]: Registered the cobblemon:pokemon_interactions registry
[15:11:24] [main/INFO]: Registered the cobblemon:spawn_bait_effects registry
[15:11:24] [main/INFO]: Registered the cobblemon:ride_settings registry
[15:11:25] [main/INFO]: Datagen: LootTableScanner disabled (set enableLootScan=true to enable).
[15:11:25] [main/INFO]: Datagen: ItemScanner disabled (set enableItemScan=true to enable).
[15:11:25] [main/INFO]: Mod compatibility check results: {cobblepedia=false, fightorflight=false, cobblenav=true, sophisticatedbackpacks=true, waystones=true, cobbledollars=true, travelersbackpack=false}
[15:11:25] [main/INFO]: Loaded lootRollMultiplierPercent = 100.0%
[15:11:25] [main/INFO]: ModifyLootTables initialized; loaded 11 configured tables
[15:11:25] [main/INFO]: LootRollScaler initialized
[15:11:25] [main/INFO]: Cobblemon Additions mod initialized successfully.
[15:11:25] [main/INFO]: Species-aware card rarity enabled: true, capture/faint weighting: true, overrides: 0
[15:11:25] [main/INFO]: Registering ModBlocks for cobblemon-cards
[15:11:25] [main/INFO]: Registering Block Entities for cobblemon-cards
[15:11:25] [main/INFO]: Registering Menu Types for cobblemon-cards
[15:11:25] [main/INFO]: CobblemonCards: Registering binders and master album as Accessories!
[15:11:25] [main/INFO]: Cobblemon Environment Interactions initialized.
[15:11:25] [main/INFO]: Cobblemon Battle Tower initializing...
[15:11:25] [main/INFO]: RCT API initialized for Battle Tower
[15:11:25] [main/INFO]: Battle Tower blocks registered
[15:11:25] [main/ERROR]: No data fixer registered for battle_tower_trainer
[15:11:25] [main/INFO]: Registering Battle Tower entities
[15:11:25] [main/INFO]: Battle Tower creative tabs registered
[15:11:25] [main/INFO]: Battle Tower network initialized
[15:11:25] [main/INFO]: Battle Tower event handlers registered
[15:11:25] [main/INFO]: [STDOUT]: Initializing cobblemon_capture_notification
[15:11:25] [main/INFO]: [STDOUT]: Loading config...
[15:11:25] [main/INFO]: [STDOUT]: Config exists at: C:\Cobblemon Server\.\config\capture_notification_config.json
[15:11:25] [main/INFO]: [STDOUT]: Initializing config for the first time
[15:11:25] [main/INFO]: [STDOUT]: Loading existing config from: C:\Cobblemon Server\.\config\capture_notification_config.json
[15:11:25] [main/INFO]: [STDOUT]: Saving config to: C:\Cobblemon Server\.\config\capture_notification_config.json
[15:11:25] [main/INFO]: [STDOUT]: Config saved successfully
[15:11:25] [main/INFO]: [STDOUT]: Config initialized successfully: C:\Cobblemon Server\.\config\capture_notification_config.json
[15:11:25] [main/INFO]: [STDOUT]: Config loaded successfully
[15:11:25] [main/INFO]: [STDOUT]: Registering server lifecycle events
[15:11:25] [main/INFO]: [STDOUT]: Registering commands
[15:11:25] [main/INFO]: [STDOUT]: Registering capture event
[15:11:25] [main/INFO]: [STDOUT]: Capture event registered successfully
[15:11:25] [main/INFO]: [STDOUT]: cobblemon_capture_notification initialized successfully
[15:11:25] [main/INFO]: Loaded 5 augment definitions
[15:11:25] [main/INFO]: Cobblemon lock event hooks registered
[15:11:25] [main/INFO]: Cobblemon Expeditions initialized
[15:11:25] [main/ERROR]: No data fixer registered for seat
[15:11:25] [main/INFO]: Registering C2S receiver with id cobblemon_picnic:recall_party
[15:11:25] [main/INFO]: Registering C2S receiver with id cobblemon_picnic:wash_pokemon
[15:11:25] [main/INFO]: Registering C2S receiver with id cobblemon_picnic:slimeball_play
[15:11:25] [main/INFO]: Registering C2S receiver with id cobblemon_picnic:reroll_request
[15:11:25] [main/INFO]: Cobblemon Picnic initialized - place a Picnic Table, left-click it to re-roll wild spawns, right-click for its settings.
[15:11:25] [main/WARN]: Tried to register resource reload listener cobblemon_smartphone:datapack_actions twice!
[15:11:25] [main/INFO]: Trinkets integration enabled - registered 16 smartphones
[15:11:25] [main/INFO]: Trinkets compatibility initialized successfully
[15:11:25] [main/INFO]: Accessories compatibility initialized successfully
[15:11:25] [main/INFO]: SNAP: Initializing Cobblemon Snap...
[15:11:25] [main/INFO]: SNAP STORAGE: Config loaded (backend: file)
[15:11:25] [main/INFO]: SNAP: Research bonus handlers registered
[15:11:25] [main/INFO]: SNAP: Registered items and creative tab
[15:11:25] [main/INFO]: SNAP: Registered networking
[15:11:25] [main/INFO]: SNAP: Cobblemon Snap initialized (Fabric)
[15:11:25] [main/INFO]: Registering Mod Items
[15:11:25] [main/INFO]: Initializing Cobblemon Battle Positions
[15:11:25] [main/INFO]: Position blocks registered
[15:11:25] [main/INFO]: Creative tab registered
[15:11:25] [main/INFO]: Cobblemon Battle Positions ready
[15:11:25] [main/INFO]: Registering C2S receiver with id cobblemonexpall:toggle_exp_share
[15:11:25] [main/INFO]: Registering C2S receiver with id cobblemonexpall:toggle_ev_share
[15:11:25] [main/INFO]: Fabric Mod init
[15:11:25] [main/INFO]: CobblemonExtras - Initialized
[15:11:25] [main/INFO]: [STDOUT]: Loading config file found at: C:\Cobblemon Server\config\cobblemonextras\config.json
[15:11:26] [main/INFO]: Checking for config merge.
[15:11:26] [main/INFO]: Checking for config merge.
[15:11:26] [main/INFO]: Checking for config merge.
[15:11:26] [main/INFO]: Checking for config merge.
[15:11:26] [main/INFO]: [STDOUT]: Saving config to: C:\Cobblemon Server\config\cobblemonextras\config.json
[15:11:26] [main/INFO]: CobblemonExtras - Custom Model Data
[15:11:26] [main/INFO]: IV Token: 102
[15:11:26] [main/INFO]: EV Token: 103
[15:11:26] [main/INFO]: Nature Token: 101
[15:11:26] [main/INFO]: Shiny Token: 100
[15:11:26] [main/INFO]: Shiny Ball: 100
[15:11:26] [main/INFO]: ShowcaseService - Initializing...
[15:11:26] [main/ERROR]: Invalid API Secret, please goto https://cobblemonextras.com/showcase to get your API Secret
[15:11:26] [main/INFO]: Failed to enable Showcase
[15:11:26] [main/ERROR]: Invalid API Secret, please goto https://cobblemonextras.com/showcase to get your API Secret
[15:11:26] [main/INFO]: Initializing cobblemongocatch - Cobblemon present: true
[15:11:26] [main/INFO]: cobblemongocatch initialized
[15:11:26] [main/INFO]: Initializing Cobblemon Mike Skills (Fabric)
[15:11:26] [main/INFO]: Mike Skills: registered 70 advancement triggers
[15:11:26] [main/INFO]: Mike Skills loading configuration...
[15:11:26] [main/INFO]: Mike Skills config found, reading...
[15:11:26] [main/INFO]: Mike Skills lang loaded (354 keys from lang.cfg)
[15:11:26] [main/INFO]: Mike Skills config summary:
[15:11:26] [main/INFO]:   drops: dig=true cut=true fishing=true mining=true
[15:11:26] [main/INFO]:   xpMultiplier: fishing=1.0 digging=1.0 cutting=1.0 insomnia=1.0 mining=1.0
[15:11:26] [main/INFO]:   ppCostMode=per_use cutRequireLeaves=true blockCountUsesPokemonAttack=true
[15:11:26] [main/INFO]:   minReqFriendship=0 friendshipGainOnAction=1
[15:11:26] [main/INFO]:   storageBackend=nbt
[15:11:26] [main/INFO]:   ladder: enabled=true pageSize=10
[15:11:26] [main/INFO]: Loading spawn table: pokemon_fishing_tables.json
[15:11:26] [main/INFO]: Loading spawn table: pokemon_digging_tables.json
[15:11:26] [main/INFO]:   source: bundled jar (data/cobblemonmikeskills/tables/digging_tables_default.json)
[15:11:26] [main/ERROR]: Failed to load pokemon_digging_tables.json: com.google.gson.stream.MalformedJsonException: Use JsonReader.setLenient(true) to accept malformed JSON at line 689 column 2 path $ — using Kotlin defaults
[15:11:26] [main/INFO]: Loading spawn table: pokemon_cutting_tables.json
[15:11:26] [main/INFO]: Loading spawn table: pokemon_mining_tables.json
[15:11:26] [main/INFO]: Loading spawn table: pokemon_insomnia_tables.json
[15:11:26] [main/INFO]: Mike Skills finished loading.
[15:11:26] [main/INFO]: Initializing cobblemonminigames
[15:11:26] [main/INFO]: Loaded config.yml
[15:11:26] [main/INFO]: Loaded cobblemonminigames configs at C:\Cobblemon Server\config\cobblemonminigames
[15:11:26] [main/INFO]: Registering custom sounds for cobblemonminigames
[15:11:26] [main/INFO]: Registering blocks for cobblemonminigames
[15:11:26] [main/INFO]: Registering network receivers for cobblemonminigames
[15:11:26] [main/INFO]: Registering C2S receiver with id cobblemonminigames:roulette_action
[15:11:26] [main/INFO]: Registering C2S receiver with id cobblemonminigames:slot_machine_action
[15:11:26] [main/INFO]: Registering C2S receiver with id cobblemonminigames:snake_action
[15:11:26] [main/INFO]: Registering C2S receiver with id cobblemonminigames:flappybird_action
[15:11:26] [main/INFO]: Registering C2S receiver with id cobblemonminigames:block_stacker_action
[15:11:26] [main/INFO]: Registering C2S receiver with id cobblemonminigames:derby_action
[15:11:26] [main/INFO]: Registering C2S receiver with id cobblemonminigames:voltorb_flip_action
[15:11:26] [main/INFO]: Registering C2S receiver with id cobblemonminigames:blackjack_action
[15:11:26] [main/INFO]: Registering C2S receiver with id cobblemonminigames:gacha_action
[15:11:26] [main/INFO]: Registering C2S receiver with id cobblemonminigames:home_action
[15:11:26] [main/INFO]: Registering C2S receiver with id cobblemonminigames:arcade_view_action
[15:11:26] [main/INFO]: Registering C2S receiver with id cobblemonminigames:shop_buy
[15:11:26] [main/INFO]: Registering C2S receiver with id cobblemonminigames:coin_case_action
[15:11:26] [main/INFO]: Initialising cobblemonraiddens
[15:11:26] [main/INFO]: Loaded 1025 species tasks from unified database
[15:11:26] [main/INFO]: Loaded 1025 species tasks from unified database
[15:11:26] [main/INFO]: Cobblemon Mastery event handlers registered.
[15:11:26] [main/INFO]: Cobblemon Mastery initialized
[15:11:26] [main/INFO]: Registering Mod Blocks for cobblemontrialsedition
[15:11:26] [main/INFO]: Registering Block Entities for cobblemontrialsedition
[15:11:26] [main/INFO]: Registering Particles for cobblemontrialsedition
[15:11:26] [main/INFO]: Registering Potions for cobblemontrialsedition
[15:11:26] [main/INFO]: Registering Mod Sounds forcobblemontrialsedition
[15:11:26] [main/INFO]: Registering Item Groups for cobblemontrialsedition
[15:11:26] [main/INFO]: Registering Processors for cobblemontrialsedition
[15:11:26] [main/INFO]: Registered the cobblenav:biome_platforms registry
[15:11:26] [main/INFO]: Registering cobblenav data store types!
[15:11:26] [main/INFO]: CobbleSafari initializing...
[15:11:26] [main/INFO]: CobbleSafari registering game objects...
[15:11:26] [main/INFO]: CobbleSafari >> encounter_boost_config.json loaded successfully from .\config\cobblesafari\encounter_boost_config.json
[15:11:26] [main/INFO]: CobbleSafari >> Registering spawn boost effects...
[15:11:27] [main/INFO]: Registering blocks for cobblesafari
[15:11:27] [main/INFO]: Registering block entities for cobblesafari
[15:11:27] [main/INFO]: Registering features for cobblesafari
[15:11:27] [main/INFO]: Registering data components for cobblesafari
[15:11:27] [main/INFO]: Registering items for cobblesafari
[15:11:27] [main/INFO]: Found 8 disc-obtainable rotomphone skins
[15:11:27] [main/ERROR]: No data fixer registered for cobblesafari:hiker
[15:11:27] [main/ERROR]: No data fixer registered for cobblesafari:cstrader_npc
[15:11:27] [main/ERROR]: No data fixer registered for cobblesafari:balloon
[15:11:27] [main/ERROR]: No data fixer registered for cobblesafari:balloon_safari
[15:11:27] [main/ERROR]: No data fixer registered for cobblesafari:hyperspace_boat
[15:11:27] [main/ERROR]: No data fixer registered for cobblesafari:hyperspace_chest_boat
[15:11:27] [main/ERROR]: No data fixer registered for cobblesafari:thrown_mud_ball
[15:11:27] [main/ERROR]: No data fixer registered for cobblesafari:thrown_bait
[15:11:27] [main/ERROR]: No data fixer registered for cobblesafari:thrown_balm
[15:11:27] [main/ERROR]: No data fixer registered for cobblesafari:thrown_red_chain
[15:11:27] [main/ERROR]: No data fixer registered for cobblesafari:csboss
[15:11:27] [main/ERROR]: No data fixer registered for cobblesafari:csboss_minion
[15:11:27] [main/INFO]: Registering entities for cobblesafari
[15:11:27] [main/INFO]: Registering structure processors for cobblesafari
[15:11:27] [main/INFO]: CobbleSafari >> Custom statistics registered!
[15:11:27] [main/INFO]: CobbleSafari >> Advancement criteria registered!
[15:11:27] [main/INFO]: CobbleSafari >> dimensional_timer_config.json loaded successfully from .\config\cobblesafari\dimensional_timer_config.json
[15:11:27] [main/INFO]: CobbleSafari >> incubator_config.json loaded successfully from .\config\cobblesafari\incubator_config.json
[15:11:27] [main/INFO]: CobbleSafari >> Persisting incubator_config.json after load (validated schema)
[15:11:27] [main/INFO]: CobbleSafari >> incubator_config.json written to .\config\cobblesafari\incubator_config.json
[15:11:27] [main/INFO]: CobbleSafari >> safari_config.json loaded successfully from .\config\cobblesafari\safari_config.json
[15:11:27] [main/INFO]: CobbleSafari >> Persisting safari_config.json after load (validated schema)
[15:11:27] [main/INFO]: CobbleSafari >> safari_config.json written to .\config\cobblesafari\safari_config.json
[15:11:27] [main/INFO]: CobbleSafari >> encounter_boost_config.json loaded successfully from .\config\cobblesafari\encounter_boost_config.json
[15:11:27] [main/INFO]: Dungeon portal config saved to .\config\cobblesafari\dungeon_spawn_config.json
[15:11:27] [main/INFO]: Dungeon portal config loaded from .\config\cobblesafari\dungeon_spawn_config.json
[15:11:27] [main/INFO]: CobbleSafari >> dimensional_restrictions_config.json loaded successfully from .\config\cobblesafari\dimensional_restrictions_config.json
[15:11:27] [main/INFO]: CobbleSafari >> misc_config.json loaded successfully from .\config\cobblesafari\misc_config.json
[15:11:27] [main/INFO]: CobbleSafari >> Persisting misc_config.json after load (canonical schema on disk)
[15:11:27] [main/INFO]: CobbleSafari >> misc_config.json written to .\config\cobblesafari\misc_config.json
[15:11:27] [main/INFO]: CobbleSafari >> secretbase_pc_config.json loaded successfully from .\config\cobblesafari\secretbase_pc_config.json
[15:11:27] [main/INFO]: CobbleSafari >> Persisting secretbase_pc_config.json after load (validated schema)
[15:11:27] [main/INFO]: CobbleSafari >> secretbase_pc_config.json written to .\config\cobblesafari\secretbase_pc_config.json
[15:11:27] [main/INFO]: CobbleSafari >> randomizer_items_config.json loaded successfully from .\config\cobblesafari\randomizer_items_config.json
[15:11:27] [main/INFO]: CobbleSafari >> Persisting randomizer_items_config.json after load (normalized null fields to defaults)
[15:11:27] [main/INFO]: CobbleSafari >> randomizer_items_config.json written to .\config\cobblesafari\randomizer_items_config.json
[15:11:27] [main/INFO]: Rotom phone config loaded from .\config\cobblesafari\rotomphone_config.json
[15:11:27] [main/INFO]: CobbleSafari >> wondertrade_settings.json loaded from .\config\cobblesafari\wondertrade_settings.json
[15:11:27] [main/INFO]: CobbleSafari >> csboss_settings.json loaded from .\config\cobblesafari\csboss_settings.json
[15:11:27] [main/INFO]: CobbleSafari >> csmusic_settings.json loaded from .\config\cobblesafari\csmusic_settings.json
[15:11:27] [main/INFO]: Registered 2 dungeon dimensions with total weight 2
[15:11:27] [main/INFO]: Registering Underground Minigame...
[15:11:27] [main/INFO]: [TreasureRegistry] Initialized (awaiting datapack load)
[15:11:27] [main/INFO]: Underground Minigame registered!
[15:11:27] [main/INFO]: CobbleSafari >> Dimensional ban event handlers registered!
[15:11:27] [main/INFO]: CobbleSafari >> Safari catch event handlers registered!
[15:11:27] [main/INFO]: CobbleSafari >> Red Shackled catch handler registered!
[15:11:27] [main/INFO]: CobbleSafari >> Dimensional objectives manager registered!
[15:11:27] [main/INFO]: CobbleSafari initialized successfully!
[15:11:27] [main/INFO]: Registered Rotom Phone + Rotie Earpiece accessories
[15:11:27] [main/INFO]: CobbleSafari Fabric module loaded!
[15:11:27] [main/INFO]: Registering items
[15:11:27] [main/INFO]: Registering data components
[15:11:27] [main/INFO]: Registering Mod Items for cozyhome
[15:11:27] [main/INFO]: Registering ModBlocks for cozyhome
[15:11:27] [main/INFO]: Registering block entities for cozyhome
[15:11:27] [main/INFO]: Registering Item Groups for cozyhome
[15:11:27] [main/INFO]: Registering Sounds for cozyhome
[15:11:27] [main/INFO]: Registering Mod Data Components for cozyhome
[15:11:27] [main/INFO]: Initiating crd_broadcasts
[15:11:27] [main/INFO]: Initiating crd_converters
[15:11:27] [main/INFO]: Enabled 28 bug fixes: [MC-2025, MC-7569, MC-8187, MC-30391, MC-69216, MC-88371, MC-89146, MC-93018, MC-100991, MC-119417, MC-119754, MC-121706, MC-121903, MC-129909, MC-132878, MC-135971, MC-155509, MC-160095, MC-179072, MC-183990, MC-199467, MC-200418, MC-206922, MC-215530, MC-223153, MC-224729, MC-231743, MC-232869]
[15:11:27] [main/INFO]: Successfully Debugify'd your game!
[15:11:27] [main/INFO]: Detected Java version 21. Enabling Java 16 features.
[15:11:27] [main/INFO]: [EssentialCommands]: Mod Load Initiated.
[15:11:27] [main/INFO]: [EssentialCommands]: Mod Load Complete.
[15:11:28] [main/INFO]: [FANCYMENU] Loading v3.9.8 in server-side mode on FABRIC!
[15:11:28] [main/ERROR]: No data fixer registered for handcrafted
[15:11:28] [main/INFO]: Huge Structure Blocks is now making your structure blocks even bigger!
[15:11:28] [main/INFO]: New structure size = 512
[15:11:28] [main/INFO]: Setting up file watchers
[15:11:28] [main/INFO]: [KONKRETE] Loading v1.9.9 in server-side mode on FABRIC!
[15:11:28] [main/INFO]: ---------------------------
[15:11:28] [main/INFO]: KONKRETE SHIPS AND USES THE FOLLOWING LIBRARIES:
[15:11:28] [main/INFO]:  
[15:11:28] [main/INFO]: Open Imaging Copyright © 2014 Dhyan Blum.
[15:11:28] [main/INFO]: Open Imaging is licensed under Apache-2.0.
[15:11:28] [main/INFO]:  
[15:11:28] [main/INFO]: JsonPath Copyright © 2017 Jayway.
[15:11:28] [main/INFO]: JsonPath is licensed under Apache-2.0.
[15:11:28] [main/INFO]:  
[15:11:28] [main/INFO]: Json-smart Copyright © netplex.
[15:11:28] [main/INFO]: Json-smart is licensed under Apache-2.0.
[15:11:28] [main/INFO]:  
[15:11:28] [main/INFO]: Exp4j Copyright © Frank Asseg.
[15:11:28] [main/INFO]: Exp4j is licensed under Apache-2.0. https://github.com/fasseg/exp4j
[15:11:28] [main/INFO]: ---------------------------
[15:11:28] [main/INFO]: [KONKRETE] Server-side modules initialized and ready to use!
[15:11:28] [main/INFO]: Compression will use Java, encryption will use Java
[15:11:28] [main/INFO]: Initializing Legendary Monuments mod!
[15:11:28] [main/INFO]: Registering mod entities for legendarymonuments
[15:11:28] [main/INFO]: Registered alternative Distortion World chunk generator
[15:11:28] [main/INFO]: Registering Distortion World dimension
[15:11:28] [main/INFO]: Registering structures for map discovery
[15:11:28] [main/INFO]: Registered Distortion Sign Block Entities
[15:11:28] [main/INFO]: Registering Block Entities for legendarymonuments
[15:11:28] [main/INFO]: Registered Legendary Pokemon Pedestal Block Entities
[15:11:28] [main/INFO]: Registered Eternatus Cocoon Block Entity
[15:11:28] [main/INFO]: Registering world generation features...
[15:11:28] [main/INFO]: Registered stake feature
[15:11:28] [main/INFO]: Registering Block Entities for legendarymonuments
[15:11:28] [main/INFO]: Registered Legendary Pokemon Pedestal Block Entities
[15:11:28] [main/INFO]: Registered Eternatus Cocoon Block Entity
[15:11:28] [main/INFO]: Registered stake feature
[15:11:28] [main/INFO]: Registered stake placements for all nether biomes
[15:11:28] [main/INFO]: Registering ore generation...
[15:11:28] [main/INFO]: Registering ModPlacedFeatures for legendarymonuments
[15:11:28] [main/INFO]: Registering Galar Particle ore placed features
[15:11:28] [main/INFO]: Applying ore generation to biomes...
[15:11:28] [main/INFO]: Registering ore generation features...
[15:11:28] [main/INFO]: Adding Galar Particle ore features to biomes
[15:11:28] [main/INFO]: Successfully registered Galar Particle ore features
[15:11:28] [main/INFO]: Legendary Monuments mod initialization complete!
[15:11:28] [main/INFO]: Registering Custom Recipes for lumymon
[15:11:28] [ForkJoinPool.commonPool-worker-1/INFO]: A new version of Essential Commands is available. Current: '0.35.2-mc1.21' Latest: '0.38.5-mc1.21.8
'. Get the new version at https://modrinth.com/mod/essential-commands
[15:11:28] [main/INFO]: LumyMon v0.6.6 - Made by LUMYVERSE
[15:11:28] [main/INFO]: Registering C2S receiver with id mega_showdown:mega_evo
[15:11:28] [main/INFO]: Registering C2S receiver with id mega_showdown:ultra_burst
[15:11:28] [main/INFO]: Registering C2S receiver with id mega_showdown:secret_sword_move_swap
[15:11:28] [main/WARN]: [MELODY] Disabling Melody since it's loaded server-side.
[15:11:28] [main/INFO]: Registering ModBlocks for moarconcrete
[15:11:29] [main/INFO]: Successfully loaded loot table configuration v2.
[15:11:29] [main/INFO]: Tick Events Registered
[15:11:29] [main/INFO]: Player Events Registered
[15:11:29] [main/INFO]: Life Cycle Events Registered
[15:11:29] [main/INFO]: Registered all conditions
[15:11:29] [main/INFO]: Registering C2S receiver with id mythsandlegends:trigger_transformation
[15:11:29] [main/INFO]: Registering C2S receiver with id mythsandlegends:trigger_zygarde_action
[15:11:29] [main/INFO]: Registered C2S network packets for Myths and Legends.
[15:11:29] [main/INFO]: Registered S2C SyncTransformConfigPacket payload type on server.
[15:11:29] [main/INFO]: NoChatRestrictions Fabric mod initialized!
[15:11:29] [main/INFO]: Did you know that Air is made of 78 percent nitrogen and 21 percent oxygen?
[15:11:29] [main/INFO]: I am quite particular about the effects I choose to add :3
[15:11:29] [main/INFO]: [STDOUT]: [UndergroundMining] Loaded settings.json successfully
[15:11:29] [main/INFO]: [STDOUT]: [UndergroundMining] Loaded loot.json successfully (124 treasures)
[15:11:29] [main/INFO]: [STDOUT]: [UndergroundMining] Loaded pokemon.json successfully
[15:11:29] [main/INFO]: [STDOUT]: [UndergroundMining] Loaded blocks.json successfully (8 block types)
[15:11:29] [main/INFO]: [Ping-Wheel] Init
[15:11:29] [main/INFO]: [Ping-Wheel] Loaded ServerConfig(defaultChannelMode=auto, playerTrackingEnabled=true, msToRegenerate=1000, rateLimit=5)
[15:11:29] [main/ERROR]: No data fixer registered for pokebike:red_bike
[15:11:29] [main/ERROR]: No data fixer registered for pokebike:blue_bike
[15:11:29] [main/ERROR]: No data fixer registered for pokebike:yellow_bike
[15:11:29] [main/ERROR]: No data fixer registered for pokebike:green_bike
[15:11:29] [main/ERROR]: No data fixer registered for pokebike:black_bike
[15:11:29] [main/ERROR]: No data fixer registered for pokebike:white_bike
[15:11:29] [main/ERROR]: No data fixer registered for pokebike:orange_bike
[15:11:29] [main/ERROR]: No data fixer registered for pokebike:magenta_bike
[15:11:29] [main/ERROR]: No data fixer registered for pokebike:light_blue_bike
[15:11:29] [main/ERROR]: No data fixer registered for pokebike:lime_bike
[15:11:29] [main/ERROR]: No data fixer registered for pokebike:pink_bike
[15:11:29] [main/ERROR]: No data fixer registered for pokebike:gray_bike
[15:11:29] [main/ERROR]: No data fixer registered for pokebike:light_gray_bike
[15:11:29] [main/ERROR]: No data fixer registered for pokebike:cyan_bike
[15:11:29] [main/ERROR]: No data fixer registered for pokebike:purple_bike
[15:11:29] [main/ERROR]: No data fixer registered for pokebike:brown_bike
[15:11:29] [main/ERROR]: No data fixer registered for pokebike:rainbow_bike
[15:11:29] [main/ERROR]: No data fixer registered for pokebike:diamond_bike
[15:11:29] [main/ERROR]: No data fixer registered for pokebike:emerald_bike
[15:11:29] [main/ERROR]: No data fixer registered for pokebike:iron_bike
[15:11:29] [main/ERROR]: No data fixer registered for pokebike:netherite_bike
[15:11:29] [main/ERROR]: No data fixer registered for pokebike:copper_bike
[15:11:29] [main/INFO]: Registering C2S receiver with id pokebike:bike_input
[15:11:29] [main/INFO]: Registering C2S receiver with id pokebike:bike_bell
[15:11:29] [main/INFO]: Registering C2S receiver with id pokebike:bike_headlight
[15:11:29] [main/INFO]: Registering ItemGroups for pokeblocks
[15:11:29] [main/INFO]: Registering ModItems for pokeblocks
[15:11:29] [main/INFO]: Registering ModBlocks for pokeblocks
[15:11:29] [main/INFO]: Registering mod entities for pokeblocks
[15:11:29] [main/ERROR]: No data fixer registered for trainer
[15:11:29] [main/ERROR]: No data fixer registered for trainer_association
[15:11:29] [main/INFO]: Registering C2S receiver with id rctmod:client_action
[15:11:29] [ToggleableConfigWatchService/INFO]: Registering config for libjf-config-core-v2
[15:11:29] [ToggleableConfigWatchService/INFO]: Created config watch service
[15:11:30] [main/INFO]: Registering C2S receiver with id roughlyenoughitems:request_tags_c2s
[15:11:30] [main/INFO]: [REI] Registered plugin provider DefaultPlugin [roughlyenoughitems] for REIPlugin
[15:11:30] [main/INFO]: [REI] Registered plugin provider DefaultRuntimePlugin [roughlyenoughitems] for REIPlugin
[15:11:30] [main/INFO]: [REI] Registered plugin provider REIServerCompat [sophisticatedbackpacks] for REIPlugin
[15:11:30] [main/INFO]: [REI] Registered plugin provider REIServerCompat [sophisticatedcore] for REIPlugin
[15:11:30] [main/INFO]: [REI] Registered plugin provider REIServerCompat [sophisticatedstorage] for REIPlugin
[15:11:30] [main/INFO]: [REI] Registered plugin provider DefaultPlugin [roughlyenoughitems] for REIServerPlugin
[15:11:30] [main/INFO]: [REI] Registered plugin provider DefaultRuntimePlugin [roughlyenoughitems] for REIServerPlugin
[15:11:30] [main/INFO]: [REI] Registered plugin provider REIServerCompat [sophisticatedbackpacks] for REIServerPlugin
[15:11:30] [main/INFO]: [REI] Registered plugin provider REIServerCompat [sophisticatedcore] for REIServerPlugin
[15:11:30] [main/INFO]: [REI] Registered plugin provider REIServerCompat [sophisticatedstorage] for REIServerPlugin
[15:11:30] [main/INFO]: [REI] Registered plugin provider FabricFluidAPISupportPlugin for REIServerPlugin
[15:11:30] [main/INFO]: [REI] Registered plugin provider FabricFluidAPISupportPlugin for REIPlugin
[15:11:30] [main/INFO]: Registering C2S receiver with id roughlyenoughitems:delete_item
[15:11:30] [main/INFO]: Registering C2S receiver with id roughlyenoughitems:create_item
[15:11:30] [main/INFO]: Registering C2S receiver with id roughlyenoughitems:create_item_grab
[15:11:30] [main/INFO]: Registering C2S receiver with id roughlyenoughitems:create_item_hotbar
[15:11:30] [main/INFO]: Registering C2S receiver with id roughlyenoughitems:move_items
[15:11:30] [main/INFO]: Registering C2S receiver with id roughlyenoughitems:move_items_new
[15:11:30] [main/ERROR]: No data fixer registered for shetiphiancore:gui_item
[15:11:30] [main/ERROR]: No data fixer registered for 
[15:11:30] [main/INFO]: Registering C2S receiver with id squatgrow:squat_grow_enabled
[15:11:30] [main/INFO]: Creating asynchronous mapping cache executor...
[15:11:30] [Mappings Cache Thread #1/INFO]: Verifying cache of yarn mappings...
[15:11:30] [Mappings Cache Thread #1/INFO]: Latest build for yarn is already cached (20 hour(s) ago, refresh in 28 hour(s))
[15:11:30] [Mappings Cache Thread #1/INFO]: Mappings for yarn build 1.21.1+build.3 are already downloaded
[15:11:30] [Mappings Cache Thread #1/INFO]: Verified cache of yarn mappings (took 1ms)
[15:11:30] [Mappings Cache Thread #1/INFO]: Parsing yarn mappings...
[15:11:31] [Mappings Cache Thread #1/INFO]: Parsed yarn mappings (took 129ms)
[15:11:31] [Mappings Cache Thread #1/INFO]: Caching yarn mappings...
[15:11:31] [Mappings Cache Thread #1/INFO]: Cached yarn mappings (took 43ms)
[15:11:31] [Mappings Cache Thread #1/INFO]: Cached mappings have been built (took 177ms)
[15:11:31] [Mappings Cache Thread #1/INFO]:   Classes: 7535
[15:11:31] [Mappings Cache Thread #1/INFO]:   Methods: 27638
[15:11:31] [Mappings Cache Thread #1/INFO]:   Fields: 32194
[15:11:31] [ForkJoinPool.commonPool-worker-1/INFO]: Shutting down asynchronous mapping cache executor...
[15:11:31] [ForkJoinPool.commonPool-worker-1/INFO]: Injecting into root logger...
[15:11:31] [main/INFO]: New compacting rule 4 minecraft:clay_ball = 1 minecraft:clay
[15:11:31] [main/INFO]: New compacting rule 4 minecraft:snowball = 1 minecraft:snow_block
[15:11:31] [main/INFO]: New compacting rule 4 minecraft:glowstone_dust = 1 minecraft:glowstone
[15:11:31] [main/INFO]: New compacting rule 4 minecraft:brick = 1 minecraft:bricks
[15:11:31] [main/INFO]: New compacting rule 4 minecraft:nether_brick = 1 minecraft:nether_bricks
[15:11:31] [main/INFO]: New compacting rule 9 minecraft:nether_wart = 1 minecraft:nether_wart_block
[15:11:31] [main/INFO]: New compacting rule 4 minecraft:quartz = 1 minecraft:quartz_block
[15:11:31] [main/INFO]: New compacting rule 9 minecraft:melon_slice = 1 minecraft:melon
[15:11:31] [main/INFO]: New compacting rule 9 minecraft:bamboo = 1 minecraft:bamboo_block
[15:11:31] [main/INFO]: New compacting rule 4 minecraft:clay_ball = 1 minecraft:clay
[15:11:31] [main/INFO]: New denied storage item storagedrawers:creative_vending_upgrade
[15:11:31] [main/INFO]: Adding ore conversions for types: c:storage_blocks, c:ingots, c:nuggets
[15:11:31] [main/INFO]: Adding ore conversions for materials: aluminum, constantan, steel, uranium, invar, tin, lead, silver, platinum, nickel, osmium, bronze, electrum
[15:11:31] [main/INFO]: Tom's Storage Setup starting
[15:11:31] [main/ERROR]: No data fixer registered for sulfur_cube
[15:11:31] [main/ERROR]: No data fixer registered for creaking
[15:11:31] [main/ERROR]: No data fixer registered for happy_ghast
[15:11:31] [main/ERROR]: No data fixer registered for pale_oak_boat
[15:11:31] [main/ERROR]: No data fixer registered for pale_oak_chest_boat
[15:11:32] [main/INFO]: Cobbreeding installed, making compatibility chances
[15:11:32] [main/INFO]: Cobbleworkers not installed, not making compatibility chances
[15:11:32] [main/INFO]: Wild Battle API initialising
[15:11:32] [main/INFO]: [wild_battle_api] Config loaded (defaultSmartAI=true, battleTowerBossOverride=true, outbreakBossOverride=true, debugLogMoveScoring=false, debugExplainTopChoices=false, wildPreset=hard, bossPreset=hard)
[15:11:32] [main/INFO]: [wild_battle_api] Rule config loaded (enabled=true, rules=3)
[15:11:32] [main/INFO]: Zamega Mod 正在初始化!
[15:11:32] [main/INFO]: Hello Fabric world!
[15:11:32] [main/INFO]: Registered action: Actions$$Lambda/0x000001fd55077388
[15:11:32] [main/INFO]: Registered action: Actions$$Lambda/0x000001fd55076f40
[15:11:32] [main/INFO]: Registered action: Actions$$Lambda/0x000001fd550777d0
[15:11:32] [main/INFO]: Krypton is now accelerating your Minecraft server's networking stack 🚀
[15:11:32] [main/INFO]: Registering common data for channel xaerolib:main!
[15:11:32] [main/INFO]: Loading primary common config for channel xaerolib:main!
[15:11:32] [main/INFO]: Loading server config profiles for channel xaerolib:main!
[15:11:32] [main/INFO]: Loading XaeroLib common 1/2!
[15:11:32] [main/INFO]: Loading XaeroLib server 1/2!
[15:11:32] [main/INFO]: Registering common data for channel xaerominimap:main!
[15:11:32] [main/INFO]: Loading primary common config for channel xaerominimap:main!
[15:11:32] [main/INFO]: Loading server config profiles for channel xaerominimap:main!
[15:11:32] [main/INFO]: Loading Xaero's Minimap - Stage 1/2 (Server)
[15:11:32] [main/INFO]: Registering common data for channel xaeroworldmap:main!
[15:11:32] [main/INFO]: Loading primary common config for channel xaeroworldmap:main!
[15:11:32] [main/INFO]: Loading server config profiles for channel xaeroworldmap:main!
[15:11:32] [main/INFO]: Loading Xaero's World Map - Stage 1/2 (Server)
[15:11:32] [main/ERROR]: Registry 'minecraft:wolf_sound_variant' was empty after loading
[15:11:32] [main/ERROR]: Registry 'minecraft:cow_variant' was empty after loading
[15:11:32] [main/ERROR]: Registry 'minecraft:chicken_variant' was empty after loading
[15:11:32] [main/ERROR]: Registry 'minecraft:pig_variant' was empty after loading
[15:11:32] [main/ERROR]: Registry 'vanillabackport:wolf_variant' was empty after loading
[15:11:32] [main/ERROR]: Registry 'vanillabackport:frog_variant' was empty after loading
[15:11:32] [main/ERROR]: Registry 'vanillabackport:cat_variant' was empty after loading
[15:11:32] [main/ERROR]: Registry 'vanillabackport:sulfur_cube_archetypes' was empty after loading
[15:11:33] [main/INFO]: Environment: Environment[sessionHost=https://sessionserver.mojang.com, servicesHost=https://api.minecraftservices.com, name=PROD]
[15:11:33] [main/INFO]: 1 chiseling plugins were registered: [rechiseled:datapacks]
[15:11:33] [main/INFO]: Found non-pack entry '.\world\datapacks\extra', ignoring
[15:11:33] [main/INFO]: Found non-pack entry '.\world\datapacks\extra', ignoring
[15:11:33] [main/ERROR]: Invalid path in mod resource-pack mr_legends_myths: lam:worldgen/structure/.DS_Store, ignoring
[15:11:33] [main/ERROR]: Invalid path in mod resource-pack mr_legends_myths: lam:worldgen/structure_set/.DS_Store, ignoring
[15:11:34] [main/ERROR]: Invalid path in mod resource-pack mr_legends_myths: lam:worldgen/template_pool/.DS_Store, ignoring
[15:11:34] [main/ERROR]: Invalid path in mod resource-pack cobblesafari: cobblemontrialsedition:cobblemontrialsedition/structures/cobblesafari-underground.json._BKP, ignoring
[15:11:35] [Worker-Main-3/WARN]: Found loot table element validation problem in {minecraft:loot_table/rctmod:generic/common}.pools[0].entries[6]: Unknown loot table called rctmod:generic/common/evolution
[15:11:35] [Worker-Main-3/WARN]: Found loot table element validation problem in {minecraft:loot_table/rctmod:generic/common}.pools[0].entries[5]: Unknown loot table called rctmod:generic/common/training
[15:11:36] [Worker-Main-3/INFO]: Registered Myths and Legends commands (using /mythsandlegends or /mal)
[15:11:36] [Worker-Main-3/INFO]: [STDOUT]: Registering /notification command...
[15:11:36] [Worker-Main-3/INFO]: [STDOUT]: Successfully registered /notification command
[15:11:36] [Worker-Main-3/INFO]: [STDOUT]: Commands registered successfully
[15:11:36] [Worker-Main-3/INFO]: CobblemonExtras registerCommands
[15:11:36] [Worker-Main-3/INFO]: Registering Mike Skills commands...
[15:11:36] [Worker-Main-3/INFO]: Registering 3 commands
[15:11:36] [Worker-Main-3/INFO]: Commands registered
[15:11:36] [Worker-Main-3/INFO]: Loading config file lenientdeath.json5
[15:11:37] [Worker-Main-6/INFO]: All Tags to be dealt with: [accessories:trinket_group_charm-utility_charm, accessories:trinket_group_charm-type_charm, accessories:belt, accessories:face, accessories:hand, accessories:hat, accessories:back, accessories:trinket_group_charm-shiny_charm, accessories:necklace, accessories:trinket_group_legs-smartphone]
[15:11:37] [Worker-Main-6/WARN]: [RuntimeTagModification] Adding Entries from [trinkets:charm/utility_charm] to [accessories:trinket_group_charm-utility_charm]: 
     [cobblemoncharms:exp_charm (from cobblemoncharms), cobblemoncharms:catch_charm (from cobblemoncharms)]
[15:11:37] [Worker-Main-6/WARN]: [RuntimeTagModification] Adding Entries from [trinkets:charm/type_charm] to [accessories:trinket_group_charm-type_charm]: 
     [cobblemoncharms:bug_charm (from cobblemoncharms), cobblemoncharms:dark_charm (from cobblemoncharms), cobblemoncharms:dragon_charm (from cobblemoncharms), cobblemoncharms:electric_charm (from cobblemoncharms), cobblemoncharms:fairy_charm (from cobblemoncharms), cobblemoncharms:fighting_charm (from cobblemoncharms), cobblemoncharms:fire_charm (from cobblemoncharms), cobblemoncharms:flying_charm (from cobblemoncharms), cobblemoncharms:ghost_charm (from cobblemoncharms), cobblemoncharms:grass_charm (from cobblemoncharms), cobblemoncharms:ground_charm (from cobblemoncharms), cobblemoncharms:ice_charm (from cobblemoncharms), cobblemoncharms:normal_charm (from cobblemoncharms), cobblemoncharms:poison_charm (from cobblemoncharms), cobblemoncharms:psychic_charm (from cobblemoncharms), cobblemoncharms:rock_charm (from cobblemoncharms), cobblemoncharms:steel_charm (from cobblemoncharms), cobblemoncharms:water_charm (from cobblemoncharms), cobblemoncharms:multi_charm (from cobblemoncharms)]
[15:11:37] [Worker-Main-6/WARN]: [RuntimeTagModification] Adding Entries from [trinkets:legs/belt] to [accessories:belt]: 
     [cobblemon-cards:leather_binder (from cobblemon-cards), cobblemon-cards:iron_binder (from cobblemon-cards), cobblemon-cards:gold_binder (from cobblemon-cards), cobblemon-cards:diamond_binder (from cobblemon-cards), cobblemon-cards:netherite_binder (from cobblemon-cards), enderchests:ender_bag (from enderchests), enderchests:ender_pouch (from enderchests), toms_storage:adv_wireless_terminal (from toms_storage)]
[15:11:37] [Worker-Main-6/WARN]: [RuntimeTagModification] Adding Entries from [accessories:belt] to [trinkets:legs/belt]: 
     [cobblemon-cards:leather_binder (from cobblemon-cards), cobblemon-cards:iron_binder (from cobblemon-cards), cobblemon-cards:gold_binder (from cobblemon-cards), cobblemon-cards:diamond_binder (from cobblemon-cards), cobblemon-cards:netherite_binder (from cobblemon-cards), traineraccessories:charm_pouch (from traineraccessories)]
[15:11:37] [Worker-Main-6/WARN]: [RuntimeTagModification] Adding Entries from [accessories:hat] to [trinkets:head/hat]: 
     [cobblesafari:rotom_earpiece (from cobblesafari), cobblemon:exp_share (from traineraccessories)]
[15:11:37] [Worker-Main-6/WARN]: [RuntimeTagModification] Adding Entries from [trinkets:chest/back] to [accessories:back]: 
     [sophisticatedbackpacks:backpack (from sophisticatedbackpacks), sophisticatedbackpacks:copper_backpack (from sophisticatedbackpacks), sophisticatedbackpacks:iron_backpack (from sophisticatedbackpacks), sophisticatedbackpacks:gold_backpack (from sophisticatedbackpacks), sophisticatedbackpacks:diamond_backpack (from sophisticatedbackpacks), sophisticatedbackpacks:netherite_backpack (from sophisticatedbackpacks)]
[15:11:37] [Worker-Main-6/WARN]: [RuntimeTagModification] Adding Entries from [trinkets:charm/shiny_charm] to [accessories:trinket_group_charm-shiny_charm]: 
     [cobblemoncharms:shiny_charm (from cobblemoncharms)]
[15:11:37] [Worker-Main-6/WARN]: [RuntimeTagModification] Adding Entries from [accessories:necklace] to [trinkets:chest/necklace]: 
     [traineraccessories:golden_amulet (from traineraccessories)]
[15:11:37] [Worker-Main-6/WARN]: [RuntimeTagModification] Adding Entries from [trinkets:legs/smartphone] to [accessories:trinket_group_legs-smartphone]: 
     [cobblemon_smartphone:white_smartphone (from cobblemon_smartphone), cobblemon_smartphone:orange_smartphone (from cobblemon_smartphone), cobblemon_smartphone:magenta_smartphone (from cobblemon_smartphone), cobblemon_smartphone:light_blue_smartphone (from cobblemon_smartphone), cobblemon_smartphone:yellow_smartphone (from cobblemon_smartphone), cobblemon_smartphone:lime_smartphone (from cobblemon_smartphone), cobblemon_smartphone:pink_smartphone (from cobblemon_smartphone), cobblemon_smartphone:gray_smartphone (from cobblemon_smartphone), cobblemon_smartphone:light_gray_smartphone (from cobblemon_smartphone), cobblemon_smartphone:cyan_smartphone (from cobblemon_smartphone), cobblemon_smartphone:purple_smartphone (from cobblemon_smartphone), cobblemon_smartphone:blue_smartphone (from cobblemon_smartphone), cobblemon_smartphone:brown_smartphone (from cobblemon_smartphone), cobblemon_smartphone:green_smartphone (from cobblemon_smartphone), cobblemon_smartphone:red_smartphone (from cobblemon_smartphone), cobblemon_smartphone:black_smartphone (from cobblemon_smartphone)]
[15:11:37] [Worker-Main-3/INFO]: Loaded 0 Custom Model Data mappings from Data Packs.
[15:11:37] [main/ERROR]: Parsing error loading recipe cobblesafari:emptearpiece_tinkagear
com.google.gson.JsonParseException: Key defines symbols that aren't used in pattern: {C}
	at knot/com.mojang.serialization.DataResult$Error.mdc40895$owo$lambda$addStackTraceToException$0$0(DataResult.java:565) ~[datafixerupper-8.0.16.jar:?]
	at knot/com.mojang.serialization.DataResult$Error.getOrThrow(DataResult.java:287) ~[datafixerupper-8.0.16.jar:?]
	at knot//MC/net.minecraft.recipe.RecipeManager.apply(RecipeManager.java:62) ~[server-intermediary.jar:?]
	at knot//MC/net.minecraft.recipe.RecipeManager.apply(RecipeManager.java:35) ~[server-intermediary.jar:?]
	at knot//MC/net.minecraft.resource.SinglePreparationResourceReloader.method_18790(SinglePreparationResourceReloader.java:13) ~[server-intermediary.jar:?]
	at java.base/java.util.concurrent.CompletableFuture$UniAccept.tryFire(CompletableFuture.java:718) ~[?:?]
	at java.base/java.util.concurrent.CompletableFuture$Completion.run(CompletableFuture.java:482) ~[?:?]
	at knot//MC/net.minecraft.resource.SimpleResourceReload.method_18365(SimpleResourceReload.java:69) ~[server-intermediary.jar:?]
	at knot//MC/net.minecraft.util.Util.waitAndApply(Util.java:1024) [server-intermediary.jar:?]
	at knot//MC/net.minecraft.util.Util.waitAndApply(Util.java:1012) [server-intermediary.jar:?]
	at knot/net.minecraft.server.Main.main(Main.java:182) [server-intermediary.jar:?]
	at net.fabricmc.loader.impl.game.minecraft.MinecraftGameProvider.launch(MinecraftGameProvider.java:514) [fabric-loader-0.19.3.jar:?]
	at net.fabricmc.loader.impl.launch.knot.Knot.launch(Knot.java:72) [fabric-loader-0.19.3.jar:?]
	at net.fabricmc.loader.impl.launch.knot.KnotServer.main(KnotServer.java:23) [fabric-loader-0.19.3.jar:?]
	at net.fabricmc.loader.impl.launch.server.FabricServerLauncher.main(FabricServerLauncher.java:69) [fabric-loader-0.19.3.jar:?]
	at net.fabricmc.installer.ServerLauncher.main(ServerLauncher.java:69) [fabric-server-mc.1.21.1-loader.0.19.3-launcher.1.1.2.jar:1.1.2]
[15:11:37] [main/ERROR]: Parsing error loading recipe cobblesafari:emptearpiece
com.google.gson.JsonParseException: Key defines symbols that aren't used in pattern: {C}
	at knot/com.mojang.serialization.DataResult$Error.mdc40895$owo$lambda$addStackTraceToException$0$0(DataResult.java:565) ~[datafixerupper-8.0.16.jar:?]
	at knot/com.mojang.serialization.DataResult$Error.getOrThrow(DataResult.java:287) ~[datafixerupper-8.0.16.jar:?]
	at knot//MC/net.minecraft.recipe.RecipeManager.apply(RecipeManager.java:62) ~[server-intermediary.jar:?]
	at knot//MC/net.minecraft.recipe.RecipeManager.apply(RecipeManager.java:35) ~[server-intermediary.jar:?]
	at knot//MC/net.minecraft.resource.SinglePreparationResourceReloader.method_18790(SinglePreparationResourceReloader.java:13) ~[server-intermediary.jar:?]
	at java.base/java.util.concurrent.CompletableFuture$UniAccept.tryFire(CompletableFuture.java:718) ~[?:?]
	at java.base/java.util.concurrent.CompletableFuture$Completion.run(CompletableFuture.java:482) ~[?:?]
	at knot//MC/net.minecraft.resource.SimpleResourceReload.method_18365(SimpleResourceReload.java:69) ~[server-intermediary.jar:?]
	at knot//MC/net.minecraft.util.Util.waitAndApply(Util.java:1024) [server-intermediary.jar:?]
	at knot//MC/net.minecraft.util.Util.waitAndApply(Util.java:1012) [server-intermediary.jar:?]
	at knot/net.minecraft.server.Main.main(Main.java:182) [server-intermediary.jar:?]
	at net.fabricmc.loader.impl.game.minecraft.MinecraftGameProvider.launch(MinecraftGameProvider.java:514) [fabric-loader-0.19.3.jar:?]
	at net.fabricmc.loader.impl.launch.knot.Knot.launch(Knot.java:72) [fabric-loader-0.19.3.jar:?]
	at net.fabricmc.loader.impl.launch.knot.KnotServer.main(KnotServer.java:23) [fabric-loader-0.19.3.jar:?]
	at net.fabricmc.loader.impl.launch.server.FabricServerLauncher.main(FabricServerLauncher.java:69) [fabric-loader-0.19.3.jar:?]
	at net.fabricmc.installer.ServerLauncher.main(ServerLauncher.java:69) [fabric-server-mc.1.21.1-loader.0.19.3-launcher.1.1.2.jar:1.1.2]
[15:11:37] [main/INFO]: Loaded 6511 recipes
[15:11:38] [main/ERROR]: Parsing error loading custom advancement cobblemonextrastructures:sprout_tower: Unknown registry key in ResourceKey[minecraft:root / minecraft:item]: cobblemonextrastructures:bellsprout_statue
[15:11:38] [main/INFO]: Loaded 5329 advancements
[15:11:38] [main/INFO]: Loaded Cobble Capsule configs from C:\Cobblemon Server\config\cobblecapsule
[15:11:38] [main/WARN]: Skipping unknown item cobblemon_utility:voidcap in capsule loot table cobblecapsule:capsules/combat/epic (entry 1)
[15:11:38] [main/WARN]: Skipping unknown item cobblemon_utility:voidcap in capsule loot table cobblecapsule:capsules/combat/rare (entry 1)
[15:11:38] [main/INFO]: Capsule loot table cobblecapsule:capsules/healing/epic built with 69 entries from 1 source(s): cobblecapsule: 69/69 entries
[15:11:38] [main/INFO]: Capsule loot table cobblecapsule:capsules/combat/rare built with 133 entries from 1 source(s): cobblecapsule: 133/134 entries
[15:11:38] [main/INFO]: Capsule loot table cobblecapsule:capsules/combat/basic built with 99 entries from 1 source(s): cobblecapsule: 99/99 entries
[15:11:38] [main/INFO]: Capsule loot table cobblecapsule:capsules/resource/rare built with 115 entries from 1 source(s): cobblecapsule: 115/115 entries
[15:11:38] [main/INFO]: Capsule loot table cobblecapsule:capsules/combat/epic built with 169 entries from 1 source(s): cobblecapsule: 169/170 entries
[15:11:38] [main/INFO]: Capsule loot table cobblecapsule:capsules/healing/rare built with 50 entries from 1 source(s): cobblecapsule: 50/50 entries
[15:11:38] [main/INFO]: Capsule loot table cobblecapsule:capsules/resource/epic built with 91 entries from 1 source(s): cobblecapsule: 91/91 entries
[15:11:38] [main/INFO]: Capsule loot table cobblecapsule:capsules/resource/basic built with 67 entries from 1 source(s): cobblecapsule: 67/67 entries
[15:11:38] [main/INFO]: Capsule loot table cobblecapsule:capsules/healing/basic built with 26 entries from 1 source(s): cobblecapsule: 26/26 entries
[15:11:38] [main/INFO]: Loaded 9 capsule loot tables
[15:11:38] [main/INFO]: Loaded Cobble Capsule configs from C:\Cobblemon Server\config\cobblecapsule
[15:11:38] [main/INFO]: Loaded 1025 pokemon entries for capsules
[15:11:38] [main/INFO]: Loaded config for gacha machine: cobbledgacha:config/server_config.json (pickup=false)
[15:11:38] [main/INFO]: Loaded 2022 gacha spawn entries
[15:11:38] [main/INFO]: Loaded custom elemental statuses
[15:11:38] [main/INFO]: Loaded 11 server scripts and 1 client scripts
[15:11:41] [main/INFO]: Loaded 970 moves
[15:11:41] [main/INFO]: Loaded 318 abilities
[15:11:41] [main/INFO]: Loaded 48 entity behaviours
[15:11:41] [main/ERROR]: Invalid path in mod resource-pack mr_legends_myths: cobblemon:species/generation7/.DS_Store, ignoring
[15:11:41] [main/ERROR]: Invalid path in mod resource-pack mr_legends_myths: cobblemon:species/generation8/.DS_Store, ignoring
[15:11:41] [main/ERROR]: Invalid path in mod resource-pack mr_legends_myths: cobblemon:species/generation3/.DS_Store, ignoring
[15:11:41] [main/ERROR]: Invalid path in mod resource-pack mr_legends_myths: cobblemon:species/generation5/.DS_Store, ignoring
[15:11:41] [main/ERROR]: Invalid path in mod resource-pack mr_legends_myths: cobblemon:species/.DS_Store, ignoring
[15:11:41] [main/INFO]: Finished additions
[15:11:42] [cobblemon Datafixer Bootstrap/INFO]: 4 Datafixer optimizations took 46 milliseconds
[15:11:43] [main/INFO]: Loaded 1025 Pokémon species
[15:11:43] [main/INFO]: Loaded 32 spawn detail presets.
[15:11:43] [main/INFO]: Starting dummy Showdown battle to force it to pre-load data.
[15:11:44] [main/INFO]: Imported 266 held item IDs from showdown
[15:11:44] [main/INFO]: Loaded 25 fossils
[15:11:44] [main/ERROR]: Invalid path in mod resource-pack cobblemon: cobblemon:dex_entry_additions/README.md, ignoring
[15:11:44] [main/ERROR]: Invalid path in mod resource-pack cobblemon: cobblemon:dex_additions/README.md, ignoring
[15:11:44] [main/ERROR]: Unable to apply dex addition cobblemon:mega_z as the sub-dex cobblemon:mega_z does not exist
[15:11:44] [main/INFO]: Loaded 6 callbacks and 0 client callbacks
[15:11:44] [main/INFO]: Loaded 175 marks
[15:11:45] [main/ERROR]: Unknown preset name: underwater.
[15:11:45] [main/ERROR]: Unknown preset name: underwater.
[15:11:45] [main/ERROR]: Unknown preset name: underground.
[15:11:45] [main/ERROR]: Unknown preset name: ruins.
[15:11:45] [main/ERROR]: Unknown preset name: underground.
[15:11:45] [main/ERROR]: Unknown preset name: ruins.
[15:11:45] [main/ERROR]: Unknown preset name: water_surface.
[15:11:45] [main/ERROR]: Unknown preset name: water_surface.
[15:11:45] [main/ERROR]: Unknown preset name: water_surface.
[15:11:45] [main/ERROR]: Unknown preset name: freshwater.
[15:11:45] [main/ERROR]: Unknown preset name: underwater.
[15:11:45] [main/ERROR]: Unknown preset name: freshwater.
[15:11:45] [main/ERROR]: Unknown preset name: underwater.
[15:11:45] [main/ERROR]: Unknown preset name: freshwater.
[15:11:45] [main/ERROR]: Unknown preset name: underwater.
[15:11:45] [main/ERROR]: Unknown preset name: freshwater.
[15:11:45] [main/ERROR]: Unknown preset name: underwater.
[15:11:45] [main/ERROR]: Unknown preset name: freshwater.
[15:11:45] [main/ERROR]: Unknown preset name: underwater.
[15:11:45] [main/ERROR]: Unknown preset name: freshwater.
[15:11:45] [main/ERROR]: Unknown preset name: underwater.
[15:11:45] [main/ERROR]: Unknown preset name: water_surface.
[15:11:45] [main/ERROR]: Unknown preset name: water_surface.
[15:11:45] [main/ERROR]: Unknown preset name: river.
[15:11:45] [main/ERROR]: Unknown preset name: river.
[15:11:45] [main/ERROR]: Unknown preset name: water_surface.
[15:11:45] [main/ERROR]: Unknown preset name: water_surface.
[15:11:45] [main/INFO]: Loaded 70 berries
[15:11:45] [main/INFO]: Loaded 137 Pokémon interaction sets
[15:11:45] [main/INFO]: Loaded 7 biome platforms
[15:11:45] [main/INFO]: [CobblemonCards] Fakemon whitelist reloaded - 0 species whitelisted.
[15:11:45] [main/INFO]: Loaded 11 expeditions, 11 loot tables, 8 modes
[15:11:45] [main/INFO]: Loaded 0 datapack actions
[15:11:45] [main/INFO]: Loading alpha definitions...
[15:11:45] [main/INFO]: Loaded 361 alpha definitions.
[15:11:45] [main/INFO]: Registering raid bosses
[15:11:45] [main/INFO]: Registering raid buckets
[15:11:45] [main/INFO]: Registered 0 raid buckets
[15:11:45] [main/INFO]: Registering raid den pools
[15:11:45] [main/INFO]: Registering raid den structures
[15:11:45] [main/INFO]: Registering boss additions
[15:11:46] [main/INFO]: Registered 20 boss additions
[15:11:46] [main/INFO]: Registered 19225 raid bosses
[15:11:46] [main/INFO]: Reloading configuration
[15:11:46] [main/INFO]: Done reloading configuration
[15:11:46] [main/INFO]: Poké Snack Blacklist: Loaded 47 species from custom.json
[15:11:46] [main/INFO]: Poké Snack Blacklist: Loaded 20 species from paradox.json
[15:11:46] [main/INFO]: Custom Model Data Mappings are now ready.
[15:11:46] [main/INFO]: [REI] ****************************************
[15:11:46] [main/INFO]: [REI] REIPlugin starting main-reload for START.
[15:11:46] [main/INFO]: [REI] Plugins (6):
[15:11:46] [main/INFO]: [REI]  - (-100.00) DefaultPlugin of DefaultPlugin [roughlyenoughitems]
[15:11:46] [main/INFO]: [REI]  - (0.00) FabricFluidAPISupportPlugin
[15:11:46] [main/INFO]: [REI]  - (0.00) REIServerCompat of REIServerCompat [sophisticatedstorage]
[15:11:46] [main/INFO]: [REI]  - (0.00) REIServerCompat of REIServerCompat [sophisticatedcore]
[15:11:46] [main/INFO]: [REI]  - (0.00) REIServerCompat of REIServerCompat [sophisticatedbackpacks]
[15:11:46] [main/INFO]: [REI]  - (0.00) DefaultRuntimePlugin of DefaultRuntimePlugin [roughlyenoughitems]
[15:11:46] [main/INFO]: [REI] ****************************************
[15:11:46] [main/INFO]: [REI] OOOOOOOOOOOOOOOOOOOOOOOOOOOOOOOOOOOOOOOO
[15:11:46] [main/INFO]: [REI] REIServerPlugin starting main-reload for START.
[15:11:46] [main/INFO]: [REI] Plugins (6):
[15:11:46] [main/INFO]: [REI]  - (-100.00) DefaultPlugin of DefaultPlugin [roughlyenoughitems]
[15:11:46] [main/INFO]: [REI]  - (0.00) FabricFluidAPISupportPlugin
[15:11:46] [main/INFO]: [REI]  - (0.00) REIServerCompat of REIServerCompat [sophisticatedstorage]
[15:11:46] [main/INFO]: [REI]  - (0.00) REIServerCompat of REIServerCompat [sophisticatedcore]
[15:11:46] [main/INFO]: [REI]  - (0.00) REIServerCompat of REIServerCompat [sophisticatedbackpacks]
[15:11:46] [main/INFO]: [REI]  - (0.00) DefaultRuntimePlugin of DefaultRuntimePlugin [roughlyenoughitems]
[15:11:46] [main/INFO]: [REI] OOOOOOOOOOOOOOOOOOOOOOOOOOOOOOOOOOOOOOOO
[15:11:46] [main/INFO]: [REI] REIPlugin finished post-reload for START in 1.280 ms, totaling 36.71 ms.
[15:11:46] [main/INFO]: [REI] REIServerPlugin finished post-reload for START in 681.3 μs, totaling 4.020 ms.
[15:11:46] [main/INFO]: [REI] ~~~~~~~~~~~~~~~~~~~~~~~~~~~~~~~~~~~~~~~~
[15:11:46] [main/INFO]: [REI] REIPlugin starting main-reload for END.
[15:11:46] [main/INFO]: [REI] Plugins (6):
[15:11:46] [main/INFO]: [REI]  - (-100.00) DefaultPlugin of DefaultPlugin [roughlyenoughitems]
[15:11:46] [main/INFO]: [REI]  - (0.00) FabricFluidAPISupportPlugin
[15:11:46] [main/INFO]: [REI]  - (0.00) REIServerCompat of REIServerCompat [sophisticatedstorage]
[15:11:46] [main/INFO]: [REI]  - (0.00) REIServerCompat of REIServerCompat [sophisticatedcore]
[15:11:46] [main/INFO]: [REI]  - (0.00) REIServerCompat of REIServerCompat [sophisticatedbackpacks]
[15:11:46] [main/INFO]: [REI]  - (0.00) DefaultRuntimePlugin of DefaultRuntimePlugin [roughlyenoughitems]
[15:11:46] [main/INFO]: [REI] ~~~~~~~~~~~~~~~~~~~~~~~~~~~~~~~~~~~~~~~~
[15:11:46] [main/INFO]: [REI] ++++++++++++++++++++++++++++++++++++++++
[15:11:46] [main/INFO]: [REI] REIServerPlugin starting main-reload for END.
[15:11:46] [main/INFO]: [REI] Plugins (6):
[15:11:46] [main/INFO]: [REI]  - (-100.00) DefaultPlugin of DefaultPlugin [roughlyenoughitems]
[15:11:46] [main/INFO]: [REI]  - (0.00) FabricFluidAPISupportPlugin
[15:11:46] [main/INFO]: [REI]  - (0.00) REIServerCompat of REIServerCompat [sophisticatedstorage]
[15:11:46] [main/INFO]: [REI]  - (0.00) REIServerCompat of REIServerCompat [sophisticatedcore]
[15:11:46] [main/INFO]: [REI]  - (0.00) REIServerCompat of REIServerCompat [sophisticatedbackpacks]
[15:11:46] [main/INFO]: [REI]  - (0.00) DefaultRuntimePlugin of DefaultRuntimePlugin [roughlyenoughitems]
[15:11:46] [main/INFO]: [REI] ++++++++++++++++++++++++++++++++++++++++
[15:11:46] [main/INFO]: [REI] REIPlugin finished post-reload for END in 893.5 μs, totaling 38.98 ms.
[15:11:46] [main/INFO]: [REI] REIServerPlugin finished post-reload for END in 638.9 μs, totaling 7.107 ms.
[15:11:46] [main/INFO]: [Rustling Spots] Loaded 0 custom spot definition(s)
[15:11:46] [ForkJoinPool.commonPool-worker-1/INFO]: Loaded 48 translation keys
[15:11:47] [main/INFO]: Loaded 1 trades
[15:11:47] [main/INFO]: Loaded 44 chiseling recipes
[15:11:47] [main/WARN]: Not all defined tags for registry ResourceKey[minecraft:root / minecraft:worldgen/biome] are present in data pack: cobbleverse:has_structure/lake_acuity, cobbleverse:has_structure/lake_valor, cobbleverse:has_structure/lake_verity, cobbleverse:has_structure/stark_mountain, cobbleverse:has_structure/turnback_cave
[15:11:47] [main/WARN]: Not all defined tags for registry ResourceKey[minecraft:root / minecraft:item] are present in data pack: c:ingots/silver
[15:11:47] [main/INFO]: [BiomeReplacer] Loaded 0 rules (0 direct, 0 tag-based) and ignored 0
[15:11:47] [main/INFO]: [BiomeReplacer] No rules found, not replacing anything
[15:11:47] [main/WARN]: Initial datapack load took 13.98 s
[15:11:47] [main/INFO]: Applied 1354 biome modifications to 93 of 93 new biomes in 41.70 ms
[15:11:47] [Server thread/INFO]: Loading default shop config...
[15:11:47] [Server thread/INFO]: Default shop config loaded!
[15:11:47] [Server thread/INFO]: Loading bank config...
[15:11:47] [Server thread/ERROR]: Failed to load the bank config! Using default config until the following has been addressed:
[15:11:47] [Server thread/INFO]: [STDERR]: com.google.gson.JsonSyntaxException: com.google.gson.stream.MalformedJsonException: Unterminated array at line 15 column 6 path $.bank[3]
[15:11:47] [Server thread/INFO]: [STDERR]: 	at knot//com.google.gson.Gson.fromJson(Gson.java:1241)
[15:11:47] [Server thread/INFO]: [STDERR]: 	at knot//com.google.gson.Gson.fromJson(Gson.java:1137)
[15:11:47] [Server thread/INFO]: [STDERR]: 	at knot//com.google.gson.Gson.fromJson(Gson.java:1075)
[15:11:47] [Server thread/INFO]: [STDERR]: 	at knot//fr.harmex.cobbledollars.common.config.BankConfig$Companion.load(BankConfig.java:35)
[15:11:47] [Server thread/INFO]: [STDERR]: 	at knot//fr.harmex.cobbledollars.common.CobbleDollars.init$lambda$0(CobbleDollars.java:58)
[15:11:47] [Server thread/INFO]: [STDERR]: 	at knot//com.cobblemon.mod.common.api.reactive.ObservableSubscription.handle(ObservableSubscription.java:16)
[15:11:47] [Server thread/INFO]: [STDERR]: 	at knot//com.cobblemon.mod.common.api.reactive.SimpleObservable.emit(SimpleObservable.java:39)
[15:11:47] [Server thread/INFO]: [STDERR]: 	at knot//com.cobblemon.mod.fabric.CobblemonFabric.initialize$lambda$8(CobblemonFabric.kt:419)
[15:11:47] [Server thread/INFO]: [STDERR]: 	at knot//net.fabricmc.fabric.api.event.lifecycle.v1.ServerLifecycleEvents.lambda$static$0(ServerLifecycleEvents.java:38)
[15:11:47] [Server thread/INFO]: [STDERR]: 	at knot//net.minecraft.server.MinecraftServer.handler$cae000$fabric-lifecycle-events-v1$beforeSetupServer(MinecraftServer.java:4638)
[15:11:47] [Server thread/INFO]: [STDERR]: 	at knot//net.minecraft.server.MinecraftServer.method_29741(MinecraftServer.java:664)
[15:11:47] [Server thread/INFO]: [STDERR]: 	at knot//net.minecraft.server.MinecraftServer.method_29739(MinecraftServer.java:281)
[15:11:47] [Server thread/INFO]: [STDERR]: 	at java.base/java.lang.Thread.run(Thread.java:1583)
[15:11:47] [Server thread/INFO]: [STDERR]: Caused by: com.google.gson.stream.MalformedJsonException: Unterminated array at line 15 column 6 path $.bank[3]
[15:11:47] [Server thread/INFO]: [STDERR]: 	at knot//com.google.gson.stream.JsonReader.syntaxError(JsonReader.java:1659)
[15:11:47] [Server thread/INFO]: [STDERR]: 	at knot//com.google.gson.stream.JsonReader.doPeek(JsonReader.java:485)
[15:11:47] [Server thread/INFO]: [STDERR]: 	at knot//com.google.gson.stream.JsonReader.hasNext(JsonReader.java:422)
[15:11:47] [Server thread/INFO]: [STDERR]: 	at knot//fr.harmex.cobbledollars.common.utils.adapters.BankAdapter.read(BankAdapter.java:27)
[15:11:47] [Server thread/INFO]: [STDERR]: 	at knot//fr.harmex.cobbledollars.common.utils.adapters.BankAdapter.read(BankAdapter.java:11)
[15:11:47] [Server thread/INFO]: [STDERR]: 	at knot//com.google.gson.internal.bind.ReflectiveTypeAdapterFactory$1.readIntoField(ReflectiveTypeAdapterFactory.java:212)
[15:11:47] [Server thread/INFO]: [STDERR]: 	at knot//com.google.gson.internal.bind.ReflectiveTypeAdapterFactory$FieldReflectionAdapter.readField(ReflectiveTypeAdapterFactory.java:433)
[15:11:47] [Server thread/INFO]: [STDERR]: 	at knot//com.google.gson.internal.bind.ReflectiveTypeAdapterFactory$Adapter.read(ReflectiveTypeAdapterFactory.java:393)
[15:11:47] [Server thread/INFO]: [STDERR]: 	at knot//com.google.gson.Gson.fromJson(Gson.java:1227)
[15:11:47] [Server thread/INFO]: [STDERR]: 	... 12 more
[15:11:47] [Server thread/INFO]: Registered 8 collectors and 4 block collectors
[15:11:47] [Server thread/INFO]: Loading Battle Tower configuration...
[15:11:47] [Server thread/INFO]: Battle Tower data directory: .\world\.\data\battle_tower
[15:11:47] [Server thread/INFO]: [BossCleanup] No stale Battle Tower Pokemon entities found on server start
[15:11:47] [Server thread/INFO]: Loading 82 editable default shop items from config
[15:11:47] [Server thread/INFO]: Loading 0 custom shop items from config
[15:11:47] [Server thread/INFO]: Loaded 82 total shop items (defaults + custom/overrides)
[15:11:47] [Server thread/INFO]: BATTLE TOWER TASKS: Loaded 22 task entry(s) from 1 JSON source(s) (replace_defaults=false, battle_points_rewards=true, added=0, overridden=22, removed=0, final=22).
[15:11:47] [Server thread/INFO]: [BossDamage] Registered '-bossdamage' split instruction handler
[15:11:47] [Server thread/INFO]: [BossCondition] Registered 'bossbattle' volatile condition with Showdown
[15:11:47] [Server thread/INFO]: Boss watchdog started
[15:11:47] [Server thread/INFO]: Battle Tower data manager initialized
[15:11:47] [Server thread/INFO]: [STDOUT]: Server starting - storing server reference
[15:11:47] [Server thread/INFO]: [STDOUT]: Ensuring config is loaded with server available
[15:11:47] [Server thread/INFO]: [STDOUT]: Config confirmed loaded
[15:11:47] [Server thread/INFO]: MobsBeGone >> Total Entity Types: 206 | Bit Array Size: 4 longs / 256 bits | Blacklisted Entities: 82
[15:11:47] [Server thread/INFO]: MobsBeGone >> Up and running!
[15:11:47] [Server thread/INFO]:         __    
[15:11:47] [Server thread/INFO]:   |    |__)   LuckPerms v5.4.140
[15:11:47] [Server thread/INFO]:   |___ |      Running on Fabric - fabric@0.116.14+1.21.1
[15:11:47] [Server thread/INFO]: 
[15:11:47] [Server thread/INFO]: Loading configuration...
[15:11:47] [Server thread/INFO]: Loading storage provider... [H2]
[15:11:48] [Server thread/INFO]: Loading internal permission managers...
[15:11:48] [Server thread/INFO]: Performing initial data load...
[15:11:48] [Server thread/INFO]: Successfully enabled. (took 651ms)
[15:11:48] [Server thread/INFO]: Loading XaeroLib common 2/2!
[15:11:48] [Server thread/INFO]: Loading XaeroLib server 2/2!
[15:11:48] [Server thread/INFO]: Starting minecraft server version 1.21.1
[15:11:48] [Server thread/INFO]: Loading properties
[15:11:48] [Server thread/INFO]: Default game type: SURVIVAL
[15:11:48] [Server thread/INFO]: Generating keypair
[15:11:48] [Server thread/INFO]: Starting Minecraft server on *:25565
[15:11:48] [Server thread/INFO]: Using default channel type
[15:11:48] [Server thread/INFO]: Preparing level "world"
[15:11:48] [Server thread/INFO]: Enforcing safe world random access
[15:11:48] [Server thread/INFO]: Using TheSpeedyObjectFactory with Unsafe
[15:11:49] [Server thread/INFO]: EnderChest Data Loaded
[15:11:49] [Server thread/INFO]: Username Cache Loaded
[15:11:49] [Server thread/INFO]: Preparing start region for dimension minecraft:overworld
[15:11:49] [Server thread/INFO]: [STDOUT]: [ScalableLux] Lighting scaling is enabled in externally managed mode
[15:11:50] [c2me-worker-7/INFO]: Preparing spawn area: 0%
[15:11:50] [c2me-worker-0/INFO]: Preparing spawn area: 0%
[15:11:50] [c2me-worker-4/INFO]: Preparing spawn area: 0%
[15:11:50] [c2me-worker-3/INFO]: Preparing spawn area: 0%
[15:11:50] [c2me-worker-8/INFO]: Preparing spawn area: 0%
[15:11:50] [c2me-worker-2/INFO]: Preparing spawn area: 0%
[15:11:50] [c2me-worker-5/INFO]: Preparing spawn area: 0%
[15:11:50] [Server thread/WARN]: Error loading class: net/minecraft/class_1043 (java.lang.ClassNotFoundException: net/minecraft/class_1043)
[15:11:51] [Server thread/INFO]: Time elapsed: 1492 ms
[15:11:51] [Server thread/INFO]: Done (2.542s)! For help, type "help"
[15:11:51] [Server thread/WARN]: Dedicated server took 46.711 seconds to load
[15:11:51] [Server thread/INFO]: Loaded 1013 gacha species from Cobblemon's world spawn pool
[15:11:51] [Server thread/INFO]: Loading transformations config from: C:\Cobblemon Server\config\mythsandlegends\transformations.json
[15:11:51] [Server thread/INFO]: Successfully parsed transformations config.
[15:11:51] [Server thread/INFO]: Validating transformation rules...
[15:11:51] [Server thread/INFO]: All transformation rules validated successfully.
[15:11:51] [Server thread/INFO]: Validated config: 3 held item changes, 5 interaction changes, 4 fusions remain active.
[15:11:51] [Server thread/INFO]: Server initialized...
[15:11:51] [Server thread/INFO]: Loading CobbledexCoopDiscovery at "C:\Cobblemon Server\.\world\.\cobbledex-coop.json"...
[15:11:51] [Server thread/INFO]: Optimizing spawn pools...
[15:11:51] [Server thread/INFO]: [BattleExtras] Loaded server config from C:\Cobblemon Server\config\cobblemon-battle-extras-server.json
[15:11:51] [Server thread/INFO]: Registered expedition data store backend 'world'
[15:11:51] [Server thread/INFO]: Registered expedition data store backend 'shared_file'
[15:11:51] [Server thread/INFO]: Scheduler rebuilt: 0 active expeditions
[15:11:51] [Server thread/INFO]: Rebuilt lock set with 0 locked pokemon
[15:11:51] [Server thread/INFO]: Expedition storage backend 'world' active (0 player records)
[15:11:51] [Server thread/INFO]: SNAP TASKS: No custom task JSON found. Using 35 built-in tasks.
[15:11:51] [Server thread/INFO]: SNAP: Server type set to DEDICATED
[15:11:51] [Server thread/INFO]: SNAP: World set to world (1a0319e7-03c4-3f7a-9f21-812c36195e7f)
[15:11:51] [Server thread/INFO]: Mike Skills: using NBT storage backend.
[15:11:51] [Server thread/INFO]: Loaded dungeon position data: 2 dimensions, 0 active slots, 0 tracked instances (0 pending deletion)
[15:11:51] [Server thread/INFO]: Loaded portal data: 3 portals
[15:11:51] [Server thread/INFO]: Loaded 3 active portals from world
[15:11:51] [Server thread/INFO]: Loaded 19 egg incubator recipes
[15:11:51] [Server thread/INFO]: Loaded 4 cstrader definitions (0 skipped)
[15:11:51] [Server thread/INFO]: CobbleSafari >> wondertrade_settings.json loaded from .\config\cobblesafari\wondertrade_settings.json
[15:11:51] [Server thread/INFO]: [WonderTrade] Loaded 32 pokemon group(s), 0 skipped
[15:11:51] [Server thread/INFO]: [WonderTrade] Loaded 27 event(s), 0 skipped
[15:11:51] [Server thread/INFO]: CobbleSafari >> gts_settings.json loaded from .\config\cobblesafari\gts_settings.json
[15:11:51] [Server thread/WARN]: [GTS] unique offer cobblesafari:gts/unique_offers/_dev_rotom.json unknown mark 'cobblesafari:ribbon_dungeon_distortion' - skipped
[15:11:51] [Server thread/WARN]: [GTS] unique offer cobblesafari:gts/unique_offers/_dev_rotom.json unknown mark 'cobblesafari:ribbon_dungeon_paris' - skipped
[15:11:51] [Server thread/WARN]: [GTS] unique offer cobblesafari:gts/unique_offers/_dev_rotom.json unknown mark 'cobblesafari:ribbon_dungeon_underground' - skipped
[15:11:51] [Server thread/WARN]: [GTS] unique offer cobblesafari:gts/unique_offers/akari_oshawott.json invalid wish species line
[15:11:51] [Server thread/WARN]: [GTS] unique offer cobblesafari:gts/unique_offers/arezu_petilil.json invalid wish species line
[15:11:51] [Server thread/WARN]: [GTS] unique offer cobblesafari:gts/unique_offers/avery_slowpoke.json invalid wish species line
[15:11:51] [Server thread/WARN]: [GTS] unique offer cobblesafari:gts/unique_offers/gladion_type_null.json given line has no species: type_null level=1 originaltrainertype=npc originaltrainer=Gladion
[15:11:51] [Server thread/WARN]: [GTS] unique offer cobblesafari:gts/unique_offers/hau_pikachu.json invalid wish species line
[15:11:51] [Server thread/WARN]: [GTS] unique offer cobblesafari:gts/unique_offers/kiawe_cubone.json invalid wish species line
[15:11:51] [Server thread/WARN]: [GTS] unique offer cobblesafari:gts/unique_offers/klara_slowpoke.json invalid wish species line
[15:11:51] [Server thread/WARN]: [GTS] unique offer cobblesafari:gts/unique_offers/molayne_diglett.json invalid wish species line
[15:11:51] [Server thread/WARN]: [GTS] unique offer cobblesafari:gts/unique_offers/nanu_meowth.json invalid wish species line
[15:11:51] [Server thread/WARN]: [GTS] unique offer cobblesafari:gts/unique_offers/olivia_rockruff.json invalid wish species line
[15:11:51] [Server thread/WARN]: [GTS] unique offer cobblesafari:gts/unique_offers/perrin_growlithe.json invalid wish species line
[15:11:51] [Server thread/WARN]: [GTS] unique offer cobblesafari:gts/unique_offers/piers_zigzagoon.json invalid wish species line
[15:11:51] [Server thread/WARN]: [GTS] unique offer cobblesafari:gts/unique_offers/rei_rowlet.json invalid wish species line
[15:11:51] [Server thread/WARN]: [GTS] unique offer cobblesafari:gts/unique_offers/rika_wooper.json invalid wish species line
[15:11:51] [Server thread/WARN]: [GTS] unique offer cobblesafari:gts/unique_offers/samson_oak_exeggcute.json invalid wish species line
[15:11:51] [Server thread/INFO]: [GTS] Loaded 239 unique offer definition(s), 15 skipped
[15:11:51] [Server thread/INFO]: Loaded 32 underground shapes
[15:11:51] [Server thread/INFO]: [TreasureDataLoader] File cobblesafari:underground_treasure/fossilperfect.json has weight=0 (luck-exclusive item)
[15:11:51] [Server thread/INFO]: Loaded 68 underground treasures (0 skipped)
[15:11:51] [Server thread/INFO]: Loaded 29 rotomphone skins (0 skipped)
[15:11:51] [Server thread/INFO]: Loaded 3 chat conversations (0 skipped)
[15:11:51] [Server thread/INFO]: [CSBoss] Loaded 2 boss definition(s), 0 skipped
[15:11:51] [Server thread/INFO]: [CSMusic] Loaded 6 music definition(s), 0 skipped
[15:11:52] [Server thread/INFO]: [CSMusic] Loaded 4 trigger rule(s) from 3 file(s), 0 file(s) rejected
[15:11:52] [Server thread/INFO]: [Objectives] Loaded 2 dimension definition(s), 0 skipped
[15:11:52] [Server thread/INFO]: Start loading plugin from Balm: net.blay09.mods.balm.fabric.compat.hudinfo.FabricJadeModCompat
[15:11:52] [Server thread/INFO]: Start loading plugin from Beautify: io.github.suel_ki.beautify.compat.jade.JadePlugin
[15:11:52] [Server thread/INFO]: Start loading plugin from Cobblemon Raid Dens: com.necro.raid.dens.common.compat.jade.RaidDensJadePlugin
[15:11:52] [Server thread/INFO]: Start loading plugin from CobbleSafari: maxigregrze.cobblesafari.compat.jade.CobbleSafariJadePlugin
[15:11:52] [Server thread/INFO]: Start loading plugin from EnderChests: shetiphian.enderchests.modintegration.jade.JadePlugin
[15:11:52] [Server thread/INFO]: Start loading plugin from Jade: snownee.jade.addon.core.CorePlugin
[15:11:52] [Server thread/INFO]: Start loading plugin from Jade: snownee.jade.addon.vanilla.VanillaPlugin
[15:11:52] [Server thread/INFO]: Start loading plugin from Jade: snownee.jade.addon.universal.UniversalPlugin
[15:11:52] [Server thread/INFO]: Start loading plugin from Jade: snownee.jade.addon.access.AccessibilityPlugin
[15:11:52] [Server thread/INFO]: Start loading plugin from Jade: snownee.jade.addon.debug.DebugPlugin
[15:11:52] [Server thread/INFO]: Start loading plugin from Cobblemon:Mega Showdown: com.github.yajatkaul.mega_showdown.plugin.JadePlugin
[15:11:52] [Server thread/INFO]: Start loading plugin from Polymer (Core): eu.pb4.polymer.core.impl.client.compat.JadeCompatibility
[15:11:52] [Server thread/INFO]: Start loading plugin from ShetiPhianCore: shetiphian.core.self.modintegration.jade.JadePlugin
[15:11:52] [Server thread/INFO]: Start loading plugin from Sophisticated Storage: net.p3pp3rf1y.sophisticatedstorage.compat.jade.StorageJadePlugin
[15:11:52] [Server thread/INFO]: Start loading plugin from Tom's Simple Storage Mod: com.tom.storagemod.jade.JadePlugin
[15:11:52] [Server thread/INFO]: Start loading plugin from Waystones: net.blay09.mods.waystones.compat.JadeIntegration
[15:11:52] [Server thread/INFO]: Initializing progress storage systems
[15:11:52] [Server thread/INFO]: === STARTING SHRINE TRACKER INITIALIZATION ===
[15:11:52] [Server thread/INFO]: Successfully loaded shrine progress data for 1 worlds and 4 total players
[15:11:52] [Server thread/INFO]: === SHRINE TRACKER INITIALIZATION SUCCESSFUL ===
[15:11:52] [Server thread/INFO]: A new version of Essential Commands is available. Current: '0.35.2-mc1.21' Latest: '0.38.5-mc1.21.8
'. Get the new version at https://modrinth.com/mod/essential-commands
[15:11:52] [Server thread/WARN]: Economy service not found.
[15:11:52] [Server thread/INFO]: Possible world ids: cobblesafari:dungeon_underground,cobblesafari:dungeon_jump,cobblesafari:dungeon_distortion,cobblemonraiddens:raid_dimension,cobblesafari:unionroom,minecraft:overworld,cobblesafari:domedimension,minecraft:the_end,lumymon:origin,legendarymonuments:distortion_world,lumymon:nightmare,minecraft:the_nether
[15:11:52] [Server thread/INFO]: Configured `rtp_enabled_worlds` world ids: minecraft:overworld
[15:11:52] [Server thread/INFO]: All configured `rtp_enabled_worlds` world ids are valid.
[15:11:52] [Server thread/INFO]: No blacklist files found, skipping blacklist loading
[15:11:52] [Server thread/INFO]: Loading Xaero's Minimap - Stage 2/2 (Server)
[15:11:52] [Server thread/INFO]: Loading Xaero's World Map - Stage 2/2 (Server)
[15:11:52] [Server thread/INFO]: Data pack initialized: file/COBBLEVERSE-RCT-DP-v20.zip
[15:11:52] [Server thread/INFO]: Data pack initialized: rctmod
[15:11:56] [Server thread/INFO]: Registered 1714 trainers
[15:11:58] [Server thread/WARN]: Can't keep up! Is the server overloaded? Running 7445ms or 148 ticks behind
[15:12:13] [User Authenticator #1/INFO]: UUID of player FabroJenkins is d476928c-e4db-4e3d-87f6-ce0def83bc4b
[15:12:14] [Server thread/INFO]: [STDOUT]: Lithium Cached BlockState Flags are disabled!
[15:12:14] [Server thread/INFO]: FabroJenkins[/192.168.100.12:55799] logged in with entity id 82 at (687.244855828381, 63.0, -299.62913064739564)
[15:12:14] [Server thread/INFO]: [Essential Commands] Loading PlayerData for player with uuid 'd476928c-e4db-4e3d-87f6-ce0def83bc4b'.
[15:12:15] [Server thread/INFO]: [CobblemonCards] Liste dynamique chargée : 1025 espèces disponibles (allowFakemon=false, whitelist=0).
[15:12:15] [Server thread/INFO]: Sending server config values to client
[15:12:15] [ForkJoinPool.commonPool-worker-1/INFO]: SNAP STORAGE: Using file backend
[15:12:15] [Server thread/INFO]: Loaded timer data: 2 players, 10 timers
[15:12:15] [Server thread/INFO]: Player FabroJenkins joined, loading progress data
[15:12:15] [Server thread/INFO]: [STDOUT]: Command permission check: player FabroJenkins, has level 2: true
[15:12:15] [Server thread/INFO]: FabroJenkins joined the game
[15:12:15] [Server thread/INFO]: [Essential Commands] Loading PlayerProfile for player with uuid 'd476928c-e4db-4e3d-87f6-ce0def83bc4b'.
[15:12:15] [Server thread/INFO]: Player FabroJenkins joined, sending transformation config.
[15:12:16] [Server thread/INFO]: Registered trainer player: FabroJenkins
[15:12:17] [Server thread/WARN]: Can't keep up! Is the server overloaded? Running 2585ms or 51 ticks behind
[15:12:17] [Server thread/INFO]: [STDOUT]: [UndergroundMining] Loaded language from server config: english.json
[15:12:20] [Server thread/INFO]: Channel update: FabroJenkins -> default
[15:12:20] [Server thread/INFO]: Receiving client config
[15:12:20] [Server thread/INFO]: [FANCYMENU] A client with FancyMenu installed joined the server: FabroJenkins
[15:12:20] [Server thread/INFO]: [STDOUT]: Command permission check: player FabroJenkins, has level 2: true
[15:12:25] [ForkJoinPool.commonPool-worker-1/ERROR]: Invalid API Secret, please goto https://cobblemonextras.com/showcase to get your API Secret
[15:12:25] [ForkJoinPool.commonPool-worker-1/ERROR]: Invalid API Secret, please goto https://cobblemonextras.com/showcase to get your API Secret
[15:12:25] [ForkJoinPool.commonPool-worker-1/ERROR]: Invalid API Secret, please goto https://cobblemonextras.com/showcase to get your API Secret
[15:14:25] [Server thread/INFO]: [FabroJenkins: Set own game mode to Creative Mode]
[15:14:33] [Server thread/INFO]: [FabroJenkins: Set own game mode to Survival Mode]
[15:15:15] [User Authenticator #2/INFO]: UUID of player ElKlap0 is cc64f26e-f8e5-4ba5-9438-41327e3c3eb4
[15:15:21] [Server thread/INFO]: ElKlap0[/35.136.32.217:50116] logged in with entity id 91455 at (-192.1489314595371, 66.0, -1578.2312826282066)
[15:15:21] [Server thread/INFO]: [Essential Commands] Loading PlayerData for player with uuid 'cc64f26e-f8e5-4ba5-9438-41327e3c3eb4'.
[15:15:21] [Server thread/INFO]: Sending server config values to client
[15:15:21] [Server thread/INFO]: Player ElKlap0 joined, loading progress data
[15:15:21] [Server thread/INFO]: [STDOUT]: Command permission check: player ElKlap0, has level 2: true
[15:15:21] [Server thread/INFO]: ElKlap0 joined the game
[15:15:21] [Server thread/INFO]: [Essential Commands] Loading PlayerProfile for player with uuid 'cc64f26e-f8e5-4ba5-9438-41327e3c3eb4'.
[15:15:21] [Server thread/INFO]: Player ElKlap0 joined, sending transformation config.
[15:15:21] [Server thread/INFO]: Registered trainer player: ElKlap0
[15:15:23] [Server thread/INFO]: Channel update: ElKlap0 -> default
[15:15:23] [Server thread/INFO]: Receiving client config
[15:15:26] [Server thread/INFO]: [FANCYMENU] A client with FancyMenu installed joined the server: ElKlap0
[15:15:31] [ForkJoinPool.commonPool-worker-14/ERROR]: Invalid API Secret, please goto https://cobblemonextras.com/showcase to get your API Secret
[15:15:31] [ForkJoinPool.commonPool-worker-14/ERROR]: Invalid API Secret, please goto https://cobblemonextras.com/showcase to get your API Secret
[15:15:31] [ForkJoinPool.commonPool-worker-14/ERROR]: Invalid API Secret, please goto https://cobblemonextras.com/showcase to get your API Secret
[15:15:37] [Server thread/INFO]: FabroJenkins has made the advancement [Pokémon Jockey!]
[15:15:47] [Server thread/WARN]: Entity PokemonEntity['Venusaur'/106525, l='ServerLevel[world]', x=668.84, y=64.00, z=-254.40, removed=DISCARDED] wasn't found in section class_4076{x=41, y=4, z=-16} (destroying due to DISCARDED)
[15:16:02] [Server thread/WARN]: Entity PokemonEntity['Hawlucha'/124779, l='ServerLevel[world]', x=703.25, y=64.00, z=-273.64, removed=DISCARDED] wasn't found in section class_4076{x=43, y=4, z=-18} (destroying due to DISCARDED)
[15:16:47] [Server thread/INFO]: [ElKlap0: Teleported ElKlap0 to FabroJenkins]
[15:17:01] [Server thread/INFO]: Maximum spawn attempts reached. Skipping this alpha spawn
[15:17:06] [Server thread/WARN]: Entity PokemonEntity['Meowth'/179787, l='ServerLevel[world]', x=666.64, y=63.00, z=-312.02, removed=DISCARDED] wasn't found in section class_4076{x=41, y=3, z=-20} (destroying due to DISCARDED)
[15:17:09] [Server thread/ERROR]: Error executing task on Server
java.lang.NullPointerException: null cannot be cast to non-null type com.cobblemon.mod.common.entity.pokemon.PokemonEntity
	at knot/com.the_number_two.traineraccessories.items.api.CharmDropEvents.register$lambda$0(CharmDropEvents.kt:92) ~[TrainerAccessories-1.7.2-1.0.0.jar:?]
	at knot/com.cobblemon.mod.common.api.reactive.ObservableSubscription.handle(ObservableSubscription.java:16) ~[Cobblemon-fabric-1.7.3+1.21.1.jar:?]
	at knot/com.cobblemon.mod.common.api.reactive.CancelableObservable.emit(CancelableObservable.java:34) ~[Cobblemon-fabric-1.7.3+1.21.1.jar:?]
	at knot/com.cobblemon.mod.common.api.reactive.CancelableObservable.emit(CancelableObservable.java:23) ~[Cobblemon-fabric-1.7.3+1.21.1.jar:?]
	at knot/com.cobblemon.mod.common.api.drop.DropTable.postLootDroppedEvent(DropTable.java:130) ~[Cobblemon-fabric-1.7.3+1.21.1.jar:?]
	at knot/com.cobblemon.mod.common.api.drop.DropTable.drop(DropTable.java:96) ~[Cobblemon-fabric-1.7.3+1.21.1.jar:?]
	at knot/com.cobblemon.mod.common.api.drop.DropTable.drop$default(DropTable.java:87) ~[Cobblemon-fabric-1.7.3+1.21.1.jar:?]
	at knot/com.cobblemon.mod.common.api.pokemon.evolution.Evolution.evolutionMethod(Evolution.java:234) ~[Cobblemon-fabric-1.7.3+1.21.1.jar:?]
	at knot/com.cobblemon.mod.common.pokemon.evolution.variants.LevelUpEvolution.evolutionMethod(LevelUpEvolution.java:26) ~[Cobblemon-fabric-1.7.3+1.21.1.jar:?]
	at knot/com.cobblemon.mod.common.api.pokemon.evolution.Evolution.forceEvolve(Evolution.java:168) ~[Cobblemon-fabric-1.7.3+1.21.1.jar:?]
	at knot/com.cobblemon.mod.common.pokemon.evolution.variants.LevelUpEvolution.forceEvolve(LevelUpEvolution.java:26) ~[Cobblemon-fabric-1.7.3+1.21.1.jar:?]
	at knot/com.cobblemon.mod.common.pokemon.evolution.controller.ServerEvolutionController.start(ServerEvolutionController.java:53) ~[Cobblemon-fabric-1.7.3+1.21.1.jar:?]
	at knot/com.cobblemon.mod.common.pokemon.evolution.controller.ServerEvolutionController.start(ServerEvolutionController.java:26) ~[Cobblemon-fabric-1.7.3+1.21.1.jar:?]
	at knot/com.cobblemon.mod.common.net.serverhandling.evolution.AcceptEvolutionHandler.handle(AcceptEvolutionHandler.java:23) ~[Cobblemon-fabric-1.7.3+1.21.1.jar:?]
	at knot/com.cobblemon.mod.common.net.serverhandling.evolution.AcceptEvolutionHandler.handle(AcceptEvolutionHandler.java:18) ~[Cobblemon-fabric-1.7.3+1.21.1.jar:?]
	at knot/com.cobblemon.mod.fabric.net.FabricPacketInfo.registerServerHandler$lambda$0(FabricPacketInfo.kt:51) ~[Cobblemon-fabric-1.7.3+1.21.1.jar:?]
	at knot/net.fabricmc.fabric.impl.networking.server.ServerPlayNetworkAddon.lambda$receive$0(ServerPlayNetworkAddon.java:72) ~[fabric-networking-api-v1-4.3.1+d30f6a7919-86d764a26fe2b358.jar:?]
	at knot//MC/net.minecraft.server.ServerTask.run(ServerTask.java:18) ~[server-intermediary.jar:?]
	at knot//MC/net.minecraft.util.thread.ThreadExecutor.executeTask(ThreadExecutor.java:162) ~[server-intermediary.jar:?]
	at knot//MC/net.minecraft.util.thread.ReentrantThreadExecutor.executeTask(ReentrantThreadExecutor.java:23) ~[server-intermediary.jar:?]
	at knot/net.minecraft.server.MinecraftServer.executeTask(MinecraftServer.java:864) ~[server-intermediary.jar:?]
	at knot/net.minecraft.server.MinecraftServer.executeTask(MinecraftServer.java:173) ~[server-intermediary.jar:?]
	at knot//MC/net.minecraft.util.thread.ThreadExecutor.runTask(ThreadExecutor.java:136) ~[server-intermediary.jar:?]
	at knot/net.minecraft.server.MinecraftServer.runOneTask(MinecraftServer.java:846) ~[server-intermediary.jar:?]
	at knot/net.minecraft.server.MinecraftServer.runTask(MinecraftServer.java:840) ~[server-intermediary.jar:?]
	at knot//MC/net.minecraft.util.thread.ThreadExecutor.runTasks(ThreadExecutor.java:145) ~[server-intermediary.jar:?]
	at knot/net.minecraft.server.MinecraftServer.runTasks(MinecraftServer.java:810) ~[server-intermediary.jar:?]
	at knot/net.minecraft.server.MinecraftServer.mixinextras$bridge$method_18857$323(MinecraftServer.java) ~[server-intermediary.jar:?]
	at knot/net.minecraft.server.MinecraftServer.wrapOperation$dda000$modernfix$managedBlock(MinecraftServer.java:2123) ~[server-intermediary.jar:?]
	at knot/net.minecraft.server.MinecraftServer.runTasksTillTickEnd(MinecraftServer.java:815) ~[server-intermediary.jar:?]
	at knot/net.minecraft.server.MinecraftServer.runServer(MinecraftServer.java:702) ~[server-intermediary.jar:?]
	at knot/net.minecraft.server.MinecraftServer.method_29739(MinecraftServer.java:281) ~[server-intermediary.jar:?]
	at java.base/java.lang.Thread.run(Thread.java:1583) [?:?]
[15:19:47] [Server thread/INFO]: Mod proxy <unnamed> resolved as net.blay09.mods.balm.fabric.compat.trinkets.TrinketsIntegration@68a3e8f1
[15:19:49] [Server thread/WARN]: FabroJenkins moved too quickly! -921.7609108527015,1.5,-1195.6611275202085
[15:19:49] [Server thread/INFO]: Portal deac853e-93c1-46ca-b562-b4a6b5089ae8 removed from active list (block destroyed)
[15:19:53] [Server thread/WARN]: FabroJenkins moved too quickly! 1073.737500011921,1.3125,1843.3931508248008
[15:19:53] [Server thread/WARN]: FabroJenkins moved too quickly! 1073.737500011921,1.3125,1843.3931508248008
[15:19:58] [Server thread/WARN]: Unknown item 'cobblemon:nautilus_shell' in loot configuration
[15:20:08] [Server thread/INFO]: [ElKlap0: Teleported ElKlap0 to FabroJenkins]
[15:20:36] [c2me-worker-3/ERROR]: Failed to create block entity minecraft:trial_spawner
java.lang.IllegalStateException: Invalid block entity minecraft:trial_spawner // net.minecraft.block.entity.TrialSpawnerBlockEntity state at BlockPos{x=1104, y=-37, z=406}, got Block{minecraft:spawner}
	at knot//MC/net.minecraft.block.entity.BlockEntity.validateSupports(BlockEntity.java:57) ~[server-intermediary.jar:?]
	at knot//MC/net.minecraft.block.entity.BlockEntity.<init>(BlockEntity.java:51) ~[server-intermediary.jar:?]
	at knot//MC/net.minecraft.block.entity.TrialSpawnerBlockEntity.<init>(TrialSpawnerBlockEntity.java:28) ~[server-intermediary.jar:?]
	at knot//MC/net.minecraft.block.entity.BlockEntityType.instantiate(BlockEntityType.java:99) ~[server-intermediary.jar:?]
	at knot//MC/net.minecraft.block.entity.BlockEntity.method_17899(BlockEntity.java:186) ~[server-intermediary.jar:?]
	at java.base/java.util.Optional.map(Optional.java:260) ~[?:?]
	at knot//MC/net.minecraft.block.entity.BlockEntity.createFromNbt(BlockEntity.java:184) ~[server-intermediary.jar:?]
	at knot/com.lemenok.cobblemontrialsedition.config.SpawnerProperties.getLootTables(SpawnerProperties.java:93) ~[CobblemonTrialsEdition-fabric-2.1.0.jar:?]
	at knot/com.lemenok.cobblemontrialsedition.builder.BuildSpawner.create(BuildSpawner.java:31) ~[CobblemonTrialsEdition-fabric-2.1.0.jar:?]
	at knot/com.lemenok.cobblemontrialsedition.builder.SpawnerBuilder.buildCobblemonTrialSpawnerBlock(SpawnerBuilder.java:90) ~[CobblemonTrialsEdition-fabric-2.1.0.jar:?]
	at knot/com.lemenok.cobblemontrialsedition.processor.JigsawSpawnerReplacementProcessor.process(JigsawSpawnerReplacementProcessor.java:112) ~[CobblemonTrialsEdition-fabric-2.1.0.jar:?]
	at knot//MC/net.minecraft.structure.StructureTemplate.process(StructureTemplate.java:387) ~[server-intermediary.jar:?]
	at knot//MC/net.minecraft.structure.StructureTemplate.place(StructureTemplate.java:225) ~[server-intermediary.jar:?]
	at knot/com.telepathicgrunt.repurposedstructures.world.features.NbtDungeon.generate(NbtDungeon.java:157) ~[repurposed_structures-7.5.21+1.21.1-fabric.jar:?]
	at knot//MC/net.minecraft.world.gen.feature.Feature.generateIfValid(Feature.java:168) ~[server-intermediary.jar:?]
	at knot//MC/net.minecraft.world.gen.feature.ConfiguredFeature.generate(ConfiguredFeature.java:28) ~[server-intermediary.jar:?]
	at knot//MC/net.minecraft.world.gen.feature.PlacedFeature.method_39646(PlacedFeature.java:54) ~[server-intermediary.jar:?]
	at java.base/java.util.stream.ForEachOps$ForEachOp$OfRef.accept(ForEachOps.java:184) ~[?:?]
	at java.base/java.util.stream.Streams$StreamBuilderImpl.forEachRemaining(Streams.java:411) ~[?:?]
	at java.base/java.util.stream.ReferencePipeline$Head.forEach(ReferencePipeline.java:762) ~[?:?]
	at java.base/java.util.stream.ReferencePipeline$7$1.accept(ReferencePipeline.java:276) ~[?:?]
	at java.base/java.util.stream.Streams$StreamBuilderImpl.forEachRemaining(Streams.java:411) ~[?:?]
	at java.base/java.util.stream.ReferencePipeline$Head.forEach(ReferencePipeline.java:762) ~[?:?]
	at java.base/java.util.stream.ReferencePipeline$7$1.accept(ReferencePipeline.java:276) ~[?:?]
	at java.base/java.util.stream.Streams$StreamBuilderImpl.forEachRemaining(Streams.java:411) ~[?:?]
	at java.base/java.util.stream.ReferencePipeline$Head.forEach(ReferencePipeline.java:762) ~[?:?]
	at java.base/java.util.stream.ReferencePipeline$7$1.accept(ReferencePipeline.java:276) ~[?:?]
	at java.base/java.util.stream.ForEachOps$ForEachOp$OfRef.accept(ForEachOps.java:184) ~[?:?]
	at java.base/java.util.stream.IntPipeline$1$1.accept(IntPipeline.java:180) ~[?:?]
	at java.base/java.util.stream.Streams$RangeIntSpliterator.forEachRemaining(Streams.java:104) ~[?:?]
	at java.base/java.util.Spliterator$OfInt.forEachRemaining(Spliterator.java:712) ~[?:?]
	at java.base/java.util.stream.AbstractPipeline.copyInto(AbstractPipeline.java:509) ~[?:?]
	at java.base/java.util.stream.AbstractPipeline.wrapAndCopyInto(AbstractPipeline.java:499) ~[?:?]
	at java.base/java.util.stream.ForEachOps$ForEachOp.evaluateSequential(ForEachOps.java:151) ~[?:?]
	at java.base/java.util.stream.ForEachOps$ForEachOp$OfRef.evaluateSequential(ForEachOps.java:174) ~[?:?]
	at java.base/java.util.stream.AbstractPipeline.evaluate(AbstractPipeline.java:234) ~[?:?]
	at java.base/java.util.stream.ReferencePipeline.forEach(ReferencePipeline.java:596) ~[?:?]
	at java.base/java.util.stream.ReferencePipeline$7$1.accept(ReferencePipeline.java:276) ~[?:?]
	at java.base/java.util.stream.Streams$StreamBuilderImpl.forEachRemaining(Streams.java:411) ~[?:?]
	at java.base/java.util.stream.AbstractPipeline.copyInto(AbstractPipeline.java:509) ~[?:?]
	at java.base/java.util.stream.AbstractPipeline.wrapAndCopyInto(AbstractPipeline.java:499) ~[?:?]
	at java.base/java.util.stream.ForEachOps$ForEachOp.evaluateSequential(ForEachOps.java:151) ~[?:?]
	at java.base/java.util.stream.ForEachOps$ForEachOp$OfRef.evaluateSequential(ForEachOps.java:174) ~[?:?]
	at java.base/java.util.stream.AbstractPipeline.evaluate(AbstractPipeline.java:234) ~[?:?]
	at java.base/java.util.stream.ReferencePipeline.forEach(ReferencePipeline.java:596) ~[?:?]
	at knot//MC/net.minecraft.world.gen.feature.PlacedFeature.generate(PlacedFeature.java:53) ~[server-intermediary.jar:?]
	at knot//MC/net.minecraft.world.gen.feature.PlacedFeature.generate(PlacedFeature.java:42) ~[server-intermediary.jar:?]
	at knot//MC/net.minecraft.world.gen.chunk.ChunkGenerator.generateFeatures(ChunkGenerator.java:361) ~[server-intermediary.jar:?]
	at knot//MC/net.minecraft.world.chunk.ChunkGenerating.generateFeatures(ChunkGenerating.java:103) ~[server-intermediary.jar:?]
	at knot//MC/net.minecraft.world.chunk.ChunkGenerationStep.run(ChunkGenerationStep.java:33) ~[server-intermediary.jar:?]
	at knot/com.ishland.c2me.rewrites.chunksystem.common.statuses.VanillaWorldGenerationDelegate.lambda$upgradeToThis$5(VanillaWorldGenerationDelegate.java:176) ~[c2me-rewrites-chunk-system-0.4.00.23+1.21.1-1bc99f7df269a92d.jar:?]
	at knot/com.ishland.c2me.base.common.scheduler.ScheduledTask.run(ScheduledTask.java:46) [c2me-base-0.4.0-alpha.0.23+1.21.1-b63f9c67bc8f1cf9.jar:?]
	at knot/com.ishland.flowsched.executor.WorkerThread.pollTasks(WorkerThread.java:51) [c2me-base-0.4.0-alpha.0.23+1.21.1-b63f9c67bc8f1cf9.jar:?]
	at knot/com.ishland.flowsched.executor.WorkerThread.run(WorkerThread.java:29) [c2me-base-0.4.0-alpha.0.23+1.21.1-b63f9c67bc8f1cf9.jar:?]
[15:20:36] [c2me-worker-3/WARN]: Skipping BlockEntity with id minecraft:trial_spawner
[15:20:36] [c2me-worker-3/ERROR]: Failed to create block entity minecraft:trial_spawner
java.lang.IllegalStateException: Invalid block entity minecraft:trial_spawner // net.minecraft.block.entity.TrialSpawnerBlockEntity state at BlockPos{x=1104, y=-37, z=406}, got Block{minecraft:spawner}
	at knot//MC/net.minecraft.block.entity.BlockEntity.validateSupports(BlockEntity.java:57) ~[server-intermediary.jar:?]
	at knot//MC/net.minecraft.block.entity.BlockEntity.<init>(BlockEntity.java:51) ~[server-intermediary.jar:?]
	at knot//MC/net.minecraft.block.entity.TrialSpawnerBlockEntity.<init>(TrialSpawnerBlockEntity.java:28) ~[server-intermediary.jar:?]
	at knot//MC/net.minecraft.block.entity.BlockEntityType.instantiate(BlockEntityType.java:99) ~[server-intermediary.jar:?]
	at knot//MC/net.minecraft.block.entity.BlockEntity.method_17899(BlockEntity.java:186) ~[server-intermediary.jar:?]
	at java.base/java.util.Optional.map(Optional.java:260) ~[?:?]
	at knot//MC/net.minecraft.block.entity.BlockEntity.createFromNbt(BlockEntity.java:184) ~[server-intermediary.jar:?]
	at knot/com.lemenok.cobblemontrialsedition.config.SpawnerProperties.getLootTables(SpawnerProperties.java:93) ~[CobblemonTrialsEdition-fabric-2.1.0.jar:?]
	at knot/com.lemenok.cobblemontrialsedition.builder.BuildSpawner.create(BuildSpawner.java:43) ~[CobblemonTrialsEdition-fabric-2.1.0.jar:?]
	at knot/com.lemenok.cobblemontrialsedition.builder.SpawnerBuilder.buildCobblemonTrialSpawnerBlock(SpawnerBuilder.java:90) ~[CobblemonTrialsEdition-fabric-2.1.0.jar:?]
	at knot/com.lemenok.cobblemontrialsedition.processor.JigsawSpawnerReplacementProcessor.process(JigsawSpawnerReplacementProcessor.java:112) ~[CobblemonTrialsEdition-fabric-2.1.0.jar:?]
	at knot//MC/net.minecraft.structure.StructureTemplate.process(StructureTemplate.java:387) ~[server-intermediary.jar:?]
	at knot//MC/net.minecraft.structure.StructureTemplate.place(StructureTemplate.java:225) ~[server-intermediary.jar:?]
	at knot/com.telepathicgrunt.repurposedstructures.world.features.NbtDungeon.generate(NbtDungeon.java:157) ~[repurposed_structures-7.5.21+1.21.1-fabric.jar:?]
	at knot//MC/net.minecraft.world.gen.feature.Feature.generateIfValid(Feature.java:168) ~[server-intermediary.jar:?]
	at knot//MC/net.minecraft.world.gen.feature.ConfiguredFeature.generate(ConfiguredFeature.java:28) ~[server-intermediary.jar:?]
	at knot//MC/net.minecraft.world.gen.feature.PlacedFeature.method_39646(PlacedFeature.java:54) ~[server-intermediary.jar:?]
	at java.base/java.util.stream.ForEachOps$ForEachOp$OfRef.accept(ForEachOps.java:184) ~[?:?]
	at java.base/java.util.stream.Streams$StreamBuilderImpl.forEachRemaining(Streams.java:411) ~[?:?]
	at java.base/java.util.stream.ReferencePipeline$Head.forEach(ReferencePipeline.java:762) ~[?:?]
	at java.base/java.util.stream.ReferencePipeline$7$1.accept(ReferencePipeline.java:276) ~[?:?]
	at java.base/java.util.stream.Streams$StreamBuilderImpl.forEachRemaining(Streams.java:411) ~[?:?]
	at java.base/java.util.stream.ReferencePipeline$Head.forEach(ReferencePipeline.java:762) ~[?:?]
	at java.base/java.util.stream.ReferencePipeline$7$1.accept(ReferencePipeline.java:276) ~[?:?]
	at java.base/java.util.stream.Streams$StreamBuilderImpl.forEachRemaining(Streams.java:411) ~[?:?]
	at java.base/java.util.stream.ReferencePipeline$Head.forEach(ReferencePipeline.java:762) ~[?:?]
	at java.base/java.util.stream.ReferencePipeline$7$1.accept(ReferencePipeline.java:276) ~[?:?]
	at java.base/java.util.stream.ForEachOps$ForEachOp$OfRef.accept(ForEachOps.java:184) ~[?:?]
	at java.base/java.util.stream.IntPipeline$1$1.accept(IntPipeline.java:180) ~[?:?]
	at java.base/java.util.stream.Streams$RangeIntSpliterator.forEachRemaining(Streams.java:104) ~[?:?]
	at java.base/java.util.Spliterator$OfInt.forEachRemaining(Spliterator.java:712) ~[?:?]
	at java.base/java.util.stream.AbstractPipeline.copyInto(AbstractPipeline.java:509) ~[?:?]
	at java.base/java.util.stream.AbstractPipeline.wrapAndCopyInto(AbstractPipeline.java:499) ~[?:?]
	at java.base/java.util.stream.ForEachOps$ForEachOp.evaluateSequential(ForEachOps.java:151) ~[?:?]
	at java.base/java.util.stream.ForEachOps$ForEachOp$OfRef.evaluateSequential(ForEachOps.java:174) ~[?:?]
	at java.base/java.util.stream.AbstractPipeline.evaluate(AbstractPipeline.java:234) ~[?:?]
	at java.base/java.util.stream.ReferencePipeline.forEach(ReferencePipeline.java:596) ~[?:?]
	at java.base/java.util.stream.ReferencePipeline$7$1.accept(ReferencePipeline.java:276) ~[?:?]
	at java.base/java.util.stream.Streams$StreamBuilderImpl.forEachRemaining(Streams.java:411) ~[?:?]
	at java.base/java.util.stream.AbstractPipeline.copyInto(AbstractPipeline.java:509) ~[?:?]
	at java.base/java.util.stream.AbstractPipeline.wrapAndCopyInto(AbstractPipeline.java:499) ~[?:?]
	at java.base/java.util.stream.ForEachOps$ForEachOp.evaluateSequential(ForEachOps.java:151) ~[?:?]
	at java.base/java.util.stream.ForEachOps$ForEachOp$OfRef.evaluateSequential(ForEachOps.java:174) ~[?:?]
	at java.base/java.util.stream.AbstractPipeline.evaluate(AbstractPipeline.java:234) ~[?:?]
	at java.base/java.util.stream.ReferencePipeline.forEach(ReferencePipeline.java:596) ~[?:?]
	at knot//MC/net.minecraft.world.gen.feature.PlacedFeature.generate(PlacedFeature.java:53) ~[server-intermediary.jar:?]
	at knot//MC/net.minecraft.world.gen.feature.PlacedFeature.generate(PlacedFeature.java:42) ~[server-intermediary.jar:?]
	at knot//MC/net.minecraft.world.gen.chunk.ChunkGenerator.generateFeatures(ChunkGenerator.java:361) ~[server-intermediary.jar:?]
	at knot//MC/net.minecraft.world.chunk.ChunkGenerating.generateFeatures(ChunkGenerating.java:103) ~[server-intermediary.jar:?]
	at knot//MC/net.minecraft.world.chunk.ChunkGenerationStep.run(ChunkGenerationStep.java:33) ~[server-intermediary.jar:?]
	at knot/com.ishland.c2me.rewrites.chunksystem.common.statuses.VanillaWorldGenerationDelegate.lambda$upgradeToThis$5(VanillaWorldGenerationDelegate.java:176) ~[c2me-rewrites-chunk-system-0.4.00.23+1.21.1-1bc99f7df269a92d.jar:?]
	at knot/com.ishland.c2me.base.common.scheduler.ScheduledTask.run(ScheduledTask.java:46) [c2me-base-0.4.0-alpha.0.23+1.21.1-b63f9c67bc8f1cf9.jar:?]
	at knot/com.ishland.flowsched.executor.WorkerThread.pollTasks(WorkerThread.java:51) [c2me-base-0.4.0-alpha.0.23+1.21.1-b63f9c67bc8f1cf9.jar:?]
	at knot/com.ishland.flowsched.executor.WorkerThread.run(WorkerThread.java:29) [c2me-base-0.4.0-alpha.0.23+1.21.1-b63f9c67bc8f1cf9.jar:?]
[15:20:36] [c2me-worker-3/WARN]: Skipping BlockEntity with id minecraft:trial_spawner
[15:22:01] [Server thread/INFO]: Saved portal data: 2 portals
[15:22:01] [Server thread/INFO]: Attempting to spawn portal at class_2338{x=877, y=64, z=83} in dimension minecraft:overworld
[15:22:01] [Server thread/INFO]: Successfully spawned dungeon portal at class_2338{x=877, y=64, z=83} near player FabroJenkins
[15:22:01] [Server thread/INFO]: Maximum spawn attempts reached. Skipping this alpha spawn
[15:24:22] [Server thread/WARN]: Entity PokemonEntity['Duosion'/324841, l='ServerLevel[world]', x=882.76, y=64.00, z=-66.36, removed=DISCARDED] wasn't found in section class_4076{x=55, y=4, z=-5} (destroying due to DISCARDED)
[15:24:29] [Server thread/WARN]: Entity PokemonEntity['Duosion'/326794, l='ServerLevel[world]', x=875.53, y=63.00, z=-42.36, removed=DISCARDED] wasn't found in section class_4076{x=54, y=3, z=-3} (destroying due to DISCARDED)
[15:25:22] [Server thread/WARN]: [Rustling Spots] Full Cobblemon Pokemon pool species/form validation skipped: Cobblemon species API is not available on this loader
[15:25:22] [Server thread/INFO]: Could not determine spawn bucket of Houndour[49fafce2-2445-451a-8752-edc56d7136a1]. Common reasons: unnatural spawn, pre-TimCore spawn, or data erased by another mod.
[15:25:52] [Server thread/INFO]: Could not determine spawn bucket of Houndour[49fafce2-2445-451a-8752-edc56d7136a1]. Common reasons: unnatural spawn, pre-TimCore spawn, or data erased by another mod.
[15:26:37] [Server thread/INFO]: PokemonList: [com.cobblemon.mod.common.battles.pokemon.BattlePokemon@43212e44, com.cobblemon.mod.common.battles.pokemon.BattlePokemon@41935f54, com.cobblemon.mod.common.battles.pokemon.BattlePokemon@1a122b83, com.cobblemon.mod.common.battles.pokemon.BattlePokemon@7dc3ca16, com.cobblemon.mod.common.battles.pokemon.BattlePokemon@79b85e5e, com.cobblemon.mod.common.battles.pokemon.BattlePokemon@220ad7c2]
[15:26:40] [Server thread/WARN]: Entity PokemonEntity['Persian'/362073, l='ServerLevel[world]', x=1098.50, y=64.00, z=87.50, removed=DISCARDED] wasn't found in section class_4076{x=68, y=4, z=5} (destroying due to DISCARDED)
[15:27:01] [Server thread/INFO]: Saved portal data: 3 portals
[15:27:01] [Server thread/INFO]: Maximum spawn attempts reached. Skipping this alpha spawn
[15:27:24] [c2me-worker-9/ERROR]: Failed to create block entity minecraft:trial_spawner
java.lang.IllegalStateException: Invalid block entity minecraft:trial_spawner // net.minecraft.block.entity.TrialSpawnerBlockEntity state at BlockPos{x=1330, y=-16, z=238}, got Block{minecraft:spawner}
	at knot//MC/net.minecraft.block.entity.BlockEntity.validateSupports(BlockEntity.java:57) ~[server-intermediary.jar:?]
	at knot//MC/net.minecraft.block.entity.BlockEntity.<init>(BlockEntity.java:51) ~[server-intermediary.jar:?]
	at knot//MC/net.minecraft.block.entity.TrialSpawnerBlockEntity.<init>(TrialSpawnerBlockEntity.java:28) ~[server-intermediary.jar:?]
	at knot//MC/net.minecraft.block.entity.BlockEntityType.instantiate(BlockEntityType.java:99) ~[server-intermediary.jar:?]
	at knot//MC/net.minecraft.block.entity.BlockEntity.method_17899(BlockEntity.java:186) ~[server-intermediary.jar:?]
	at java.base/java.util.Optional.map(Optional.java:260) ~[?:?]
	at knot//MC/net.minecraft.block.entity.BlockEntity.createFromNbt(BlockEntity.java:184) ~[server-intermediary.jar:?]
	at knot/com.lemenok.cobblemontrialsedition.config.SpawnerProperties.getLootTables(SpawnerProperties.java:93) ~[CobblemonTrialsEdition-fabric-2.1.0.jar:?]
	at knot/com.lemenok.cobblemontrialsedition.builder.BuildSpawner.create(BuildSpawner.java:31) ~[CobblemonTrialsEdition-fabric-2.1.0.jar:?]
	at knot/com.lemenok.cobblemontrialsedition.builder.SpawnerBuilder.buildCobblemonTrialSpawnerBlock(SpawnerBuilder.java:90) ~[CobblemonTrialsEdition-fabric-2.1.0.jar:?]
	at knot/com.lemenok.cobblemontrialsedition.processor.JigsawSpawnerReplacementProcessor.process(JigsawSpawnerReplacementProcessor.java:112) ~[CobblemonTrialsEdition-fabric-2.1.0.jar:?]
	at knot//MC/net.minecraft.structure.StructureTemplate.process(StructureTemplate.java:387) ~[server-intermediary.jar:?]
	at knot//MC/net.minecraft.structure.StructureTemplate.place(StructureTemplate.java:225) ~[server-intermediary.jar:?]
	at knot/com.telepathicgrunt.repurposedstructures.world.features.NbtDungeon.generate(NbtDungeon.java:157) ~[repurposed_structures-7.5.21+1.21.1-fabric.jar:?]
	at knot//MC/net.minecraft.world.gen.feature.Feature.generateIfValid(Feature.java:168) ~[server-intermediary.jar:?]
	at knot//MC/net.minecraft.world.gen.feature.ConfiguredFeature.generate(ConfiguredFeature.java:28) ~[server-intermediary.jar:?]
	at knot//MC/net.minecraft.world.gen.feature.PlacedFeature.method_39646(PlacedFeature.java:54) ~[server-intermediary.jar:?]
	at java.base/java.util.stream.ForEachOps$ForEachOp$OfRef.accept(ForEachOps.java:184) ~[?:?]
	at java.base/java.util.stream.Streams$StreamBuilderImpl.forEachRemaining(Streams.java:411) ~[?:?]
	at java.base/java.util.stream.ReferencePipeline$Head.forEach(ReferencePipeline.java:762) ~[?:?]
	at java.base/java.util.stream.ReferencePipeline$7$1.accept(ReferencePipeline.java:276) ~[?:?]
	at java.base/java.util.stream.Streams$StreamBuilderImpl.forEachRemaining(Streams.java:411) ~[?:?]
	at java.base/java.util.stream.ReferencePipeline$Head.forEach(ReferencePipeline.java:762) ~[?:?]
	at java.base/java.util.stream.ReferencePipeline$7$1.accept(ReferencePipeline.java:276) ~[?:?]
	at java.base/java.util.stream.Streams$StreamBuilderImpl.forEachRemaining(Streams.java:411) ~[?:?]
	at java.base/java.util.stream.ReferencePipeline$Head.forEach(ReferencePipeline.java:762) ~[?:?]
	at java.base/java.util.stream.ReferencePipeline$7$1.accept(ReferencePipeline.java:276) ~[?:?]
	at java.base/java.util.stream.ForEachOps$ForEachOp$OfRef.accept(ForEachOps.java:184) ~[?:?]
	at java.base/java.util.stream.IntPipeline$1$1.accept(IntPipeline.java:180) ~[?:?]
	at java.base/java.util.stream.Streams$RangeIntSpliterator.forEachRemaining(Streams.java:104) ~[?:?]
	at java.base/java.util.Spliterator$OfInt.forEachRemaining(Spliterator.java:712) ~[?:?]
	at java.base/java.util.stream.AbstractPipeline.copyInto(AbstractPipeline.java:509) ~[?:?]
	at java.base/java.util.stream.AbstractPipeline.wrapAndCopyInto(AbstractPipeline.java:499) ~[?:?]
	at java.base/java.util.stream.ForEachOps$ForEachOp.evaluateSequential(ForEachOps.java:151) ~[?:?]
	at java.base/java.util.stream.ForEachOps$ForEachOp$OfRef.evaluateSequential(ForEachOps.java:174) ~[?:?]
	at java.base/java.util.stream.AbstractPipeline.evaluate(AbstractPipeline.java:234) ~[?:?]
	at java.base/java.util.stream.ReferencePipeline.forEach(ReferencePipeline.java:596) ~[?:?]
	at java.base/java.util.stream.ReferencePipeline$7$1.accept(ReferencePipeline.java:276) ~[?:?]
	at java.base/java.util.stream.Streams$StreamBuilderImpl.forEachRemaining(Streams.java:411) ~[?:?]
	at java.base/java.util.stream.AbstractPipeline.copyInto(AbstractPipeline.java:509) ~[?:?]
	at java.base/java.util.stream.AbstractPipeline.wrapAndCopyInto(AbstractPipeline.java:499) ~[?:?]
	at java.base/java.util.stream.ForEachOps$ForEachOp.evaluateSequential(ForEachOps.java:151) ~[?:?]
	at java.base/java.util.stream.ForEachOps$ForEachOp$OfRef.evaluateSequential(ForEachOps.java:174) ~[?:?]
	at java.base/java.util.stream.AbstractPipeline.evaluate(AbstractPipeline.java:234) ~[?:?]
	at java.base/java.util.stream.ReferencePipeline.forEach(ReferencePipeline.java:596) ~[?:?]
	at knot//MC/net.minecraft.world.gen.feature.PlacedFeature.generate(PlacedFeature.java:53) ~[server-intermediary.jar:?]
	at knot//MC/net.minecraft.world.gen.feature.PlacedFeature.generate(PlacedFeature.java:42) ~[server-intermediary.jar:?]
	at knot//MC/net.minecraft.world.gen.chunk.ChunkGenerator.generateFeatures(ChunkGenerator.java:361) ~[server-intermediary.jar:?]
	at knot//MC/net.minecraft.world.chunk.ChunkGenerating.generateFeatures(ChunkGenerating.java:103) ~[server-intermediary.jar:?]
	at knot//MC/net.minecraft.world.chunk.ChunkGenerationStep.run(ChunkGenerationStep.java:33) ~[server-intermediary.jar:?]
	at knot/com.ishland.c2me.rewrites.chunksystem.common.statuses.VanillaWorldGenerationDelegate.lambda$upgradeToThis$5(VanillaWorldGenerationDelegate.java:176) ~[c2me-rewrites-chunk-system-0.4.00.23+1.21.1-1bc99f7df269a92d.jar:?]
	at knot/com.ishland.c2me.base.common.scheduler.ScheduledTask.run(ScheduledTask.java:46) [c2me-base-0.4.0-alpha.0.23+1.21.1-b63f9c67bc8f1cf9.jar:?]
	at knot/com.ishland.flowsched.executor.WorkerThread.pollTasks(WorkerThread.java:51) [c2me-base-0.4.0-alpha.0.23+1.21.1-b63f9c67bc8f1cf9.jar:?]
	at knot/com.ishland.flowsched.executor.WorkerThread.run(WorkerThread.java:29) [c2me-base-0.4.0-alpha.0.23+1.21.1-b63f9c67bc8f1cf9.jar:?]
[15:27:24] [c2me-worker-9/WARN]: Skipping BlockEntity with id minecraft:trial_spawner
[15:27:24] [c2me-worker-9/ERROR]: Failed to create block entity minecraft:trial_spawner
java.lang.IllegalStateException: Invalid block entity minecraft:trial_spawner // net.minecraft.block.entity.TrialSpawnerBlockEntity state at BlockPos{x=1330, y=-16, z=238}, got Block{minecraft:spawner}
	at knot//MC/net.minecraft.block.entity.BlockEntity.validateSupports(BlockEntity.java:57) ~[server-intermediary.jar:?]
	at knot//MC/net.minecraft.block.entity.BlockEntity.<init>(BlockEntity.java:51) ~[server-intermediary.jar:?]
	at knot//MC/net.minecraft.block.entity.TrialSpawnerBlockEntity.<init>(TrialSpawnerBlockEntity.java:28) ~[server-intermediary.jar:?]
	at knot//MC/net.minecraft.block.entity.BlockEntityType.instantiate(BlockEntityType.java:99) ~[server-intermediary.jar:?]
	at knot//MC/net.minecraft.block.entity.BlockEntity.method_17899(BlockEntity.java:186) ~[server-intermediary.jar:?]
	at java.base/java.util.Optional.map(Optional.java:260) ~[?:?]
	at knot//MC/net.minecraft.block.entity.BlockEntity.createFromNbt(BlockEntity.java:184) ~[server-intermediary.jar:?]
	at knot/com.lemenok.cobblemontrialsedition.config.SpawnerProperties.getLootTables(SpawnerProperties.java:93) ~[CobblemonTrialsEdition-fabric-2.1.0.jar:?]
	at knot/com.lemenok.cobblemontrialsedition.builder.BuildSpawner.create(BuildSpawner.java:43) ~[CobblemonTrialsEdition-fabric-2.1.0.jar:?]
	at knot/com.lemenok.cobblemontrialsedition.builder.SpawnerBuilder.buildCobblemonTrialSpawnerBlock(SpawnerBuilder.java:90) ~[CobblemonTrialsEdition-fabric-2.1.0.jar:?]
	at knot/com.lemenok.cobblemontrialsedition.processor.JigsawSpawnerReplacementProcessor.process(JigsawSpawnerReplacementProcessor.java:112) ~[CobblemonTrialsEdition-fabric-2.1.0.jar:?]
	at knot//MC/net.minecraft.structure.StructureTemplate.process(StructureTemplate.java:387) ~[server-intermediary.jar:?]
	at knot//MC/net.minecraft.structure.StructureTemplate.place(StructureTemplate.java:225) ~[server-intermediary.jar:?]
	at knot/com.telepathicgrunt.repurposedstructures.world.features.NbtDungeon.generate(NbtDungeon.java:157) ~[repurposed_structures-7.5.21+1.21.1-fabric.jar:?]
	at knot//MC/net.minecraft.world.gen.feature.Feature.generateIfValid(Feature.java:168) ~[server-intermediary.jar:?]
	at knot//MC/net.minecraft.world.gen.feature.ConfiguredFeature.generate(ConfiguredFeature.java:28) ~[server-intermediary.jar:?]
	at knot//MC/net.minecraft.world.gen.feature.PlacedFeature.method_39646(PlacedFeature.java:54) ~[server-intermediary.jar:?]
	at java.base/java.util.stream.ForEachOps$ForEachOp$OfRef.accept(ForEachOps.java:184) ~[?:?]
	at java.base/java.util.stream.Streams$StreamBuilderImpl.forEachRemaining(Streams.java:411) ~[?:?]
	at java.base/java.util.stream.ReferencePipeline$Head.forEach(ReferencePipeline.java:762) ~[?:?]
	at java.base/java.util.stream.ReferencePipeline$7$1.accept(ReferencePipeline.java:276) ~[?:?]
	at java.base/java.util.stream.Streams$StreamBuilderImpl.forEachRemaining(Streams.java:411) ~[?:?]
	at java.base/java.util.stream.ReferencePipeline$Head.forEach(ReferencePipeline.java:762) ~[?:?]
	at java.base/java.util.stream.ReferencePipeline$7$1.accept(ReferencePipeline.java:276) ~[?:?]
	at java.base/java.util.stream.Streams$StreamBuilderImpl.forEachRemaining(Streams.java:411) ~[?:?]
	at java.base/java.util.stream.ReferencePipeline$Head.forEach(ReferencePipeline.java:762) ~[?:?]
	at java.base/java.util.stream.ReferencePipeline$7$1.accept(ReferencePipeline.java:276) ~[?:?]
	at java.base/java.util.stream.ForEachOps$ForEachOp$OfRef.accept(ForEachOps.java:184) ~[?:?]
	at java.base/java.util.stream.IntPipeline$1$1.accept(IntPipeline.java:180) ~[?:?]
	at java.base/java.util.stream.Streams$RangeIntSpliterator.forEachRemaining(Streams.java:104) ~[?:?]
	at java.base/java.util.Spliterator$OfInt.forEachRemaining(Spliterator.java:712) ~[?:?]
	at java.base/java.util.stream.AbstractPipeline.copyInto(AbstractPipeline.java:509) ~[?:?]
	at java.base/java.util.stream.AbstractPipeline.wrapAndCopyInto(AbstractPipeline.java:499) ~[?:?]
	at java.base/java.util.stream.ForEachOps$ForEachOp.evaluateSequential(ForEachOps.java:151) ~[?:?]
	at java.base/java.util.stream.ForEachOps$ForEachOp$OfRef.evaluateSequential(ForEachOps.java:174) ~[?:?]
	at java.base/java.util.stream.AbstractPipeline.evaluate(AbstractPipeline.java:234) ~[?:?]
	at java.base/java.util.stream.ReferencePipeline.forEach(ReferencePipeline.java:596) ~[?:?]
	at java.base/java.util.stream.ReferencePipeline$7$1.accept(ReferencePipeline.java:276) ~[?:?]
	at java.base/java.util.stream.Streams$StreamBuilderImpl.forEachRemaining(Streams.java:411) ~[?:?]
	at java.base/java.util.stream.AbstractPipeline.copyInto(AbstractPipeline.java:509) ~[?:?]
	at java.base/java.util.stream.AbstractPipeline.wrapAndCopyInto(AbstractPipeline.java:499) ~[?:?]
	at java.base/java.util.stream.ForEachOps$ForEachOp.evaluateSequential(ForEachOps.java:151) ~[?:?]
	at java.base/java.util.stream.ForEachOps$ForEachOp$OfRef.evaluateSequential(ForEachOps.java:174) ~[?:?]
	at java.base/java.util.stream.AbstractPipeline.evaluate(AbstractPipeline.java:234) ~[?:?]
	at java.base/java.util.stream.ReferencePipeline.forEach(ReferencePipeline.java:596) ~[?:?]
	at knot//MC/net.minecraft.world.gen.feature.PlacedFeature.generate(PlacedFeature.java:53) ~[server-intermediary.jar:?]
	at knot//MC/net.minecraft.world.gen.feature.PlacedFeature.generate(PlacedFeature.java:42) ~[server-intermediary.jar:?]
	at knot//MC/net.minecraft.world.gen.chunk.ChunkGenerator.generateFeatures(ChunkGenerator.java:361) ~[server-intermediary.jar:?]
	at knot//MC/net.minecraft.world.chunk.ChunkGenerating.generateFeatures(ChunkGenerating.java:103) ~[server-intermediary.jar:?]
	at knot//MC/net.minecraft.world.chunk.ChunkGenerationStep.run(ChunkGenerationStep.java:33) ~[server-intermediary.jar:?]
	at knot/com.ishland.c2me.rewrites.chunksystem.common.statuses.VanillaWorldGenerationDelegate.lambda$upgradeToThis$5(VanillaWorldGenerationDelegate.java:176) ~[c2me-rewrites-chunk-system-0.4.00.23+1.21.1-1bc99f7df269a92d.jar:?]
	at knot/com.ishland.c2me.base.common.scheduler.ScheduledTask.run(ScheduledTask.java:46) [c2me-base-0.4.0-alpha.0.23+1.21.1-b63f9c67bc8f1cf9.jar:?]
	at knot/com.ishland.flowsched.executor.WorkerThread.pollTasks(WorkerThread.java:51) [c2me-base-0.4.0-alpha.0.23+1.21.1-b63f9c67bc8f1cf9.jar:?]
	at knot/com.ishland.flowsched.executor.WorkerThread.run(WorkerThread.java:29) [c2me-base-0.4.0-alpha.0.23+1.21.1-b63f9c67bc8f1cf9.jar:?]
[15:27:24] [c2me-worker-9/WARN]: Skipping BlockEntity with id minecraft:trial_spawner
[15:29:26] [c2me-worker-3/ERROR]: Failed to create block entity minecraft:trial_spawner
java.lang.IllegalStateException: Invalid block entity minecraft:trial_spawner // net.minecraft.block.entity.TrialSpawnerBlockEntity state at BlockPos{x=1443, y=-47, z=236}, got Block{minecraft:spawner}
	at knot//MC/net.minecraft.block.entity.BlockEntity.validateSupports(BlockEntity.java:57) ~[server-intermediary.jar:?]
	at knot//MC/net.minecraft.block.entity.BlockEntity.<init>(BlockEntity.java:51) ~[server-intermediary.jar:?]
	at knot//MC/net.minecraft.block.entity.TrialSpawnerBlockEntity.<init>(TrialSpawnerBlockEntity.java:28) ~[server-intermediary.jar:?]
	at knot//MC/net.minecraft.block.entity.BlockEntityType.instantiate(BlockEntityType.java:99) ~[server-intermediary.jar:?]
	at knot//MC/net.minecraft.block.entity.BlockEntity.method_17899(BlockEntity.java:186) ~[server-intermediary.jar:?]
	at java.base/java.util.Optional.map(Optional.java:260) ~[?:?]
	at knot//MC/net.minecraft.block.entity.BlockEntity.createFromNbt(BlockEntity.java:184) ~[server-intermediary.jar:?]
	at knot/com.lemenok.cobblemontrialsedition.config.SpawnerProperties.getLootTables(SpawnerProperties.java:93) ~[CobblemonTrialsEdition-fabric-2.1.0.jar:?]
	at knot/com.lemenok.cobblemontrialsedition.builder.BuildSpawner.create(BuildSpawner.java:31) ~[CobblemonTrialsEdition-fabric-2.1.0.jar:?]
	at knot/com.lemenok.cobblemontrialsedition.builder.SpawnerBuilder.buildCobblemonTrialSpawnerBlock(SpawnerBuilder.java:90) ~[CobblemonTrialsEdition-fabric-2.1.0.jar:?]
	at knot/com.lemenok.cobblemontrialsedition.processor.JigsawSpawnerReplacementProcessor.process(JigsawSpawnerReplacementProcessor.java:112) ~[CobblemonTrialsEdition-fabric-2.1.0.jar:?]
	at knot//MC/net.minecraft.structure.StructureTemplate.process(StructureTemplate.java:387) ~[server-intermediary.jar:?]
	at knot//MC/net.minecraft.structure.StructureTemplate.place(StructureTemplate.java:225) ~[server-intermediary.jar:?]
	at knot/com.telepathicgrunt.repurposedstructures.world.features.NbtDungeon.generate(NbtDungeon.java:157) ~[repurposed_structures-7.5.21+1.21.1-fabric.jar:?]
	at knot//MC/net.minecraft.world.gen.feature.Feature.generateIfValid(Feature.java:168) ~[server-intermediary.jar:?]
	at knot//MC/net.minecraft.world.gen.feature.ConfiguredFeature.generate(ConfiguredFeature.java:28) ~[server-intermediary.jar:?]
	at knot//MC/net.minecraft.world.gen.feature.PlacedFeature.method_39646(PlacedFeature.java:54) ~[server-intermediary.jar:?]
	at java.base/java.util.stream.ForEachOps$ForEachOp$OfRef.accept(ForEachOps.java:184) ~[?:?]
	at java.base/java.util.stream.Streams$StreamBuilderImpl.forEachRemaining(Streams.java:411) ~[?:?]
	at java.base/java.util.stream.ReferencePipeline$Head.forEach(ReferencePipeline.java:762) ~[?:?]
	at java.base/java.util.stream.ReferencePipeline$7$1.accept(ReferencePipeline.java:276) ~[?:?]
	at java.base/java.util.stream.Streams$StreamBuilderImpl.forEachRemaining(Streams.java:411) ~[?:?]
	at java.base/java.util.stream.ReferencePipeline$Head.forEach(ReferencePipeline.java:762) ~[?:?]
	at java.base/java.util.stream.ReferencePipeline$7$1.accept(ReferencePipeline.java:276) ~[?:?]
	at java.base/java.util.stream.Streams$StreamBuilderImpl.forEachRemaining(Streams.java:411) ~[?:?]
	at java.base/java.util.stream.ReferencePipeline$Head.forEach(ReferencePipeline.java:762) ~[?:?]
	at java.base/java.util.stream.ReferencePipeline$7$1.accept(ReferencePipeline.java:276) ~[?:?]
	at java.base/java.util.stream.ForEachOps$ForEachOp$OfRef.accept(ForEachOps.java:184) ~[?:?]
	at java.base/java.util.stream.IntPipeline$1$1.accept(IntPipeline.java:180) ~[?:?]
	at java.base/java.util.stream.Streams$RangeIntSpliterator.forEachRemaining(Streams.java:104) ~[?:?]
	at java.base/java.util.Spliterator$OfInt.forEachRemaining(Spliterator.java:712) ~[?:?]
	at java.base/java.util.stream.AbstractPipeline.copyInto(AbstractPipeline.java:509) ~[?:?]
	at java.base/java.util.stream.AbstractPipeline.wrapAndCopyInto(AbstractPipeline.java:499) ~[?:?]
	at java.base/java.util.stream.ForEachOps$ForEachOp.evaluateSequential(ForEachOps.java:151) ~[?:?]
	at java.base/java.util.stream.ForEachOps$ForEachOp$OfRef.evaluateSequential(ForEachOps.java:174) ~[?:?]
	at java.base/java.util.stream.AbstractPipeline.evaluate(AbstractPipeline.java:234) ~[?:?]
	at java.base/java.util.stream.ReferencePipeline.forEach(ReferencePipeline.java:596) ~[?:?]
	at java.base/java.util.stream.ReferencePipeline$7$1.accept(ReferencePipeline.java:276) ~[?:?]
	at java.base/java.util.stream.Streams$StreamBuilderImpl.forEachRemaining(Streams.java:411) ~[?:?]
	at java.base/java.util.stream.AbstractPipeline.copyInto(AbstractPipeline.java:509) ~[?:?]
	at java.base/java.util.stream.AbstractPipeline.wrapAndCopyInto(AbstractPipeline.java:499) ~[?:?]
	at java.base/java.util.stream.ForEachOps$ForEachOp.evaluateSequential(ForEachOps.java:151) ~[?:?]
	at java.base/java.util.stream.ForEachOps$ForEachOp$OfRef.evaluateSequential(ForEachOps.java:174) ~[?:?]
	at java.base/java.util.stream.AbstractPipeline.evaluate(AbstractPipeline.java:234) ~[?:?]
	at java.base/java.util.stream.ReferencePipeline.forEach(ReferencePipeline.java:596) ~[?:?]
	at knot//MC/net.minecraft.world.gen.feature.PlacedFeature.generate(PlacedFeature.java:53) ~[server-intermediary.jar:?]
	at knot//MC/net.minecraft.world.gen.feature.PlacedFeature.generate(PlacedFeature.java:42) ~[server-intermediary.jar:?]
	at knot//MC/net.minecraft.world.gen.chunk.ChunkGenerator.generateFeatures(ChunkGenerator.java:361) ~[server-intermediary.jar:?]
	at knot//MC/net.minecraft.world.chunk.ChunkGenerating.generateFeatures(ChunkGenerating.java:103) ~[server-intermediary.jar:?]
	at knot//MC/net.minecraft.world.chunk.ChunkGenerationStep.run(ChunkGenerationStep.java:33) ~[server-intermediary.jar:?]
	at knot/com.ishland.c2me.rewrites.chunksystem.common.statuses.VanillaWorldGenerationDelegate.lambda$upgradeToThis$5(VanillaWorldGenerationDelegate.java:176) ~[c2me-rewrites-chunk-system-0.4.00.23+1.21.1-1bc99f7df269a92d.jar:?]
	at knot/com.ishland.c2me.base.common.scheduler.ScheduledTask.run(ScheduledTask.java:46) [c2me-base-0.4.0-alpha.0.23+1.21.1-b63f9c67bc8f1cf9.jar:?]
	at knot/com.ishland.flowsched.executor.WorkerThread.pollTasks(WorkerThread.java:51) [c2me-base-0.4.0-alpha.0.23+1.21.1-b63f9c67bc8f1cf9.jar:?]
	at knot/com.ishland.flowsched.executor.WorkerThread.run(WorkerThread.java:29) [c2me-base-0.4.0-alpha.0.23+1.21.1-b63f9c67bc8f1cf9.jar:?]
[15:29:26] [c2me-worker-3/WARN]: Skipping BlockEntity with id minecraft:trial_spawner
[15:29:26] [c2me-worker-3/ERROR]: Failed to create block entity minecraft:trial_spawner
java.lang.IllegalStateException: Invalid block entity minecraft:trial_spawner // net.minecraft.block.entity.TrialSpawnerBlockEntity state at BlockPos{x=1443, y=-47, z=236}, got Block{minecraft:spawner}
	at knot//MC/net.minecraft.block.entity.BlockEntity.validateSupports(BlockEntity.java:57) ~[server-intermediary.jar:?]
	at knot//MC/net.minecraft.block.entity.BlockEntity.<init>(BlockEntity.java:51) ~[server-intermediary.jar:?]
	at knot//MC/net.minecraft.block.entity.TrialSpawnerBlockEntity.<init>(TrialSpawnerBlockEntity.java:28) ~[server-intermediary.jar:?]
	at knot//MC/net.minecraft.block.entity.BlockEntityType.instantiate(BlockEntityType.java:99) ~[server-intermediary.jar:?]
	at knot//MC/net.minecraft.block.entity.BlockEntity.method_17899(BlockEntity.java:186) ~[server-intermediary.jar:?]
	at java.base/java.util.Optional.map(Optional.java:260) ~[?:?]
	at knot//MC/net.minecraft.block.entity.BlockEntity.createFromNbt(BlockEntity.java:184) ~[server-intermediary.jar:?]
	at knot/com.lemenok.cobblemontrialsedition.config.SpawnerProperties.getLootTables(SpawnerProperties.java:93) ~[CobblemonTrialsEdition-fabric-2.1.0.jar:?]
	at knot/com.lemenok.cobblemontrialsedition.builder.BuildSpawner.create(BuildSpawner.java:43) ~[CobblemonTrialsEdition-fabric-2.1.0.jar:?]
	at knot/com.lemenok.cobblemontrialsedition.builder.SpawnerBuilder.buildCobblemonTrialSpawnerBlock(SpawnerBuilder.java:90) ~[CobblemonTrialsEdition-fabric-2.1.0.jar:?]
	at knot/com.lemenok.cobblemontrialsedition.processor.JigsawSpawnerReplacementProcessor.process(JigsawSpawnerReplacementProcessor.java:112) ~[CobblemonTrialsEdition-fabric-2.1.0.jar:?]
	at knot//MC/net.minecraft.structure.StructureTemplate.process(StructureTemplate.java:387) ~[server-intermediary.jar:?]
	at knot//MC/net.minecraft.structure.StructureTemplate.place(StructureTemplate.java:225) ~[server-intermediary.jar:?]
	at knot/com.telepathicgrunt.repurposedstructures.world.features.NbtDungeon.generate(NbtDungeon.java:157) ~[repurposed_structures-7.5.21+1.21.1-fabric.jar:?]
	at knot//MC/net.minecraft.world.gen.feature.Feature.generateIfValid(Feature.java:168) ~[server-intermediary.jar:?]
	at knot//MC/net.minecraft.world.gen.feature.ConfiguredFeature.generate(ConfiguredFeature.java:28) ~[server-intermediary.jar:?]
	at knot//MC/net.minecraft.world.gen.feature.PlacedFeature.method_39646(PlacedFeature.java:54) ~[server-intermediary.jar:?]
	at java.base/java.util.stream.ForEachOps$ForEachOp$OfRef.accept(ForEachOps.java:184) ~[?:?]
	at java.base/java.util.stream.Streams$StreamBuilderImpl.forEachRemaining(Streams.java:411) ~[?:?]
	at java.base/java.util.stream.ReferencePipeline$Head.forEach(ReferencePipeline.java:762) ~[?:?]
	at java.base/java.util.stream.ReferencePipeline$7$1.accept(ReferencePipeline.java:276) ~[?:?]
	at java.base/java.util.stream.Streams$StreamBuilderImpl.forEachRemaining(Streams.java:411) ~[?:?]
	at java.base/java.util.stream.ReferencePipeline$Head.forEach(ReferencePipeline.java:762) ~[?:?]
	at java.base/java.util.stream.ReferencePipeline$7$1.accept(ReferencePipeline.java:276) ~[?:?]
	at java.base/java.util.stream.Streams$StreamBuilderImpl.forEachRemaining(Streams.java:411) ~[?:?]
	at java.base/java.util.stream.ReferencePipeline$Head.forEach(ReferencePipeline.java:762) ~[?:?]
	at java.base/java.util.stream.ReferencePipeline$7$1.accept(ReferencePipeline.java:276) ~[?:?]
	at java.base/java.util.stream.ForEachOps$ForEachOp$OfRef.accept(ForEachOps.java:184) ~[?:?]
	at java.base/java.util.stream.IntPipeline$1$1.accept(IntPipeline.java:180) ~[?:?]
	at java.base/java.util.stream.Streams$RangeIntSpliterator.forEachRemaining(Streams.java:104) ~[?:?]
	at java.base/java.util.Spliterator$OfInt.forEachRemaining(Spliterator.java:712) ~[?:?]
	at java.base/java.util.stream.AbstractPipeline.copyInto(AbstractPipeline.java:509) ~[?:?]
	at java.base/java.util.stream.AbstractPipeline.wrapAndCopyInto(AbstractPipeline.java:499) ~[?:?]
	at java.base/java.util.stream.ForEachOps$ForEachOp.evaluateSequential(ForEachOps.java:151) ~[?:?]
	at java.base/java.util.stream.ForEachOps$ForEachOp$OfRef.evaluateSequential(ForEachOps.java:174) ~[?:?]
	at java.base/java.util.stream.AbstractPipeline.evaluate(AbstractPipeline.java:234) ~[?:?]
	at java.base/java.util.stream.ReferencePipeline.forEach(ReferencePipeline.java:596) ~[?:?]
	at java.base/java.util.stream.ReferencePipeline$7$1.accept(ReferencePipeline.java:276) ~[?:?]
	at java.base/java.util.stream.Streams$StreamBuilderImpl.forEachRemaining(Streams.java:411) ~[?:?]
	at java.base/java.util.stream.AbstractPipeline.copyInto(AbstractPipeline.java:509) ~[?:?]
	at java.base/java.util.stream.AbstractPipeline.wrapAndCopyInto(AbstractPipeline.java:499) ~[?:?]
	at java.base/java.util.stream.ForEachOps$ForEachOp.evaluateSequential(ForEachOps.java:151) ~[?:?]
	at java.base/java.util.stream.ForEachOps$ForEachOp$OfRef.evaluateSequential(ForEachOps.java:174) ~[?:?]
	at java.base/java.util.stream.AbstractPipeline.evaluate(AbstractPipeline.java:234) ~[?:?]
	at java.base/java.util.stream.ReferencePipeline.forEach(ReferencePipeline.java:596) ~[?:?]
	at knot//MC/net.minecraft.world.gen.feature.PlacedFeature.generate(PlacedFeature.java:53) ~[server-intermediary.jar:?]
	at knot//MC/net.minecraft.world.gen.feature.PlacedFeature.generate(PlacedFeature.java:42) ~[server-intermediary.jar:?]
	at knot//MC/net.minecraft.world.gen.chunk.ChunkGenerator.generateFeatures(ChunkGenerator.java:361) ~[server-intermediary.jar:?]
	at knot//MC/net.minecraft.world.chunk.ChunkGenerating.generateFeatures(ChunkGenerating.java:103) ~[server-intermediary.jar:?]
	at knot//MC/net.minecraft.world.chunk.ChunkGenerationStep.run(ChunkGenerationStep.java:33) ~[server-intermediary.jar:?]
	at knot/com.ishland.c2me.rewrites.chunksystem.common.statuses.VanillaWorldGenerationDelegate.lambda$upgradeToThis$5(VanillaWorldGenerationDelegate.java:176) ~[c2me-rewrites-chunk-system-0.4.00.23+1.21.1-1bc99f7df269a92d.jar:?]
	at knot/com.ishland.c2me.base.common.scheduler.ScheduledTask.run(ScheduledTask.java:46) [c2me-base-0.4.0-alpha.0.23+1.21.1-b63f9c67bc8f1cf9.jar:?]
	at knot/com.ishland.flowsched.executor.WorkerThread.pollTasks(WorkerThread.java:51) [c2me-base-0.4.0-alpha.0.23+1.21.1-b63f9c67bc8f1cf9.jar:?]
	at knot/com.ishland.flowsched.executor.WorkerThread.run(WorkerThread.java:29) [c2me-base-0.4.0-alpha.0.23+1.21.1-b63f9c67bc8f1cf9.jar:?]
[15:29:26] [c2me-worker-3/WARN]: Skipping BlockEntity with id minecraft:trial_spawner
[15:29:53] [Server thread/INFO]: [ElKlap0: Teleported ElKlap0 to FabroJenkins]
[15:30:00] [Server thread/INFO]: [CobblemonCards] BINGO ! Le Binder a transformé un sauvage (Silicobra) en type Normal (Dolliv) grâce à 1.1817464% de chance !
[15:30:00] [Server thread/INFO]: Could not determine spawn bucket of Dolliv[efe0ba75-4c1a-4558-bd65-1a84a46a5b3d]. Common reasons: unnatural spawn, pre-TimCore spawn, or data erased by another mod.
[15:30:45] [Server thread/INFO]: Could not determine spawn bucket of Dolliv[efe0ba75-4c1a-4558-bd65-1a84a46a5b3d]. Common reasons: unnatural spawn, pre-TimCore spawn, or data erased by another mod.
[15:31:14] [Server thread/INFO]: [CobblemonCards] BINGO ! Le Binder a transformé un sauvage (Cacnea) en type Normal (Zangoose) grâce à 1.1817464% de chance !
[15:31:14] [Server thread/INFO]: Could not determine spawn bucket of Zangoose[9d475586-4f76-45fb-b6d9-e222d9fe326f]. Common reasons: unnatural spawn, pre-TimCore spawn, or data erased by another mod.
[15:31:43] [Server thread/INFO]: Could not determine spawn bucket of Zangoose[9d475586-4f76-45fb-b6d9-e222d9fe326f]. Common reasons: unnatural spawn, pre-TimCore spawn, or data erased by another mod.
[15:32:01] [Server thread/INFO]: Saved portal data: 2 portals
[15:32:01] [Server thread/INFO]: Attempting to spawn portal at class_2338{x=788, y=113, z=-167} in dimension minecraft:overworld
[15:32:01] [Server thread/INFO]: Successfully spawned dungeon portal at class_2338{x=788, y=113, z=-167} near player FabroJenkins
[15:32:01] [Server thread/INFO]: An Alpha Pokemon has spawned near somebody!
[15:32:01] [Server thread/INFO]: Could not determine spawn bucket of Mudsdale[0194561a-9830-4288-83a6-14cd90d9b211]. Common reasons: unnatural spawn, pre-TimCore spawn, or data erased by another mod.
[15:32:01] [Server thread/INFO]: Could not determine spawn bucket of Mudbray[baf53246-b7b5-4723-bd92-642fe06c164a]. Common reasons: unnatural spawn, pre-TimCore spawn, or data erased by another mod.
[15:32:01] [Server thread/INFO]: Could not determine spawn bucket of Mudbray[12975818-07d9-43a0-bacb-eed6a57f7c18]. Common reasons: unnatural spawn, pre-TimCore spawn, or data erased by another mod.
[15:32:01] [Server thread/INFO]: Could not determine spawn bucket of Mudbray[180da057-20f8-4396-bcb9-257a05197611]. Common reasons: unnatural spawn, pre-TimCore spawn, or data erased by another mod.
[15:32:01] [Server thread/INFO]: Could not determine spawn bucket of Mudbray[e7c39f11-e7fb-47a2-ba8b-51ceba068e71]. Common reasons: unnatural spawn, pre-TimCore spawn, or data erased by another mod.
[15:33:11] [Server thread/INFO]: [CobblemonCards] BINGO ! Le Binder a transformé un sauvage (Carvanha) en type Normal (Pidove) grâce à 1.1817464% de chance !
[15:33:11] [Server thread/INFO]: Could not determine spawn bucket of Pidove[c15dddcf-d0aa-49d8-8674-d4c53729ad17]. Common reasons: unnatural spawn, pre-TimCore spawn, or data erased by another mod.
[15:33:33] [Server thread/INFO]: Could not determine spawn bucket of Fletchinder[3f7a6c06-745a-4a32-a043-7f65337e035d]. Common reasons: unnatural spawn, pre-TimCore spawn, or data erased by another mod.
[15:33:40] [Server thread/INFO]: [ElKlap0: Teleported ElKlap0 to FabroJenkins]
[15:35:01] [Server thread/INFO]: Could not determine spawn bucket of Pidove[c15dddcf-d0aa-49d8-8674-d4c53729ad17]. Common reasons: unnatural spawn, pre-TimCore spawn, or data erased by another mod.
[15:35:42] [Server thread/WARN]: tbcs mod (>= 0.14.0-beta) not detected, trainer win commands will be ignored!
[15:35:48] [Server thread/INFO]: PokemonList: [com.cobblemon.mod.common.battles.pokemon.BattlePokemon@42e1d59c, com.cobblemon.mod.common.battles.pokemon.BattlePokemon@2bfd9450, com.cobblemon.mod.common.battles.pokemon.BattlePokemon@67663df9, com.cobblemon.mod.common.battles.pokemon.BattlePokemon@6b17e06d, com.cobblemon.mod.common.battles.pokemon.BattlePokemon@29dbe058, com.cobblemon.mod.common.battles.pokemon.BattlePokemon@6ec3ae27]
[15:35:53] [Server thread/WARN]: Entity PokemonEntity['Persian'/643314, l='ServerLevel[world]', x=697.04, y=64.00, z=-254.75, removed=DISCARDED] wasn't found in section class_4076{x=43, y=4, z=-16} (destroying due to DISCARDED)
[15:37:01] [Server thread/INFO]: Saved portal data: 3 portals
[15:37:01] [Server thread/INFO]: Could not determine spawn bucket of Mudsdale[0194561a-9830-4288-83a6-14cd90d9b211]. Common reasons: unnatural spawn, pre-TimCore spawn, or data erased by another mod.
[15:37:01] [Server thread/INFO]: Could not determine spawn bucket of Mudbray[baf53246-b7b5-4723-bd92-642fe06c164a]. Common reasons: unnatural spawn, pre-TimCore spawn, or data erased by another mod.
[15:37:01] [Server thread/INFO]: Could not determine spawn bucket of Mudbray[12975818-07d9-43a0-bacb-eed6a57f7c18]. Common reasons: unnatural spawn, pre-TimCore spawn, or data erased by another mod.
[15:37:01] [Server thread/INFO]: Could not determine spawn bucket of Mudbray[180da057-20f8-4396-bcb9-257a05197611]. Common reasons: unnatural spawn, pre-TimCore spawn, or data erased by another mod.
[15:37:01] [Server thread/INFO]: Could not determine spawn bucket of Mudbray[e7c39f11-e7fb-47a2-ba8b-51ceba068e71]. Common reasons: unnatural spawn, pre-TimCore spawn, or data erased by another mod.
[15:37:01] [Server thread/INFO]: Maximum spawn attempts reached. Skipping this alpha spawn
[15:41:59] [Netty Server IO #31/INFO]: Player ElKlap0 disconnected, saving their progress data
[15:41:59] [Netty Server IO #31/INFO]: Saved shrine progress for player ElKlap0 in world world_931570350
[15:41:59] [Server thread/INFO]: ElKlap0 lost connection: Disconnected
[15:41:59] [Server thread/INFO]: ElKlap0 left the game
[15:41:59] [Server thread/INFO]: Unregistered trainer player: ElKlap0
[15:42:00] [Server thread/INFO]: Saved portal data: 2 portals
[15:42:01] [Server thread/INFO]: Saved timer data: 2 players, 10 timers
[15:42:01] [Server thread/INFO]: Attempting to spawn portal at class_2338{x=652, y=64, z=-344} in dimension minecraft:overworld
[15:42:01] [Server thread/INFO]: Successfully spawned dungeon portal at class_2338{x=652, y=64, z=-344} near player FabroJenkins
[15:42:01] [Server thread/INFO]: Maximum spawn attempts reached. Skipping this alpha spawn
[15:42:38] [Server thread/INFO]: [CobblemonCards] BINGO ! Le Binder a transformé un sauvage (Tentacool) en type Normal (Farfetch’d) grâce à 1.1817464% de chance !
[15:42:38] [Server thread/INFO]: Could not determine spawn bucket of Farfetch'd[c3915334-e056-4172-80b8-177e1e2d91c1]. Common reasons: unnatural spawn, pre-TimCore spawn, or data erased by another mod.
[15:43:18] [Server thread/INFO]: Could not determine spawn bucket of Farfetch'd[c3915334-e056-4172-80b8-177e1e2d91c1]. Common reasons: unnatural spawn, pre-TimCore spawn, or data erased by another mod.
[15:43:25] [User Authenticator #3/INFO]: UUID of player El_toilet is ef1bd441-13dd-408e-8a0e-d988f6d3be4e
[15:43:29] [Server thread/INFO]: El_toilet[/73.249.245.17:57389] logged in with entity id 899605 at (-8.5, 104.0, -2.5)
[15:43:29] [Server thread/INFO]: [Essential Commands] Loading PlayerData for player with uuid 'ef1bd441-13dd-408e-8a0e-d988f6d3be4e'.
[15:43:29] [Server thread/INFO]: Sending server config values to client
[15:43:29] [Server thread/ERROR]: .old File pokedex for ef1bd441-13dd-408e-8a0e-d988f6d3be4e is corrupt or missing. Data is lost
[15:43:29] [Server thread/INFO]: Player El_toilet joined, loading progress data
[15:43:29] [Server thread/ERROR]: .old File cobblemonplayerdata for ef1bd441-13dd-408e-8a0e-d988f6d3be4e is corrupt or missing. Data is lost
[15:43:29] [Server thread/ERROR]: .old File cobblenav/spawndata for ef1bd441-13dd-408e-8a0e-d988f6d3be4e is corrupt or missing. Data is lost
[15:43:29] [Server thread/INFO]: [STDOUT]: Command permission check: player El_toilet, has level 2: false
[15:43:29] [Server thread/INFO]: El_toilet joined the game
[15:43:29] [Server thread/INFO]: [Essential Commands] Loading PlayerProfile for player with uuid 'ef1bd441-13dd-408e-8a0e-d988f6d3be4e'.
[15:43:29] [Server thread/INFO]: Player El_toilet joined, sending transformation config.
[15:43:29] [Server thread/INFO]: Registered trainer player: El_toilet
[15:43:29] [Server thread/INFO]: Added 0 entries in El_toilet's Cobbledex
[15:43:30] [Server thread/INFO]: Channel update: El_toilet -> default
[15:43:30] [Server thread/INFO]: Receiving client config
[15:43:30] [Server thread/INFO]: [FANCYMENU] A client with FancyMenu installed joined the server: El_toilet
[15:43:30] [Server thread/INFO]: El_toilet has reached the goal [advancements.cobbleverse.root]
[15:43:39] [Server thread/INFO]: [CobblemonCards] BINGO ! Le Binder a transformé un sauvage (Bramblin) en type Normal (Smoliv) grâce à 1.1817464% de chance !
[15:43:39] [Server thread/INFO]: Could not determine spawn bucket of Smoliv[8f52cf91-99d4-43d4-81c2-6944f098e3c6]. Common reasons: unnatural spawn, pre-TimCore spawn, or data erased by another mod.
[15:43:39] [ForkJoinPool.commonPool-worker-2/ERROR]: Invalid API Secret, please goto https://cobblemonextras.com/showcase to get your API Secret
[15:43:39] [ForkJoinPool.commonPool-worker-2/ERROR]: Invalid API Secret, please goto https://cobblemonextras.com/showcase to get your API Secret
[15:43:39] [ForkJoinPool.commonPool-worker-2/ERROR]: Invalid API Secret, please goto https://cobblemonextras.com/showcase to get your API Secret
[15:44:01] [Server thread/INFO]: [CobblemonCards] BINGO ! Le Binder a transformé un sauvage (Corsola) en type Normal (Loudred) grâce à 1.1817464% de chance !
[15:44:01] [Server thread/INFO]: Could not determine spawn bucket of Loudred[9f0709ed-7430-4471-9eca-715aa0c67657]. Common reasons: unnatural spawn, pre-TimCore spawn, or data erased by another mod.
[15:44:16] [Server thread/INFO]: Could not determine spawn bucket of Loudred[9f0709ed-7430-4471-9eca-715aa0c67657]. Common reasons: unnatural spawn, pre-TimCore spawn, or data erased by another mod.
[15:44:42] [Server thread/INFO]: Could not determine spawn bucket of Smoliv[8f52cf91-99d4-43d4-81c2-6944f098e3c6]. Common reasons: unnatural spawn, pre-TimCore spawn, or data erased by another mod.
[15:45:17] [c2me-worker-1/ERROR]: Failed to create block entity minecraft:trial_spawner
java.lang.IllegalStateException: Invalid block entity minecraft:trial_spawner // net.minecraft.block.entity.TrialSpawnerBlockEntity state at BlockPos{x=-357, y=-36, z=381}, got Block{minecraft:spawner}
	at knot//MC/net.minecraft.block.entity.BlockEntity.validateSupports(BlockEntity.java:57) ~[server-intermediary.jar:?]
	at knot//MC/net.minecraft.block.entity.BlockEntity.<init>(BlockEntity.java:51) ~[server-intermediary.jar:?]
	at knot//MC/net.minecraft.block.entity.TrialSpawnerBlockEntity.<init>(TrialSpawnerBlockEntity.java:28) ~[server-intermediary.jar:?]
	at knot//MC/net.minecraft.block.entity.BlockEntityType.instantiate(BlockEntityType.java:99) ~[server-intermediary.jar:?]
	at knot//MC/net.minecraft.block.entity.BlockEntity.method_17899(BlockEntity.java:186) ~[server-intermediary.jar:?]
	at java.base/java.util.Optional.map(Optional.java:260) ~[?:?]
	at knot//MC/net.minecraft.block.entity.BlockEntity.createFromNbt(BlockEntity.java:184) ~[server-intermediary.jar:?]
	at knot/com.lemenok.cobblemontrialsedition.config.SpawnerProperties.getLootTables(SpawnerProperties.java:93) ~[CobblemonTrialsEdition-fabric-2.1.0.jar:?]
	at knot/com.lemenok.cobblemontrialsedition.builder.BuildSpawner.create(BuildSpawner.java:31) ~[CobblemonTrialsEdition-fabric-2.1.0.jar:?]
	at knot/com.lemenok.cobblemontrialsedition.builder.SpawnerBuilder.buildCobblemonTrialSpawnerBlock(SpawnerBuilder.java:90) ~[CobblemonTrialsEdition-fabric-2.1.0.jar:?]
	at knot/com.lemenok.cobblemontrialsedition.processor.JigsawSpawnerReplacementProcessor.process(JigsawSpawnerReplacementProcessor.java:112) ~[CobblemonTrialsEdition-fabric-2.1.0.jar:?]
	at knot//MC/net.minecraft.structure.StructureTemplate.process(StructureTemplate.java:387) ~[server-intermediary.jar:?]
	at knot//MC/net.minecraft.structure.StructureTemplate.place(StructureTemplate.java:225) ~[server-intermediary.jar:?]
	at knot/com.telepathicgrunt.repurposedstructures.world.features.NbtDungeon.generate(NbtDungeon.java:157) ~[repurposed_structures-7.5.21+1.21.1-fabric.jar:?]
	at knot//MC/net.minecraft.world.gen.feature.Feature.generateIfValid(Feature.java:168) ~[server-intermediary.jar:?]
	at knot//MC/net.minecraft.world.gen.feature.ConfiguredFeature.generate(ConfiguredFeature.java:28) ~[server-intermediary.jar:?]
	at knot//MC/net.minecraft.world.gen.feature.PlacedFeature.method_39646(PlacedFeature.java:54) ~[server-intermediary.jar:?]
	at java.base/java.util.stream.ForEachOps$ForEachOp$OfRef.accept(ForEachOps.java:184) ~[?:?]
	at java.base/java.util.stream.Streams$StreamBuilderImpl.forEachRemaining(Streams.java:411) ~[?:?]
	at java.base/java.util.stream.ReferencePipeline$Head.forEach(ReferencePipeline.java:762) ~[?:?]
	at java.base/java.util.stream.ReferencePipeline$7$1.accept(ReferencePipeline.java:276) ~[?:?]
	at java.base/java.util.stream.Streams$StreamBuilderImpl.forEachRemaining(Streams.java:411) ~[?:?]
	at java.base/java.util.stream.ReferencePipeline$Head.forEach(ReferencePipeline.java:762) ~[?:?]
	at java.base/java.util.stream.ReferencePipeline$7$1.accept(ReferencePipeline.java:276) ~[?:?]
	at java.base/java.util.stream.Streams$StreamBuilderImpl.forEachRemaining(Streams.java:411) ~[?:?]
	at java.base/java.util.stream.ReferencePipeline$Head.forEach(ReferencePipeline.java:762) ~[?:?]
	at java.base/java.util.stream.ReferencePipeline$7$1.accept(ReferencePipeline.java:276) ~[?:?]
	at java.base/java.util.stream.ForEachOps$ForEachOp$OfRef.accept(ForEachOps.java:184) ~[?:?]
	at java.base/java.util.stream.IntPipeline$1$1.accept(IntPipeline.java:180) ~[?:?]
	at java.base/java.util.stream.Streams$RangeIntSpliterator.forEachRemaining(Streams.java:104) ~[?:?]
	at java.base/java.util.Spliterator$OfInt.forEachRemaining(Spliterator.java:712) ~[?:?]
	at java.base/java.util.stream.AbstractPipeline.copyInto(AbstractPipeline.java:509) ~[?:?]
	at java.base/java.util.stream.AbstractPipeline.wrapAndCopyInto(AbstractPipeline.java:499) ~[?:?]
	at java.base/java.util.stream.ForEachOps$ForEachOp.evaluateSequential(ForEachOps.java:151) ~[?:?]
	at java.base/java.util.stream.ForEachOps$ForEachOp$OfRef.evaluateSequential(ForEachOps.java:174) ~[?:?]
	at java.base/java.util.stream.AbstractPipeline.evaluate(AbstractPipeline.java:234) ~[?:?]
	at java.base/java.util.stream.ReferencePipeline.forEach(ReferencePipeline.java:596) ~[?:?]
	at java.base/java.util.stream.ReferencePipeline$7$1.accept(ReferencePipeline.java:276) ~[?:?]
	at java.base/java.util.stream.Streams$StreamBuilderImpl.forEachRemaining(Streams.java:411) ~[?:?]
	at java.base/java.util.stream.AbstractPipeline.copyInto(AbstractPipeline.java:509) ~[?:?]
	at java.base/java.util.stream.AbstractPipeline.wrapAndCopyInto(AbstractPipeline.java:499) ~[?:?]
	at java.base/java.util.stream.ForEachOps$ForEachOp.evaluateSequential(ForEachOps.java:151) ~[?:?]
	at java.base/java.util.stream.ForEachOps$ForEachOp$OfRef.evaluateSequential(ForEachOps.java:174) ~[?:?]
	at java.base/java.util.stream.AbstractPipeline.evaluate(AbstractPipeline.java:234) ~[?:?]
	at java.base/java.util.stream.ReferencePipeline.forEach(ReferencePipeline.java:596) ~[?:?]
	at knot//MC/net.minecraft.world.gen.feature.PlacedFeature.generate(PlacedFeature.java:53) ~[server-intermediary.jar:?]
	at knot//MC/net.minecraft.world.gen.feature.PlacedFeature.generate(PlacedFeature.java:42) ~[server-intermediary.jar:?]
	at knot//MC/net.minecraft.world.gen.chunk.ChunkGenerator.generateFeatures(ChunkGenerator.java:361) ~[server-intermediary.jar:?]
	at knot//MC/net.minecraft.world.chunk.ChunkGenerating.generateFeatures(ChunkGenerating.java:103) ~[server-intermediary.jar:?]
	at knot//MC/net.minecraft.world.chunk.ChunkGenerationStep.run(ChunkGenerationStep.java:33) ~[server-intermediary.jar:?]
	at knot/com.ishland.c2me.rewrites.chunksystem.common.statuses.VanillaWorldGenerationDelegate.lambda$upgradeToThis$5(VanillaWorldGenerationDelegate.java:176) ~[c2me-rewrites-chunk-system-0.4.00.23+1.21.1-1bc99f7df269a92d.jar:?]
	at knot/com.ishland.c2me.base.common.scheduler.ScheduledTask.run(ScheduledTask.java:46) [c2me-base-0.4.0-alpha.0.23+1.21.1-b63f9c67bc8f1cf9.jar:?]
	at knot/com.ishland.flowsched.executor.WorkerThread.pollTasks(WorkerThread.java:51) [c2me-base-0.4.0-alpha.0.23+1.21.1-b63f9c67bc8f1cf9.jar:?]
	at knot/com.ishland.flowsched.executor.WorkerThread.run(WorkerThread.java:29) [c2me-base-0.4.0-alpha.0.23+1.21.1-b63f9c67bc8f1cf9.jar:?]
[15:45:17] [c2me-worker-1/WARN]: Skipping BlockEntity with id minecraft:trial_spawner
[15:45:17] [c2me-worker-1/ERROR]: Failed to create block entity minecraft:trial_spawner
java.lang.IllegalStateException: Invalid block entity minecraft:trial_spawner // net.minecraft.block.entity.TrialSpawnerBlockEntity state at BlockPos{x=-357, y=-36, z=381}, got Block{minecraft:spawner}
	at knot//MC/net.minecraft.block.entity.BlockEntity.validateSupports(BlockEntity.java:57) ~[server-intermediary.jar:?]
	at knot//MC/net.minecraft.block.entity.BlockEntity.<init>(BlockEntity.java:51) ~[server-intermediary.jar:?]
	at knot//MC/net.minecraft.block.entity.TrialSpawnerBlockEntity.<init>(TrialSpawnerBlockEntity.java:28) ~[server-intermediary.jar:?]
	at knot//MC/net.minecraft.block.entity.BlockEntityType.instantiate(BlockEntityType.java:99) ~[server-intermediary.jar:?]
	at knot//MC/net.minecraft.block.entity.BlockEntity.method_17899(BlockEntity.java:186) ~[server-intermediary.jar:?]
	at java.base/java.util.Optional.map(Optional.java:260) ~[?:?]
	at knot//MC/net.minecraft.block.entity.BlockEntity.createFromNbt(BlockEntity.java:184) ~[server-intermediary.jar:?]
	at knot/com.lemenok.cobblemontrialsedition.config.SpawnerProperties.getLootTables(SpawnerProperties.java:93) ~[CobblemonTrialsEdition-fabric-2.1.0.jar:?]
	at knot/com.lemenok.cobblemontrialsedition.builder.BuildSpawner.create(BuildSpawner.java:43) ~[CobblemonTrialsEdition-fabric-2.1.0.jar:?]
	at knot/com.lemenok.cobblemontrialsedition.builder.SpawnerBuilder.buildCobblemonTrialSpawnerBlock(SpawnerBuilder.java:90) ~[CobblemonTrialsEdition-fabric-2.1.0.jar:?]
	at knot/com.lemenok.cobblemontrialsedition.processor.JigsawSpawnerReplacementProcessor.process(JigsawSpawnerReplacementProcessor.java:112) ~[CobblemonTrialsEdition-fabric-2.1.0.jar:?]
	at knot//MC/net.minecraft.structure.StructureTemplate.process(StructureTemplate.java:387) ~[server-intermediary.jar:?]
	at knot//MC/net.minecraft.structure.StructureTemplate.place(StructureTemplate.java:225) ~[server-intermediary.jar:?]
	at knot/com.telepathicgrunt.repurposedstructures.world.features.NbtDungeon.generate(NbtDungeon.java:157) ~[repurposed_structures-7.5.21+1.21.1-fabric.jar:?]
	at knot//MC/net.minecraft.world.gen.feature.Feature.generateIfValid(Feature.java:168) ~[server-intermediary.jar:?]
	at knot//MC/net.minecraft.world.gen.feature.ConfiguredFeature.generate(ConfiguredFeature.java:28) ~[server-intermediary.jar:?]
	at knot//MC/net.minecraft.world.gen.feature.PlacedFeature.method_39646(PlacedFeature.java:54) ~[server-intermediary.jar:?]
	at java.base/java.util.stream.ForEachOps$ForEachOp$OfRef.accept(ForEachOps.java:184) ~[?:?]
	at java.base/java.util.stream.Streams$StreamBuilderImpl.forEachRemaining(Streams.java:411) ~[?:?]
	at java.base/java.util.stream.ReferencePipeline$Head.forEach(ReferencePipeline.java:762) ~[?:?]
	at java.base/java.util.stream.ReferencePipeline$7$1.accept(ReferencePipeline.java:276) ~[?:?]
	at java.base/java.util.stream.Streams$StreamBuilderImpl.forEachRemaining(Streams.java:411) ~[?:?]
	at java.base/java.util.stream.ReferencePipeline$Head.forEach(ReferencePipeline.java:762) ~[?:?]
	at java.base/java.util.stream.ReferencePipeline$7$1.accept(ReferencePipeline.java:276) ~[?:?]
	at java.base/java.util.stream.Streams$StreamBuilderImpl.forEachRemaining(Streams.java:411) ~[?:?]
	at java.base/java.util.stream.ReferencePipeline$Head.forEach(ReferencePipeline.java:762) ~[?:?]
	at java.base/java.util.stream.ReferencePipeline$7$1.accept(ReferencePipeline.java:276) ~[?:?]
	at java.base/java.util.stream.ForEachOps$ForEachOp$OfRef.accept(ForEachOps.java:184) ~[?:?]
	at java.base/java.util.stream.IntPipeline$1$1.accept(IntPipeline.java:180) ~[?:?]
	at java.base/java.util.stream.Streams$RangeIntSpliterator.forEachRemaining(Streams.java:104) ~[?:?]
	at java.base/java.util.Spliterator$OfInt.forEachRemaining(Spliterator.java:712) ~[?:?]
	at java.base/java.util.stream.AbstractPipeline.copyInto(AbstractPipeline.java:509) ~[?:?]
	at java.base/java.util.stream.AbstractPipeline.wrapAndCopyInto(AbstractPipeline.java:499) ~[?:?]
	at java.base/java.util.stream.ForEachOps$ForEachOp.evaluateSequential(ForEachOps.java:151) ~[?:?]
	at java.base/java.util.stream.ForEachOps$ForEachOp$OfRef.evaluateSequential(ForEachOps.java:174) ~[?:?]
	at java.base/java.util.stream.AbstractPipeline.evaluate(AbstractPipeline.java:234) ~[?:?]
	at java.base/java.util.stream.ReferencePipeline.forEach(ReferencePipeline.java:596) ~[?:?]
	at java.base/java.util.stream.ReferencePipeline$7$1.accept(ReferencePipeline.java:276) ~[?:?]
	at java.base/java.util.stream.Streams$StreamBuilderImpl.forEachRemaining(Streams.java:411) ~[?:?]
	at java.base/java.util.stream.AbstractPipeline.copyInto(AbstractPipeline.java:509) ~[?:?]
	at java.base/java.util.stream.AbstractPipeline.wrapAndCopyInto(AbstractPipeline.java:499) ~[?:?]
	at java.base/java.util.stream.ForEachOps$ForEachOp.evaluateSequential(ForEachOps.java:151) ~[?:?]
	at java.base/java.util.stream.ForEachOps$ForEachOp$OfRef.evaluateSequential(ForEachOps.java:174) ~[?:?]
	at java.base/java.util.stream.AbstractPipeline.evaluate(AbstractPipeline.java:234) ~[?:?]
	at java.base/java.util.stream.ReferencePipeline.forEach(ReferencePipeline.java:596) ~[?:?]
	at knot//MC/net.minecraft.world.gen.feature.PlacedFeature.generate(PlacedFeature.java:53) ~[server-intermediary.jar:?]
	at knot//MC/net.minecraft.world.gen.feature.PlacedFeature.generate(PlacedFeature.java:42) ~[server-intermediary.jar:?]
	at knot//MC/net.minecraft.world.gen.chunk.ChunkGenerator.generateFeatures(ChunkGenerator.java:361) ~[server-intermediary.jar:?]
	at knot//MC/net.minecraft.world.chunk.ChunkGenerating.generateFeatures(ChunkGenerating.java:103) ~[server-intermediary.jar:?]
	at knot//MC/net.minecraft.world.chunk.ChunkGenerationStep.run(ChunkGenerationStep.java:33) ~[server-intermediary.jar:?]
	at knot/com.ishland.c2me.rewrites.chunksystem.common.statuses.VanillaWorldGenerationDelegate.lambda$upgradeToThis$5(VanillaWorldGenerationDelegate.java:176) ~[c2me-rewrites-chunk-system-0.4.00.23+1.21.1-1bc99f7df269a92d.jar:?]
	at knot/com.ishland.c2me.base.common.scheduler.ScheduledTask.run(ScheduledTask.java:46) [c2me-base-0.4.0-alpha.0.23+1.21.1-b63f9c67bc8f1cf9.jar:?]
	at knot/com.ishland.flowsched.executor.WorkerThread.pollTasks(WorkerThread.java:51) [c2me-base-0.4.0-alpha.0.23+1.21.1-b63f9c67bc8f1cf9.jar:?]
	at knot/com.ishland.flowsched.executor.WorkerThread.run(WorkerThread.java:29) [c2me-base-0.4.0-alpha.0.23+1.21.1-b63f9c67bc8f1cf9.jar:?]
[15:45:17] [c2me-worker-1/WARN]: Skipping BlockEntity with id minecraft:trial_spawner
[15:45:18] [c2me-worker-0/ERROR]: Failed to create block entity minecraft:trial_spawner
java.lang.IllegalStateException: Invalid block entity minecraft:trial_spawner // net.minecraft.block.entity.TrialSpawnerBlockEntity state at BlockPos{x=-395, y=-42, z=331}, got Block{minecraft:spawner}
	at knot//MC/net.minecraft.block.entity.BlockEntity.validateSupports(BlockEntity.java:57) ~[server-intermediary.jar:?]
	at knot//MC/net.minecraft.block.entity.BlockEntity.<init>(BlockEntity.java:51) ~[server-intermediary.jar:?]
	at knot//MC/net.minecraft.block.entity.TrialSpawnerBlockEntity.<init>(TrialSpawnerBlockEntity.java:28) ~[server-intermediary.jar:?]
	at knot//MC/net.minecraft.block.entity.BlockEntityType.instantiate(BlockEntityType.java:99) ~[server-intermediary.jar:?]
	at knot//MC/net.minecraft.block.entity.BlockEntity.method_17899(BlockEntity.java:186) ~[server-intermediary.jar:?]
	at java.base/java.util.Optional.map(Optional.java:260) ~[?:?]
	at knot//MC/net.minecraft.block.entity.BlockEntity.createFromNbt(BlockEntity.java:184) ~[server-intermediary.jar:?]
	at knot/com.lemenok.cobblemontrialsedition.config.SpawnerProperties.getLootTables(SpawnerProperties.java:93) ~[CobblemonTrialsEdition-fabric-2.1.0.jar:?]
	at knot/com.lemenok.cobblemontrialsedition.builder.BuildSpawner.create(BuildSpawner.java:31) ~[CobblemonTrialsEdition-fabric-2.1.0.jar:?]
	at knot/com.lemenok.cobblemontrialsedition.builder.SpawnerBuilder.buildCobblemonTrialSpawnerBlock(SpawnerBuilder.java:90) ~[CobblemonTrialsEdition-fabric-2.1.0.jar:?]
	at knot/com.lemenok.cobblemontrialsedition.processor.JigsawSpawnerReplacementProcessor.process(JigsawSpawnerReplacementProcessor.java:112) ~[CobblemonTrialsEdition-fabric-2.1.0.jar:?]
	at knot//MC/net.minecraft.structure.StructureTemplate.process(StructureTemplate.java:387) ~[server-intermediary.jar:?]
	at knot//MC/net.minecraft.structure.StructureTemplate.place(StructureTemplate.java:225) ~[server-intermediary.jar:?]
	at knot/com.telepathicgrunt.repurposedstructures.world.features.NbtDungeon.generate(NbtDungeon.java:157) ~[repurposed_structures-7.5.21+1.21.1-fabric.jar:?]
	at knot//MC/net.minecraft.world.gen.feature.Feature.generateIfValid(Feature.java:168) ~[server-intermediary.jar:?]
	at knot//MC/net.minecraft.world.gen.feature.ConfiguredFeature.generate(ConfiguredFeature.java:28) ~[server-intermediary.jar:?]
	at knot//MC/net.minecraft.world.gen.feature.PlacedFeature.method_39646(PlacedFeature.java:54) ~[server-intermediary.jar:?]
	at java.base/java.util.stream.ForEachOps$ForEachOp$OfRef.accept(ForEachOps.java:184) ~[?:?]
	at java.base/java.util.stream.Streams$StreamBuilderImpl.forEachRemaining(Streams.java:411) ~[?:?]
	at java.base/java.util.stream.ReferencePipeline$Head.forEach(ReferencePipeline.java:762) ~[?:?]
	at java.base/java.util.stream.ReferencePipeline$7$1.accept(ReferencePipeline.java:276) ~[?:?]
	at java.base/java.util.stream.Streams$StreamBuilderImpl.forEachRemaining(Streams.java:411) ~[?:?]
	at java.base/java.util.stream.ReferencePipeline$Head.forEach(ReferencePipeline.java:762) ~[?:?]
	at java.base/java.util.stream.ReferencePipeline$7$1.accept(ReferencePipeline.java:276) ~[?:?]
	at java.base/java.util.stream.Streams$StreamBuilderImpl.forEachRemaining(Streams.java:411) ~[?:?]
	at java.base/java.util.stream.ReferencePipeline$Head.forEach(ReferencePipeline.java:762) ~[?:?]
	at java.base/java.util.stream.ReferencePipeline$7$1.accept(ReferencePipeline.java:276) ~[?:?]
	at java.base/java.util.stream.ForEachOps$ForEachOp$OfRef.accept(ForEachOps.java:184) ~[?:?]
	at java.base/java.util.stream.IntPipeline$1$1.accept(IntPipeline.java:180) ~[?:?]
	at java.base/java.util.stream.Streams$RangeIntSpliterator.forEachRemaining(Streams.java:104) ~[?:?]
	at java.base/java.util.Spliterator$OfInt.forEachRemaining(Spliterator.java:712) ~[?:?]
	at java.base/java.util.stream.AbstractPipeline.copyInto(AbstractPipeline.java:509) ~[?:?]
	at java.base/java.util.stream.AbstractPipeline.wrapAndCopyInto(AbstractPipeline.java:499) ~[?:?]
	at java.base/java.util.stream.ForEachOps$ForEachOp.evaluateSequential(ForEachOps.java:151) ~[?:?]
	at java.base/java.util.stream.ForEachOps$ForEachOp$OfRef.evaluateSequential(ForEachOps.java:174) ~[?:?]
	at java.base/java.util.stream.AbstractPipeline.evaluate(AbstractPipeline.java:234) ~[?:?]
	at java.base/java.util.stream.ReferencePipeline.forEach(ReferencePipeline.java:596) ~[?:?]
	at java.base/java.util.stream.ReferencePipeline$7$1.accept(ReferencePipeline.java:276) ~[?:?]
	at java.base/java.util.stream.Streams$StreamBuilderImpl.forEachRemaining(Streams.java:411) ~[?:?]
	at java.base/java.util.stream.AbstractPipeline.copyInto(AbstractPipeline.java:509) ~[?:?]
	at java.base/java.util.stream.AbstractPipeline.wrapAndCopyInto(AbstractPipeline.java:499) ~[?:?]
	at java.base/java.util.stream.ForEachOps$ForEachOp.evaluateSequential(ForEachOps.java:151) ~[?:?]
	at java.base/java.util.stream.ForEachOps$ForEachOp$OfRef.evaluateSequential(ForEachOps.java:174) ~[?:?]
	at java.base/java.util.stream.AbstractPipeline.evaluate(AbstractPipeline.java:234) ~[?:?]
	at java.base/java.util.stream.ReferencePipeline.forEach(ReferencePipeline.java:596) ~[?:?]
	at knot//MC/net.minecraft.world.gen.feature.PlacedFeature.generate(PlacedFeature.java:53) ~[server-intermediary.jar:?]
	at knot//MC/net.minecraft.world.gen.feature.PlacedFeature.generate(PlacedFeature.java:42) ~[server-intermediary.jar:?]
	at knot//MC/net.minecraft.world.gen.chunk.ChunkGenerator.generateFeatures(ChunkGenerator.java:361) ~[server-intermediary.jar:?]
	at knot//MC/net.minecraft.world.chunk.ChunkGenerating.generateFeatures(ChunkGenerating.java:103) ~[server-intermediary.jar:?]
	at knot//MC/net.minecraft.world.chunk.ChunkGenerationStep.run(ChunkGenerationStep.java:33) ~[server-intermediary.jar:?]
	at knot/com.ishland.c2me.rewrites.chunksystem.common.statuses.VanillaWorldGenerationDelegate.lambda$upgradeToThis$5(VanillaWorldGenerationDelegate.java:176) ~[c2me-rewrites-chunk-system-0.4.00.23+1.21.1-1bc99f7df269a92d.jar:?]
	at knot/com.ishland.c2me.base.common.scheduler.ScheduledTask.run(ScheduledTask.java:46) [c2me-base-0.4.0-alpha.0.23+1.21.1-b63f9c67bc8f1cf9.jar:?]
	at knot/com.ishland.flowsched.executor.WorkerThread.pollTasks(WorkerThread.java:51) [c2me-base-0.4.0-alpha.0.23+1.21.1-b63f9c67bc8f1cf9.jar:?]
	at knot/com.ishland.flowsched.executor.WorkerThread.run(WorkerThread.java:29) [c2me-base-0.4.0-alpha.0.23+1.21.1-b63f9c67bc8f1cf9.jar:?]
[15:45:18] [c2me-worker-0/WARN]: Skipping BlockEntity with id minecraft:trial_spawner
[15:45:18] [c2me-worker-0/ERROR]: Failed to create block entity minecraft:trial_spawner
java.lang.IllegalStateException: Invalid block entity minecraft:trial_spawner // net.minecraft.block.entity.TrialSpawnerBlockEntity state at BlockPos{x=-395, y=-42, z=331}, got Block{minecraft:spawner}
	at knot//MC/net.minecraft.block.entity.BlockEntity.validateSupports(BlockEntity.java:57) ~[server-intermediary.jar:?]
	at knot//MC/net.minecraft.block.entity.BlockEntity.<init>(BlockEntity.java:51) ~[server-intermediary.jar:?]
	at knot//MC/net.minecraft.block.entity.TrialSpawnerBlockEntity.<init>(TrialSpawnerBlockEntity.java:28) ~[server-intermediary.jar:?]
	at knot//MC/net.minecraft.block.entity.BlockEntityType.instantiate(BlockEntityType.java:99) ~[server-intermediary.jar:?]
	at knot//MC/net.minecraft.block.entity.BlockEntity.method_17899(BlockEntity.java:186) ~[server-intermediary.jar:?]
	at java.base/java.util.Optional.map(Optional.java:260) ~[?:?]
	at knot//MC/net.minecraft.block.entity.BlockEntity.createFromNbt(BlockEntity.java:184) ~[server-intermediary.jar:?]
	at knot/com.lemenok.cobblemontrialsedition.config.SpawnerProperties.getLootTables(SpawnerProperties.java:93) ~[CobblemonTrialsEdition-fabric-2.1.0.jar:?]
	at knot/com.lemenok.cobblemontrialsedition.builder.BuildSpawner.create(BuildSpawner.java:43) ~[CobblemonTrialsEdition-fabric-2.1.0.jar:?]
	at knot/com.lemenok.cobblemontrialsedition.builder.SpawnerBuilder.buildCobblemonTrialSpawnerBlock(SpawnerBuilder.java:90) ~[CobblemonTrialsEdition-fabric-2.1.0.jar:?]
	at knot/com.lemenok.cobblemontrialsedition.processor.JigsawSpawnerReplacementProcessor.process(JigsawSpawnerReplacementProcessor.java:112) ~[CobblemonTrialsEdition-fabric-2.1.0.jar:?]
	at knot//MC/net.minecraft.structure.StructureTemplate.process(StructureTemplate.java:387) ~[server-intermediary.jar:?]
	at knot//MC/net.minecraft.structure.StructureTemplate.place(StructureTemplate.java:225) ~[server-intermediary.jar:?]
	at knot/com.telepathicgrunt.repurposedstructures.world.features.NbtDungeon.generate(NbtDungeon.java:157) ~[repurposed_structures-7.5.21+1.21.1-fabric.jar:?]
	at knot//MC/net.minecraft.world.gen.feature.Feature.generateIfValid(Feature.java:168) ~[server-intermediary.jar:?]
	at knot//MC/net.minecraft.world.gen.feature.ConfiguredFeature.generate(ConfiguredFeature.java:28) ~[server-intermediary.jar:?]
	at knot//MC/net.minecraft.world.gen.feature.PlacedFeature.method_39646(PlacedFeature.java:54) ~[server-intermediary.jar:?]
	at java.base/java.util.stream.ForEachOps$ForEachOp$OfRef.accept(ForEachOps.java:184) ~[?:?]
	at java.base/java.util.stream.Streams$StreamBuilderImpl.forEachRemaining(Streams.java:411) ~[?:?]
	at java.base/java.util.stream.ReferencePipeline$Head.forEach(ReferencePipeline.java:762) ~[?:?]
	at java.base/java.util.stream.ReferencePipeline$7$1.accept(ReferencePipeline.java:276) ~[?:?]
	at java.base/java.util.stream.Streams$StreamBuilderImpl.forEachRemaining(Streams.java:411) ~[?:?]
	at java.base/java.util.stream.ReferencePipeline$Head.forEach(ReferencePipeline.java:762) ~[?:?]
	at java.base/java.util.stream.ReferencePipeline$7$1.accept(ReferencePipeline.java:276) ~[?:?]
	at java.base/java.util.stream.Streams$StreamBuilderImpl.forEachRemaining(Streams.java:411) ~[?:?]
	at java.base/java.util.stream.ReferencePipeline$Head.forEach(ReferencePipeline.java:762) ~[?:?]
	at java.base/java.util.stream.ReferencePipeline$7$1.accept(ReferencePipeline.java:276) ~[?:?]
	at java.base/java.util.stream.ForEachOps$ForEachOp$OfRef.accept(ForEachOps.java:184) ~[?:?]
	at java.base/java.util.stream.IntPipeline$1$1.accept(IntPipeline.java:180) ~[?:?]
	at java.base/java.util.stream.Streams$RangeIntSpliterator.forEachRemaining(Streams.java:104) ~[?:?]
	at java.base/java.util.Spliterator$OfInt.forEachRemaining(Spliterator.java:712) ~[?:?]
	at java.base/java.util.stream.AbstractPipeline.copyInto(AbstractPipeline.java:509) ~[?:?]
	at java.base/java.util.stream.AbstractPipeline.wrapAndCopyInto(AbstractPipeline.java:499) ~[?:?]
	at java.base/java.util.stream.ForEachOps$ForEachOp.evaluateSequential(ForEachOps.java:151) ~[?:?]
	at java.base/java.util.stream.ForEachOps$ForEachOp$OfRef.evaluateSequential(ForEachOps.java:174) ~[?:?]
	at java.base/java.util.stream.AbstractPipeline.evaluate(AbstractPipeline.java:234) ~[?:?]
	at java.base/java.util.stream.ReferencePipeline.forEach(ReferencePipeline.java:596) ~[?:?]
	at java.base/java.util.stream.ReferencePipeline$7$1.accept(ReferencePipeline.java:276) ~[?:?]
	at java.base/java.util.stream.Streams$StreamBuilderImpl.forEachRemaining(Streams.java:411) ~[?:?]
	at java.base/java.util.stream.AbstractPipeline.copyInto(AbstractPipeline.java:509) ~[?:?]
	at java.base/java.util.stream.AbstractPipeline.wrapAndCopyInto(AbstractPipeline.java:499) ~[?:?]
	at java.base/java.util.stream.ForEachOps$ForEachOp.evaluateSequential(ForEachOps.java:151) ~[?:?]
	at java.base/java.util.stream.ForEachOps$ForEachOp$OfRef.evaluateSequential(ForEachOps.java:174) ~[?:?]
	at java.base/java.util.stream.AbstractPipeline.evaluate(AbstractPipeline.java:234) ~[?:?]
	at java.base/java.util.stream.ReferencePipeline.forEach(ReferencePipeline.java:596) ~[?:?]
	at knot//MC/net.minecraft.world.gen.feature.PlacedFeature.generate(PlacedFeature.java:53) ~[server-intermediary.jar:?]
	at knot//MC/net.minecraft.world.gen.feature.PlacedFeature.generate(PlacedFeature.java:42) ~[server-intermediary.jar:?]
	at knot//MC/net.minecraft.world.gen.chunk.ChunkGenerator.generateFeatures(ChunkGenerator.java:361) ~[server-intermediary.jar:?]
	at knot//MC/net.minecraft.world.chunk.ChunkGenerating.generateFeatures(ChunkGenerating.java:103) ~[server-intermediary.jar:?]
	at knot//MC/net.minecraft.world.chunk.ChunkGenerationStep.run(ChunkGenerationStep.java:33) ~[server-intermediary.jar:?]
	at knot/com.ishland.c2me.rewrites.chunksystem.common.statuses.VanillaWorldGenerationDelegate.lambda$upgradeToThis$5(VanillaWorldGenerationDelegate.java:176) ~[c2me-rewrites-chunk-system-0.4.00.23+1.21.1-1bc99f7df269a92d.jar:?]
	at knot/com.ishland.c2me.base.common.scheduler.ScheduledTask.run(ScheduledTask.java:46) [c2me-base-0.4.0-alpha.0.23+1.21.1-b63f9c67bc8f1cf9.jar:?]
	at knot/com.ishland.flowsched.executor.WorkerThread.pollTasks(WorkerThread.java:51) [c2me-base-0.4.0-alpha.0.23+1.21.1-b63f9c67bc8f1cf9.jar:?]
	at knot/com.ishland.flowsched.executor.WorkerThread.run(WorkerThread.java:29) [c2me-base-0.4.0-alpha.0.23+1.21.1-b63f9c67bc8f1cf9.jar:?]
[15:45:18] [c2me-worker-0/WARN]: Skipping BlockEntity with id minecraft:trial_spawner
[15:45:26] [Server thread/INFO]: [CobblemonCards] BINGO ! Le Binder a transformé un sauvage (Magikarp) en type Normal (Skwovet) grâce à 1.1817464% de chance !
[15:45:27] [Server thread/INFO]: Could not determine spawn bucket of Skwovet[3ffdd0b1-bfe0-419f-8ddd-f9f8d5b69781]. Common reasons: unnatural spawn, pre-TimCore spawn, or data erased by another mod.
[15:45:30] [c2me-worker-5/ERROR]: Failed to create block entity minecraft:trial_spawner
java.lang.IllegalStateException: Invalid block entity minecraft:trial_spawner // net.minecraft.block.entity.TrialSpawnerBlockEntity state at BlockPos{x=-424, y=-42, z=220}, got Block{minecraft:spawner}
	at knot//MC/net.minecraft.block.entity.BlockEntity.validateSupports(BlockEntity.java:57) ~[server-intermediary.jar:?]
	at knot//MC/net.minecraft.block.entity.BlockEntity.<init>(BlockEntity.java:51) ~[server-intermediary.jar:?]
	at knot//MC/net.minecraft.block.entity.TrialSpawnerBlockEntity.<init>(TrialSpawnerBlockEntity.java:28) ~[server-intermediary.jar:?]
	at knot//MC/net.minecraft.block.entity.BlockEntityType.instantiate(BlockEntityType.java:99) ~[server-intermediary.jar:?]
	at knot//MC/net.minecraft.block.entity.BlockEntity.method_17899(BlockEntity.java:186) ~[server-intermediary.jar:?]
	at java.base/java.util.Optional.map(Optional.java:260) ~[?:?]
	at knot//MC/net.minecraft.block.entity.BlockEntity.createFromNbt(BlockEntity.java:184) ~[server-intermediary.jar:?]
	at knot/com.lemenok.cobblemontrialsedition.config.SpawnerProperties.getLootTables(SpawnerProperties.java:93) ~[CobblemonTrialsEdition-fabric-2.1.0.jar:?]
	at knot/com.lemenok.cobblemontrialsedition.builder.BuildSpawner.create(BuildSpawner.java:31) ~[CobblemonTrialsEdition-fabric-2.1.0.jar:?]
	at knot/com.lemenok.cobblemontrialsedition.builder.SpawnerBuilder.buildCobblemonTrialSpawnerBlock(SpawnerBuilder.java:90) ~[CobblemonTrialsEdition-fabric-2.1.0.jar:?]
	at knot/com.lemenok.cobblemontrialsedition.processor.JigsawSpawnerReplacementProcessor.process(JigsawSpawnerReplacementProcessor.java:112) ~[CobblemonTrialsEdition-fabric-2.1.0.jar:?]
	at knot//MC/net.minecraft.structure.StructureTemplate.process(StructureTemplate.java:387) ~[server-intermediary.jar:?]
	at knot//MC/net.minecraft.structure.StructureTemplate.place(StructureTemplate.java:225) ~[server-intermediary.jar:?]
	at knot/com.telepathicgrunt.repurposedstructures.world.features.NbtDungeon.generate(NbtDungeon.java:157) ~[repurposed_structures-7.5.21+1.21.1-fabric.jar:?]
	at knot//MC/net.minecraft.world.gen.feature.Feature.generateIfValid(Feature.java:168) ~[server-intermediary.jar:?]
	at knot//MC/net.minecraft.world.gen.feature.ConfiguredFeature.generate(ConfiguredFeature.java:28) ~[server-intermediary.jar:?]
	at knot//MC/net.minecraft.world.gen.feature.PlacedFeature.method_39646(PlacedFeature.java:54) ~[server-intermediary.jar:?]
	at java.base/java.util.stream.ForEachOps$ForEachOp$OfRef.accept(ForEachOps.java:184) ~[?:?]
	at java.base/java.util.stream.Streams$StreamBuilderImpl.forEachRemaining(Streams.java:411) ~[?:?]
	at java.base/java.util.stream.ReferencePipeline$Head.forEach(ReferencePipeline.java:762) ~[?:?]
	at java.base/java.util.stream.ReferencePipeline$7$1.accept(ReferencePipeline.java:276) ~[?:?]
	at java.base/java.util.stream.Streams$StreamBuilderImpl.forEachRemaining(Streams.java:411) ~[?:?]
	at java.base/java.util.stream.ReferencePipeline$Head.forEach(ReferencePipeline.java:762) ~[?:?]
	at java.base/java.util.stream.ReferencePipeline$7$1.accept(ReferencePipeline.java:276) ~[?:?]
	at java.base/java.util.stream.Streams$StreamBuilderImpl.forEachRemaining(Streams.java:411) ~[?:?]
	at java.base/java.util.stream.ReferencePipeline$Head.forEach(ReferencePipeline.java:762) ~[?:?]
	at java.base/java.util.stream.ReferencePipeline$7$1.accept(ReferencePipeline.java:276) ~[?:?]
	at java.base/java.util.stream.ForEachOps$ForEachOp$OfRef.accept(ForEachOps.java:184) ~[?:?]
	at java.base/java.util.stream.IntPipeline$1$1.accept(IntPipeline.java:180) ~[?:?]
	at java.base/java.util.stream.Streams$RangeIntSpliterator.forEachRemaining(Streams.java:104) ~[?:?]
	at java.base/java.util.Spliterator$OfInt.forEachRemaining(Spliterator.java:712) ~[?:?]
	at java.base/java.util.stream.AbstractPipeline.copyInto(AbstractPipeline.java:509) ~[?:?]
	at java.base/java.util.stream.AbstractPipeline.wrapAndCopyInto(AbstractPipeline.java:499) ~[?:?]
	at java.base/java.util.stream.ForEachOps$ForEachOp.evaluateSequential(ForEachOps.java:151) ~[?:?]
	at java.base/java.util.stream.ForEachOps$ForEachOp$OfRef.evaluateSequential(ForEachOps.java:174) ~[?:?]
	at java.base/java.util.stream.AbstractPipeline.evaluate(AbstractPipeline.java:234) ~[?:?]
	at java.base/java.util.stream.ReferencePipeline.forEach(ReferencePipeline.java:596) ~[?:?]
	at java.base/java.util.stream.ReferencePipeline$7$1.accept(ReferencePipeline.java:276) ~[?:?]
	at java.base/java.util.stream.Streams$StreamBuilderImpl.forEachRemaining(Streams.java:411) ~[?:?]
	at java.base/java.util.stream.AbstractPipeline.copyInto(AbstractPipeline.java:509) ~[?:?]
	at java.base/java.util.stream.AbstractPipeline.wrapAndCopyInto(AbstractPipeline.java:499) ~[?:?]
	at java.base/java.util.stream.ForEachOps$ForEachOp.evaluateSequential(ForEachOps.java:151) ~[?:?]
	at java.base/java.util.stream.ForEachOps$ForEachOp$OfRef.evaluateSequential(ForEachOps.java:174) ~[?:?]
	at java.base/java.util.stream.AbstractPipeline.evaluate(AbstractPipeline.java:234) ~[?:?]
	at java.base/java.util.stream.ReferencePipeline.forEach(ReferencePipeline.java:596) ~[?:?]
	at knot//MC/net.minecraft.world.gen.feature.PlacedFeature.generate(PlacedFeature.java:53) ~[server-intermediary.jar:?]
	at knot//MC/net.minecraft.world.gen.feature.PlacedFeature.generate(PlacedFeature.java:42) ~[server-intermediary.jar:?]
	at knot//MC/net.minecraft.world.gen.chunk.ChunkGenerator.generateFeatures(ChunkGenerator.java:361) ~[server-intermediary.jar:?]
	at knot//MC/net.minecraft.world.chunk.ChunkGenerating.generateFeatures(ChunkGenerating.java:103) ~[server-intermediary.jar:?]
	at knot//MC/net.minecraft.world.chunk.ChunkGenerationStep.run(ChunkGenerationStep.java:33) ~[server-intermediary.jar:?]
	at knot/com.ishland.c2me.rewrites.chunksystem.common.statuses.VanillaWorldGenerationDelegate.lambda$upgradeToThis$5(VanillaWorldGenerationDelegate.java:176) ~[c2me-rewrites-chunk-system-0.4.00.23+1.21.1-1bc99f7df269a92d.jar:?]
	at knot/com.ishland.c2me.base.common.scheduler.ScheduledTask.run(ScheduledTask.java:46) [c2me-base-0.4.0-alpha.0.23+1.21.1-b63f9c67bc8f1cf9.jar:?]
	at knot/com.ishland.flowsched.executor.WorkerThread.pollTasks(WorkerThread.java:51) [c2me-base-0.4.0-alpha.0.23+1.21.1-b63f9c67bc8f1cf9.jar:?]
	at knot/com.ishland.flowsched.executor.WorkerThread.run(WorkerThread.java:29) [c2me-base-0.4.0-alpha.0.23+1.21.1-b63f9c67bc8f1cf9.jar:?]
[15:45:30] [c2me-worker-5/WARN]: Skipping BlockEntity with id minecraft:trial_spawner
[15:45:30] [c2me-worker-5/ERROR]: Failed to create block entity minecraft:trial_spawner
java.lang.IllegalStateException: Invalid block entity minecraft:trial_spawner // net.minecraft.block.entity.TrialSpawnerBlockEntity state at BlockPos{x=-424, y=-42, z=220}, got Block{minecraft:spawner}
	at knot//MC/net.minecraft.block.entity.BlockEntity.validateSupports(BlockEntity.java:57) ~[server-intermediary.jar:?]
	at knot//MC/net.minecraft.block.entity.BlockEntity.<init>(BlockEntity.java:51) ~[server-intermediary.jar:?]
	at knot//MC/net.minecraft.block.entity.TrialSpawnerBlockEntity.<init>(TrialSpawnerBlockEntity.java:28) ~[server-intermediary.jar:?]
	at knot//MC/net.minecraft.block.entity.BlockEntityType.instantiate(BlockEntityType.java:99) ~[server-intermediary.jar:?]
	at knot//MC/net.minecraft.block.entity.BlockEntity.method_17899(BlockEntity.java:186) ~[server-intermediary.jar:?]
	at java.base/java.util.Optional.map(Optional.java:260) ~[?:?]
	at knot//MC/net.minecraft.block.entity.BlockEntity.createFromNbt(BlockEntity.java:184) ~[server-intermediary.jar:?]
	at knot/com.lemenok.cobblemontrialsedition.config.SpawnerProperties.getLootTables(SpawnerProperties.java:93) ~[CobblemonTrialsEdition-fabric-2.1.0.jar:?]
	at knot/com.lemenok.cobblemontrialsedition.builder.BuildSpawner.create(BuildSpawner.java:43) ~[CobblemonTrialsEdition-fabric-2.1.0.jar:?]
	at knot/com.lemenok.cobblemontrialsedition.builder.SpawnerBuilder.buildCobblemonTrialSpawnerBlock(SpawnerBuilder.java:90) ~[CobblemonTrialsEdition-fabric-2.1.0.jar:?]
	at knot/com.lemenok.cobblemontrialsedition.processor.JigsawSpawnerReplacementProcessor.process(JigsawSpawnerReplacementProcessor.java:112) ~[CobblemonTrialsEdition-fabric-2.1.0.jar:?]
	at knot//MC/net.minecraft.structure.StructureTemplate.process(StructureTemplate.java:387) ~[server-intermediary.jar:?]
	at knot//MC/net.minecraft.structure.StructureTemplate.place(StructureTemplate.java:225) ~[server-intermediary.jar:?]
	at knot/com.telepathicgrunt.repurposedstructures.world.features.NbtDungeon.generate(NbtDungeon.java:157) ~[repurposed_structures-7.5.21+1.21.1-fabric.jar:?]
	at knot//MC/net.minecraft.world.gen.feature.Feature.generateIfValid(Feature.java:168) ~[server-intermediary.jar:?]
	at knot//MC/net.minecraft.world.gen.feature.ConfiguredFeature.generate(ConfiguredFeature.java:28) ~[server-intermediary.jar:?]
	at knot//MC/net.minecraft.world.gen.feature.PlacedFeature.method_39646(PlacedFeature.java:54) ~[server-intermediary.jar:?]
	at java.base/java.util.stream.ForEachOps$ForEachOp$OfRef.accept(ForEachOps.java:184) ~[?:?]
	at java.base/java.util.stream.Streams$StreamBuilderImpl.forEachRemaining(Streams.java:411) ~[?:?]
	at java.base/java.util.stream.ReferencePipeline$Head.forEach(ReferencePipeline.java:762) ~[?:?]
	at java.base/java.util.stream.ReferencePipeline$7$1.accept(ReferencePipeline.java:276) ~[?:?]
	at java.base/java.util.stream.Streams$StreamBuilderImpl.forEachRemaining(Streams.java:411) ~[?:?]
	at java.base/java.util.stream.ReferencePipeline$Head.forEach(ReferencePipeline.java:762) ~[?:?]
	at java.base/java.util.stream.ReferencePipeline$7$1.accept(ReferencePipeline.java:276) ~[?:?]
	at java.base/java.util.stream.Streams$StreamBuilderImpl.forEachRemaining(Streams.java:411) ~[?:?]
	at java.base/java.util.stream.ReferencePipeline$Head.forEach(ReferencePipeline.java:762) ~[?:?]
	at java.base/java.util.stream.ReferencePipeline$7$1.accept(ReferencePipeline.java:276) ~[?:?]
	at java.base/java.util.stream.ForEachOps$ForEachOp$OfRef.accept(ForEachOps.java:184) ~[?:?]
	at java.base/java.util.stream.IntPipeline$1$1.accept(IntPipeline.java:180) ~[?:?]
	at java.base/java.util.stream.Streams$RangeIntSpliterator.forEachRemaining(Streams.java:104) ~[?:?]
	at java.base/java.util.Spliterator$OfInt.forEachRemaining(Spliterator.java:712) ~[?:?]
	at java.base/java.util.stream.AbstractPipeline.copyInto(AbstractPipeline.java:509) ~[?:?]
	at java.base/java.util.stream.AbstractPipeline.wrapAndCopyInto(AbstractPipeline.java:499) ~[?:?]
	at java.base/java.util.stream.ForEachOps$ForEachOp.evaluateSequential(ForEachOps.java:151) ~[?:?]
	at java.base/java.util.stream.ForEachOps$ForEachOp$OfRef.evaluateSequential(ForEachOps.java:174) ~[?:?]
	at java.base/java.util.stream.AbstractPipeline.evaluate(AbstractPipeline.java:234) ~[?:?]
	at java.base/java.util.stream.ReferencePipeline.forEach(ReferencePipeline.java:596) ~[?:?]
	at java.base/java.util.stream.ReferencePipeline$7$1.accept(ReferencePipeline.java:276) ~[?:?]
	at java.base/java.util.stream.Streams$StreamBuilderImpl.forEachRemaining(Streams.java:411) ~[?:?]
	at java.base/java.util.stream.AbstractPipeline.copyInto(AbstractPipeline.java:509) ~[?:?]
	at java.base/java.util.stream.AbstractPipeline.wrapAndCopyInto(AbstractPipeline.java:499) ~[?:?]
	at java.base/java.util.stream.ForEachOps$ForEachOp.evaluateSequential(ForEachOps.java:151) ~[?:?]
	at java.base/java.util.stream.ForEachOps$ForEachOp$OfRef.evaluateSequential(ForEachOps.java:174) ~[?:?]
	at java.base/java.util.stream.AbstractPipeline.evaluate(AbstractPipeline.java:234) ~[?:?]
	at java.base/java.util.stream.ReferencePipeline.forEach(ReferencePipeline.java:596) ~[?:?]
	at knot//MC/net.minecraft.world.gen.feature.PlacedFeature.generate(PlacedFeature.java:53) ~[server-intermediary.jar:?]
	at knot//MC/net.minecraft.world.gen.feature.PlacedFeature.generate(PlacedFeature.java:42) ~[server-intermediary.jar:?]
	at knot//MC/net.minecraft.world.gen.chunk.ChunkGenerator.generateFeatures(ChunkGenerator.java:361) ~[server-intermediary.jar:?]
	at knot//MC/net.minecraft.world.chunk.ChunkGenerating.generateFeatures(ChunkGenerating.java:103) ~[server-intermediary.jar:?]
	at knot//MC/net.minecraft.world.chunk.ChunkGenerationStep.run(ChunkGenerationStep.java:33) ~[server-intermediary.jar:?]
	at knot/com.ishland.c2me.rewrites.chunksystem.common.statuses.VanillaWorldGenerationDelegate.lambda$upgradeToThis$5(VanillaWorldGenerationDelegate.java:176) ~[c2me-rewrites-chunk-system-0.4.00.23+1.21.1-1bc99f7df269a92d.jar:?]
	at knot/com.ishland.c2me.base.common.scheduler.ScheduledTask.run(ScheduledTask.java:46) [c2me-base-0.4.0-alpha.0.23+1.21.1-b63f9c67bc8f1cf9.jar:?]
	at knot/com.ishland.flowsched.executor.WorkerThread.pollTasks(WorkerThread.java:51) [c2me-base-0.4.0-alpha.0.23+1.21.1-b63f9c67bc8f1cf9.jar:?]
	at knot/com.ishland.flowsched.executor.WorkerThread.run(WorkerThread.java:29) [c2me-base-0.4.0-alpha.0.23+1.21.1-b63f9c67bc8f1cf9.jar:?]
[15:45:30] [c2me-worker-5/WARN]: Skipping BlockEntity with id minecraft:trial_spawner
[15:45:30] [c2me-worker-5/ERROR]: Failed to create block entity minecraft:trial_spawner
java.lang.IllegalStateException: Invalid block entity minecraft:trial_spawner // net.minecraft.block.entity.TrialSpawnerBlockEntity state at BlockPos{x=-430, y=-28, z=210}, got Block{minecraft:spawner}
	at knot//MC/net.minecraft.block.entity.BlockEntity.validateSupports(BlockEntity.java:57) ~[server-intermediary.jar:?]
	at knot//MC/net.minecraft.block.entity.BlockEntity.<init>(BlockEntity.java:51) ~[server-intermediary.jar:?]
	at knot//MC/net.minecraft.block.entity.TrialSpawnerBlockEntity.<init>(TrialSpawnerBlockEntity.java:28) ~[server-intermediary.jar:?]
	at knot//MC/net.minecraft.block.entity.BlockEntityType.instantiate(BlockEntityType.java:99) ~[server-intermediary.jar:?]
	at knot//MC/net.minecraft.block.entity.BlockEntity.method_17899(BlockEntity.java:186) ~[server-intermediary.jar:?]
	at java.base/java.util.Optional.map(Optional.java:260) ~[?:?]
	at knot//MC/net.minecraft.block.entity.BlockEntity.createFromNbt(BlockEntity.java:184) ~[server-intermediary.jar:?]
	at knot/com.lemenok.cobblemontrialsedition.config.SpawnerProperties.getLootTables(SpawnerProperties.java:93) ~[CobblemonTrialsEdition-fabric-2.1.0.jar:?]
	at knot/com.lemenok.cobblemontrialsedition.builder.BuildSpawner.create(BuildSpawner.java:31) ~[CobblemonTrialsEdition-fabric-2.1.0.jar:?]
	at knot/com.lemenok.cobblemontrialsedition.builder.SpawnerBuilder.buildCobblemonTrialSpawnerBlock(SpawnerBuilder.java:90) ~[CobblemonTrialsEdition-fabric-2.1.0.jar:?]
	at knot/com.lemenok.cobblemontrialsedition.processor.JigsawSpawnerReplacementProcessor.process(JigsawSpawnerReplacementProcessor.java:112) ~[CobblemonTrialsEdition-fabric-2.1.0.jar:?]
	at knot//MC/net.minecraft.structure.StructureTemplate.process(StructureTemplate.java:387) ~[server-intermediary.jar:?]
	at knot//MC/net.minecraft.structure.StructureTemplate.place(StructureTemplate.java:225) ~[server-intermediary.jar:?]
	at knot/com.telepathicgrunt.repurposedstructures.world.features.NbtDungeon.generate(NbtDungeon.java:157) ~[repurposed_structures-7.5.21+1.21.1-fabric.jar:?]
	at knot//MC/net.minecraft.world.gen.feature.Feature.generateIfValid(Feature.java:168) ~[server-intermediary.jar:?]
	at knot//MC/net.minecraft.world.gen.feature.ConfiguredFeature.generate(ConfiguredFeature.java:28) ~[server-intermediary.jar:?]
	at knot//MC/net.minecraft.world.gen.feature.PlacedFeature.method_39646(PlacedFeature.java:54) ~[server-intermediary.jar:?]
	at java.base/java.util.stream.ForEachOps$ForEachOp$OfRef.accept(ForEachOps.java:184) ~[?:?]
	at java.base/java.util.stream.Streams$StreamBuilderImpl.forEachRemaining(Streams.java:411) ~[?:?]
	at java.base/java.util.stream.ReferencePipeline$Head.forEach(ReferencePipeline.java:762) ~[?:?]
	at java.base/java.util.stream.ReferencePipeline$7$1.accept(ReferencePipeline.java:276) ~[?:?]
	at java.base/java.util.stream.Streams$StreamBuilderImpl.forEachRemaining(Streams.java:411) ~[?:?]
	at java.base/java.util.stream.ReferencePipeline$Head.forEach(ReferencePipeline.java:762) ~[?:?]
	at java.base/java.util.stream.ReferencePipeline$7$1.accept(ReferencePipeline.java:276) ~[?:?]
	at java.base/java.util.stream.Streams$StreamBuilderImpl.forEachRemaining(Streams.java:411) ~[?:?]
	at java.base/java.util.stream.ReferencePipeline$Head.forEach(ReferencePipeline.java:762) ~[?:?]
	at java.base/java.util.stream.ReferencePipeline$7$1.accept(ReferencePipeline.java:276) ~[?:?]
	at java.base/java.util.stream.ForEachOps$ForEachOp$OfRef.accept(ForEachOps.java:184) ~[?:?]
	at java.base/java.util.stream.IntPipeline$1$1.accept(IntPipeline.java:180) ~[?:?]
	at java.base/java.util.stream.Streams$RangeIntSpliterator.forEachRemaining(Streams.java:104) ~[?:?]
	at java.base/java.util.Spliterator$OfInt.forEachRemaining(Spliterator.java:712) ~[?:?]
	at java.base/java.util.stream.AbstractPipeline.copyInto(AbstractPipeline.java:509) ~[?:?]
	at java.base/java.util.stream.AbstractPipeline.wrapAndCopyInto(AbstractPipeline.java:499) ~[?:?]
	at java.base/java.util.stream.ForEachOps$ForEachOp.evaluateSequential(ForEachOps.java:151) ~[?:?]
	at java.base/java.util.stream.ForEachOps$ForEachOp$OfRef.evaluateSequential(ForEachOps.java:174) ~[?:?]
	at java.base/java.util.stream.AbstractPipeline.evaluate(AbstractPipeline.java:234) ~[?:?]
	at java.base/java.util.stream.ReferencePipeline.forEach(ReferencePipeline.java:596) ~[?:?]
	at java.base/java.util.stream.ReferencePipeline$7$1.accept(ReferencePipeline.java:276) ~[?:?]
	at java.base/java.util.stream.Streams$StreamBuilderImpl.forEachRemaining(Streams.java:411) ~[?:?]
	at java.base/java.util.stream.AbstractPipeline.copyInto(AbstractPipeline.java:509) ~[?:?]
	at java.base/java.util.stream.AbstractPipeline.wrapAndCopyInto(AbstractPipeline.java:499) ~[?:?]
	at java.base/java.util.stream.ForEachOps$ForEachOp.evaluateSequential(ForEachOps.java:151) ~[?:?]
	at java.base/java.util.stream.ForEachOps$ForEachOp$OfRef.evaluateSequential(ForEachOps.java:174) ~[?:?]
	at java.base/java.util.stream.AbstractPipeline.evaluate(AbstractPipeline.java:234) ~[?:?]
	at java.base/java.util.stream.ReferencePipeline.forEach(ReferencePipeline.java:596) ~[?:?]
	at knot//MC/net.minecraft.world.gen.feature.PlacedFeature.generate(PlacedFeature.java:53) ~[server-intermediary.jar:?]
	at knot//MC/net.minecraft.world.gen.feature.PlacedFeature.generate(PlacedFeature.java:42) ~[server-intermediary.jar:?]
	at knot//MC/net.minecraft.world.gen.chunk.ChunkGenerator.generateFeatures(ChunkGenerator.java:361) ~[server-intermediary.jar:?]
	at knot//MC/net.minecraft.world.chunk.ChunkGenerating.generateFeatures(ChunkGenerating.java:103) ~[server-intermediary.jar:?]
	at knot//MC/net.minecraft.world.chunk.ChunkGenerationStep.run(ChunkGenerationStep.java:33) ~[server-intermediary.jar:?]
	at knot/com.ishland.c2me.rewrites.chunksystem.common.statuses.VanillaWorldGenerationDelegate.lambda$upgradeToThis$5(VanillaWorldGenerationDelegate.java:176) ~[c2me-rewrites-chunk-system-0.4.00.23+1.21.1-1bc99f7df269a92d.jar:?]
	at knot/com.ishland.c2me.base.common.scheduler.ScheduledTask.run(ScheduledTask.java:46) [c2me-base-0.4.0-alpha.0.23+1.21.1-b63f9c67bc8f1cf9.jar:?]
	at knot/com.ishland.flowsched.executor.WorkerThread.pollTasks(WorkerThread.java:51) [c2me-base-0.4.0-alpha.0.23+1.21.1-b63f9c67bc8f1cf9.jar:?]
	at knot/com.ishland.flowsched.executor.WorkerThread.run(WorkerThread.java:29) [c2me-base-0.4.0-alpha.0.23+1.21.1-b63f9c67bc8f1cf9.jar:?]
[15:45:30] [c2me-worker-5/WARN]: Skipping BlockEntity with id minecraft:trial_spawner
[15:45:30] [c2me-worker-5/ERROR]: Failed to create block entity minecraft:trial_spawner
java.lang.IllegalStateException: Invalid block entity minecraft:trial_spawner // net.minecraft.block.entity.TrialSpawnerBlockEntity state at BlockPos{x=-430, y=-28, z=210}, got Block{minecraft:spawner}
	at knot//MC/net.minecraft.block.entity.BlockEntity.validateSupports(BlockEntity.java:57) ~[server-intermediary.jar:?]
	at knot//MC/net.minecraft.block.entity.BlockEntity.<init>(BlockEntity.java:51) ~[server-intermediary.jar:?]
	at knot//MC/net.minecraft.block.entity.TrialSpawnerBlockEntity.<init>(TrialSpawnerBlockEntity.java:28) ~[server-intermediary.jar:?]
	at knot//MC/net.minecraft.block.entity.BlockEntityType.instantiate(BlockEntityType.java:99) ~[server-intermediary.jar:?]
	at knot//MC/net.minecraft.block.entity.BlockEntity.method_17899(BlockEntity.java:186) ~[server-intermediary.jar:?]
	at java.base/java.util.Optional.map(Optional.java:260) ~[?:?]
	at knot//MC/net.minecraft.block.entity.BlockEntity.createFromNbt(BlockEntity.java:184) ~[server-intermediary.jar:?]
	at knot/com.lemenok.cobblemontrialsedition.config.SpawnerProperties.getLootTables(SpawnerProperties.java:93) ~[CobblemonTrialsEdition-fabric-2.1.0.jar:?]
	at knot/com.lemenok.cobblemontrialsedition.builder.BuildSpawner.create(BuildSpawner.java:43) ~[CobblemonTrialsEdition-fabric-2.1.0.jar:?]
	at knot/com.lemenok.cobblemontrialsedition.builder.SpawnerBuilder.buildCobblemonTrialSpawnerBlock(SpawnerBuilder.java:90) ~[CobblemonTrialsEdition-fabric-2.1.0.jar:?]
	at knot/com.lemenok.cobblemontrialsedition.processor.JigsawSpawnerReplacementProcessor.process(JigsawSpawnerReplacementProcessor.java:112) ~[CobblemonTrialsEdition-fabric-2.1.0.jar:?]
	at knot//MC/net.minecraft.structure.StructureTemplate.process(StructureTemplate.java:387) ~[server-intermediary.jar:?]
	at knot//MC/net.minecraft.structure.StructureTemplate.place(StructureTemplate.java:225) ~[server-intermediary.jar:?]
	at knot/com.telepathicgrunt.repurposedstructures.world.features.NbtDungeon.generate(NbtDungeon.java:157) ~[repurposed_structures-7.5.21+1.21.1-fabric.jar:?]
	at knot//MC/net.minecraft.world.gen.feature.Feature.generateIfValid(Feature.java:168) ~[server-intermediary.jar:?]
	at knot//MC/net.minecraft.world.gen.feature.ConfiguredFeature.generate(ConfiguredFeature.java:28) ~[server-intermediary.jar:?]
	at knot//MC/net.minecraft.world.gen.feature.PlacedFeature.method_39646(PlacedFeature.java:54) ~[server-intermediary.jar:?]
	at java.base/java.util.stream.ForEachOps$ForEachOp$OfRef.accept(ForEachOps.java:184) ~[?:?]
	at java.base/java.util.stream.Streams$StreamBuilderImpl.forEachRemaining(Streams.java:411) ~[?:?]
	at java.base/java.util.stream.ReferencePipeline$Head.forEach(ReferencePipeline.java:762) ~[?:?]
	at java.base/java.util.stream.ReferencePipeline$7$1.accept(ReferencePipeline.java:276) ~[?:?]
	at java.base/java.util.stream.Streams$StreamBuilderImpl.forEachRemaining(Streams.java:411) ~[?:?]
	at java.base/java.util.stream.ReferencePipeline$Head.forEach(ReferencePipeline.java:762) ~[?:?]
	at java.base/java.util.stream.ReferencePipeline$7$1.accept(ReferencePipeline.java:276) ~[?:?]
	at java.base/java.util.stream.Streams$StreamBuilderImpl.forEachRemaining(Streams.java:411) ~[?:?]
	at java.base/java.util.stream.ReferencePipeline$Head.forEach(ReferencePipeline.java:762) ~[?:?]
	at java.base/java.util.stream.ReferencePipeline$7$1.accept(ReferencePipeline.java:276) ~[?:?]
	at java.base/java.util.stream.ForEachOps$ForEachOp$OfRef.accept(ForEachOps.java:184) ~[?:?]
	at java.base/java.util.stream.IntPipeline$1$1.accept(IntPipeline.java:180) ~[?:?]
	at java.base/java.util.stream.Streams$RangeIntSpliterator.forEachRemaining(Streams.java:104) ~[?:?]
	at java.base/java.util.Spliterator$OfInt.forEachRemaining(Spliterator.java:712) ~[?:?]
	at java.base/java.util.stream.AbstractPipeline.copyInto(AbstractPipeline.java:509) ~[?:?]
	at java.base/java.util.stream.AbstractPipeline.wrapAndCopyInto(AbstractPipeline.java:499) ~[?:?]
	at java.base/java.util.stream.ForEachOps$ForEachOp.evaluateSequential(ForEachOps.java:151) ~[?:?]
	at java.base/java.util.stream.ForEachOps$ForEachOp$OfRef.evaluateSequential(ForEachOps.java:174) ~[?:?]
	at java.base/java.util.stream.AbstractPipeline.evaluate(AbstractPipeline.java:234) ~[?:?]
	at java.base/java.util.stream.ReferencePipeline.forEach(ReferencePipeline.java:596) ~[?:?]
	at java.base/java.util.stream.ReferencePipeline$7$1.accept(ReferencePipeline.java:276) ~[?:?]
	at java.base/java.util.stream.Streams$StreamBuilderImpl.forEachRemaining(Streams.java:411) ~[?:?]
	at java.base/java.util.stream.AbstractPipeline.copyInto(AbstractPipeline.java:509) ~[?:?]
	at java.base/java.util.stream.AbstractPipeline.wrapAndCopyInto(AbstractPipeline.java:499) ~[?:?]
	at java.base/java.util.stream.ForEachOps$ForEachOp.evaluateSequential(ForEachOps.java:151) ~[?:?]
	at java.base/java.util.stream.ForEachOps$ForEachOp$OfRef.evaluateSequential(ForEachOps.java:174) ~[?:?]
	at java.base/java.util.stream.AbstractPipeline.evaluate(AbstractPipeline.java:234) ~[?:?]
	at java.base/java.util.stream.ReferencePipeline.forEach(ReferencePipeline.java:596) ~[?:?]
	at knot//MC/net.minecraft.world.gen.feature.PlacedFeature.generate(PlacedFeature.java:53) ~[server-intermediary.jar:?]
	at knot//MC/net.minecraft.world.gen.feature.PlacedFeature.generate(PlacedFeature.java:42) ~[server-intermediary.jar:?]
	at knot//MC/net.minecraft.world.gen.chunk.ChunkGenerator.generateFeatures(ChunkGenerator.java:361) ~[server-intermediary.jar:?]
	at knot//MC/net.minecraft.world.chunk.ChunkGenerating.generateFeatures(ChunkGenerating.java:103) ~[server-intermediary.jar:?]
	at knot//MC/net.minecraft.world.chunk.ChunkGenerationStep.run(ChunkGenerationStep.java:33) ~[server-intermediary.jar:?]
	at knot/com.ishland.c2me.rewrites.chunksystem.common.statuses.VanillaWorldGenerationDelegate.lambda$upgradeToThis$5(VanillaWorldGenerationDelegate.java:176) ~[c2me-rewrites-chunk-system-0.4.00.23+1.21.1-1bc99f7df269a92d.jar:?]
	at knot/com.ishland.c2me.base.common.scheduler.ScheduledTask.run(ScheduledTask.java:46) [c2me-base-0.4.0-alpha.0.23+1.21.1-b63f9c67bc8f1cf9.jar:?]
	at knot/com.ishland.flowsched.executor.WorkerThread.pollTasks(WorkerThread.java:51) [c2me-base-0.4.0-alpha.0.23+1.21.1-b63f9c67bc8f1cf9.jar:?]
	at knot/com.ishland.flowsched.executor.WorkerThread.run(WorkerThread.java:29) [c2me-base-0.4.0-alpha.0.23+1.21.1-b63f9c67bc8f1cf9.jar:?]
[15:45:30] [c2me-worker-5/WARN]: Skipping BlockEntity with id minecraft:trial_spawner
[15:45:30] [c2me-worker-6/ERROR]: Failed to create block entity minecraft:trial_spawner
java.lang.IllegalStateException: Invalid block entity minecraft:trial_spawner // net.minecraft.block.entity.TrialSpawnerBlockEntity state at BlockPos{x=-429, y=66, z=341}, got Block{minecraft:spawner}
	at knot//MC/net.minecraft.block.entity.BlockEntity.validateSupports(BlockEntity.java:57) ~[server-intermediary.jar:?]
	at knot//MC/net.minecraft.block.entity.BlockEntity.<init>(BlockEntity.java:51) ~[server-intermediary.jar:?]
	at knot//MC/net.minecraft.block.entity.TrialSpawnerBlockEntity.<init>(TrialSpawnerBlockEntity.java:28) ~[server-intermediary.jar:?]
	at knot//MC/net.minecraft.block.entity.BlockEntityType.instantiate(BlockEntityType.java:99) ~[server-intermediary.jar:?]
	at knot//MC/net.minecraft.block.entity.BlockEntity.method_17899(BlockEntity.java:186) ~[server-intermediary.jar:?]
	at java.base/java.util.Optional.map(Optional.java:260) ~[?:?]
	at knot//MC/net.minecraft.block.entity.BlockEntity.createFromNbt(BlockEntity.java:184) ~[server-intermediary.jar:?]
	at knot/com.lemenok.cobblemontrialsedition.config.SpawnerProperties.getLootTables(SpawnerProperties.java:93) ~[CobblemonTrialsEdition-fabric-2.1.0.jar:?]
	at knot/com.lemenok.cobblemontrialsedition.builder.BuildSpawner.create(BuildSpawner.java:31) ~[CobblemonTrialsEdition-fabric-2.1.0.jar:?]
	at knot/com.lemenok.cobblemontrialsedition.builder.SpawnerBuilder.buildCobblemonTrialSpawnerBlock(SpawnerBuilder.java:90) ~[CobblemonTrialsEdition-fabric-2.1.0.jar:?]
	at knot/com.lemenok.cobblemontrialsedition.processor.JigsawSpawnerReplacementProcessor.process(JigsawSpawnerReplacementProcessor.java:112) ~[CobblemonTrialsEdition-fabric-2.1.0.jar:?]
	at knot//MC/net.minecraft.structure.StructureTemplate.process(StructureTemplate.java:387) ~[server-intermediary.jar:?]
	at knot//MC/net.minecraft.structure.StructureTemplate.place(StructureTemplate.java:225) ~[server-intermediary.jar:?]
	at knot/com.telepathicgrunt.repurposedstructures.world.features.NbtDungeon.generate(NbtDungeon.java:157) ~[repurposed_structures-7.5.21+1.21.1-fabric.jar:?]
	at knot//MC/net.minecraft.world.gen.feature.Feature.generateIfValid(Feature.java:168) ~[server-intermediary.jar:?]
	at knot//MC/net.minecraft.world.gen.feature.ConfiguredFeature.generate(ConfiguredFeature.java:28) ~[server-intermediary.jar:?]
	at knot//MC/net.minecraft.world.gen.feature.PlacedFeature.method_39646(PlacedFeature.java:54) ~[server-intermediary.jar:?]
	at java.base/java.util.stream.ForEachOps$ForEachOp$OfRef.accept(ForEachOps.java:184) ~[?:?]
	at java.base/java.util.stream.Streams$StreamBuilderImpl.forEachRemaining(Streams.java:411) ~[?:?]
	at java.base/java.util.stream.ReferencePipeline$Head.forEach(ReferencePipeline.java:762) ~[?:?]
	at java.base/java.util.stream.ReferencePipeline$7$1.accept(ReferencePipeline.java:276) ~[?:?]
	at java.base/java.util.stream.Streams$StreamBuilderImpl.forEachRemaining(Streams.java:411) ~[?:?]
	at java.base/java.util.stream.ReferencePipeline$Head.forEach(ReferencePipeline.java:762) ~[?:?]
	at java.base/java.util.stream.ReferencePipeline$7$1.accept(ReferencePipeline.java:276) ~[?:?]
	at java.base/java.util.stream.Streams$StreamBuilderImpl.forEachRemaining(Streams.java:411) ~[?:?]
	at java.base/java.util.stream.ReferencePipeline$Head.forEach(ReferencePipeline.java:762) ~[?:?]
	at java.base/java.util.stream.ReferencePipeline$7$1.accept(ReferencePipeline.java:276) ~[?:?]
	at java.base/java.util.stream.ForEachOps$ForEachOp$OfRef.accept(ForEachOps.java:184) ~[?:?]
	at java.base/java.util.stream.IntPipeline$1$1.accept(IntPipeline.java:180) ~[?:?]
	at java.base/java.util.stream.Streams$RangeIntSpliterator.forEachRemaining(Streams.java:104) ~[?:?]
	at java.base/java.util.Spliterator$OfInt.forEachRemaining(Spliterator.java:712) ~[?:?]
	at java.base/java.util.stream.AbstractPipeline.copyInto(AbstractPipeline.java:509) ~[?:?]
	at java.base/java.util.stream.AbstractPipeline.wrapAndCopyInto(AbstractPipeline.java:499) ~[?:?]
	at java.base/java.util.stream.ForEachOps$ForEachOp.evaluateSequential(ForEachOps.java:151) ~[?:?]
	at java.base/java.util.stream.ForEachOps$ForEachOp$OfRef.evaluateSequential(ForEachOps.java:174) ~[?:?]
	at java.base/java.util.stream.AbstractPipeline.evaluate(AbstractPipeline.java:234) ~[?:?]
	at java.base/java.util.stream.ReferencePipeline.forEach(ReferencePipeline.java:596) ~[?:?]
	at java.base/java.util.stream.ReferencePipeline$7$1.accept(ReferencePipeline.java:276) ~[?:?]
	at java.base/java.util.stream.Streams$StreamBuilderImpl.forEachRemaining(Streams.java:411) ~[?:?]
	at java.base/java.util.stream.AbstractPipeline.copyInto(AbstractPipeline.java:509) ~[?:?]
	at java.base/java.util.stream.AbstractPipeline.wrapAndCopyInto(AbstractPipeline.java:499) ~[?:?]
	at java.base/java.util.stream.ForEachOps$ForEachOp.evaluateSequential(ForEachOps.java:151) ~[?:?]
	at java.base/java.util.stream.ForEachOps$ForEachOp$OfRef.evaluateSequential(ForEachOps.java:174) ~[?:?]
	at java.base/java.util.stream.AbstractPipeline.evaluate(AbstractPipeline.java:234) ~[?:?]
	at java.base/java.util.stream.ReferencePipeline.forEach(ReferencePipeline.java:596) ~[?:?]
	at knot//MC/net.minecraft.world.gen.feature.PlacedFeature.generate(PlacedFeature.java:53) ~[server-intermediary.jar:?]
	at knot//MC/net.minecraft.world.gen.feature.PlacedFeature.generate(PlacedFeature.java:42) ~[server-intermediary.jar:?]
	at knot//MC/net.minecraft.world.gen.chunk.ChunkGenerator.generateFeatures(ChunkGenerator.java:361) ~[server-intermediary.jar:?]
	at knot//MC/net.minecraft.world.chunk.ChunkGenerating.generateFeatures(ChunkGenerating.java:103) ~[server-intermediary.jar:?]
	at knot//MC/net.minecraft.world.chunk.ChunkGenerationStep.run(ChunkGenerationStep.java:33) ~[server-intermediary.jar:?]
	at knot/com.ishland.c2me.rewrites.chunksystem.common.statuses.VanillaWorldGenerationDelegate.lambda$upgradeToThis$5(VanillaWorldGenerationDelegate.java:176) ~[c2me-rewrites-chunk-system-0.4.00.23+1.21.1-1bc99f7df269a92d.jar:?]
	at knot/com.ishland.c2me.base.common.scheduler.ScheduledTask.run(ScheduledTask.java:46) [c2me-base-0.4.0-alpha.0.23+1.21.1-b63f9c67bc8f1cf9.jar:?]
	at knot/com.ishland.flowsched.executor.WorkerThread.pollTasks(WorkerThread.java:51) [c2me-base-0.4.0-alpha.0.23+1.21.1-b63f9c67bc8f1cf9.jar:?]
	at knot/com.ishland.flowsched.executor.WorkerThread.run(WorkerThread.java:29) [c2me-base-0.4.0-alpha.0.23+1.21.1-b63f9c67bc8f1cf9.jar:?]
[15:45:30] [c2me-worker-6/WARN]: Skipping BlockEntity with id minecraft:trial_spawner
[15:45:30] [c2me-worker-6/ERROR]: Failed to create block entity minecraft:trial_spawner
java.lang.IllegalStateException: Invalid block entity minecraft:trial_spawner // net.minecraft.block.entity.TrialSpawnerBlockEntity state at BlockPos{x=-429, y=66, z=341}, got Block{minecraft:spawner}
	at knot//MC/net.minecraft.block.entity.BlockEntity.validateSupports(BlockEntity.java:57) ~[server-intermediary.jar:?]
	at knot//MC/net.minecraft.block.entity.BlockEntity.<init>(BlockEntity.java:51) ~[server-intermediary.jar:?]
	at knot//MC/net.minecraft.block.entity.TrialSpawnerBlockEntity.<init>(TrialSpawnerBlockEntity.java:28) ~[server-intermediary.jar:?]
	at knot//MC/net.minecraft.block.entity.BlockEntityType.instantiate(BlockEntityType.java:99) ~[server-intermediary.jar:?]
	at knot//MC/net.minecraft.block.entity.BlockEntity.method_17899(BlockEntity.java:186) ~[server-intermediary.jar:?]
	at java.base/java.util.Optional.map(Optional.java:260) ~[?:?]
	at knot//MC/net.minecraft.block.entity.BlockEntity.createFromNbt(BlockEntity.java:184) ~[server-intermediary.jar:?]
	at knot/com.lemenok.cobblemontrialsedition.config.SpawnerProperties.getLootTables(SpawnerProperties.java:93) ~[CobblemonTrialsEdition-fabric-2.1.0.jar:?]
	at knot/com.lemenok.cobblemontrialsedition.builder.BuildSpawner.create(BuildSpawner.java:43) ~[CobblemonTrialsEdition-fabric-2.1.0.jar:?]
	at knot/com.lemenok.cobblemontrialsedition.builder.SpawnerBuilder.buildCobblemonTrialSpawnerBlock(SpawnerBuilder.java:90) ~[CobblemonTrialsEdition-fabric-2.1.0.jar:?]
	at knot/com.lemenok.cobblemontrialsedition.processor.JigsawSpawnerReplacementProcessor.process(JigsawSpawnerReplacementProcessor.java:112) ~[CobblemonTrialsEdition-fabric-2.1.0.jar:?]
	at knot//MC/net.minecraft.structure.StructureTemplate.process(StructureTemplate.java:387) ~[server-intermediary.jar:?]
	at knot//MC/net.minecraft.structure.StructureTemplate.place(StructureTemplate.java:225) ~[server-intermediary.jar:?]
	at knot/com.telepathicgrunt.repurposedstructures.world.features.NbtDungeon.generate(NbtDungeon.java:157) ~[repurposed_structures-7.5.21+1.21.1-fabric.jar:?]
	at knot//MC/net.minecraft.world.gen.feature.Feature.generateIfValid(Feature.java:168) ~[server-intermediary.jar:?]
	at knot//MC/net.minecraft.world.gen.feature.ConfiguredFeature.generate(ConfiguredFeature.java:28) ~[server-intermediary.jar:?]
	at knot//MC/net.minecraft.world.gen.feature.PlacedFeature.method_39646(PlacedFeature.java:54) ~[server-intermediary.jar:?]
	at java.base/java.util.stream.ForEachOps$ForEachOp$OfRef.accept(ForEachOps.java:184) ~[?:?]
	at java.base/java.util.stream.Streams$StreamBuilderImpl.forEachRemaining(Streams.java:411) ~[?:?]
	at java.base/java.util.stream.ReferencePipeline$Head.forEach(ReferencePipeline.java:762) ~[?:?]
	at java.base/java.util.stream.ReferencePipeline$7$1.accept(ReferencePipeline.java:276) ~[?:?]
	at java.base/java.util.stream.Streams$StreamBuilderImpl.forEachRemaining(Streams.java:411) ~[?:?]
	at java.base/java.util.stream.ReferencePipeline$Head.forEach(ReferencePipeline.java:762) ~[?:?]
	at java.base/java.util.stream.ReferencePipeline$7$1.accept(ReferencePipeline.java:276) ~[?:?]
	at java.base/java.util.stream.Streams$StreamBuilderImpl.forEachRemaining(Streams.java:411) ~[?:?]
	at java.base/java.util.stream.ReferencePipeline$Head.forEach(ReferencePipeline.java:762) ~[?:?]
	at java.base/java.util.stream.ReferencePipeline$7$1.accept(ReferencePipeline.java:276) ~[?:?]
	at java.base/java.util.stream.ForEachOps$ForEachOp$OfRef.accept(ForEachOps.java:184) ~[?:?]
	at java.base/java.util.stream.IntPipeline$1$1.accept(IntPipeline.java:180) ~[?:?]
	at java.base/java.util.stream.Streams$RangeIntSpliterator.forEachRemaining(Streams.java:104) ~[?:?]
	at java.base/java.util.Spliterator$OfInt.forEachRemaining(Spliterator.java:712) ~[?:?]
	at java.base/java.util.stream.AbstractPipeline.copyInto(AbstractPipeline.java:509) ~[?:?]
	at java.base/java.util.stream.AbstractPipeline.wrapAndCopyInto(AbstractPipeline.java:499) ~[?:?]
	at java.base/java.util.stream.ForEachOps$ForEachOp.evaluateSequential(ForEachOps.java:151) ~[?:?]
	at java.base/java.util.stream.ForEachOps$ForEachOp$OfRef.evaluateSequential(ForEachOps.java:174) ~[?:?]
	at java.base/java.util.stream.AbstractPipeline.evaluate(AbstractPipeline.java:234) ~[?:?]
	at java.base/java.util.stream.ReferencePipeline.forEach(ReferencePipeline.java:596) ~[?:?]
	at java.base/java.util.stream.ReferencePipeline$7$1.accept(ReferencePipeline.java:276) ~[?:?]
	at java.base/java.util.stream.Streams$StreamBuilderImpl.forEachRemaining(Streams.java:411) ~[?:?]
	at java.base/java.util.stream.AbstractPipeline.copyInto(AbstractPipeline.java:509) ~[?:?]
	at java.base/java.util.stream.AbstractPipeline.wrapAndCopyInto(AbstractPipeline.java:499) ~[?:?]
	at java.base/java.util.stream.ForEachOps$ForEachOp.evaluateSequential(ForEachOps.java:151) ~[?:?]
	at java.base/java.util.stream.ForEachOps$ForEachOp$OfRef.evaluateSequential(ForEachOps.java:174) ~[?:?]
	at java.base/java.util.stream.AbstractPipeline.evaluate(AbstractPipeline.java:234) ~[?:?]
	at java.base/java.util.stream.ReferencePipeline.forEach(ReferencePipeline.java:596) ~[?:?]
	at knot//MC/net.minecraft.world.gen.feature.PlacedFeature.generate(PlacedFeature.java:53) ~[server-intermediary.jar:?]
	at knot//MC/net.minecraft.world.gen.feature.PlacedFeature.generate(PlacedFeature.java:42) ~[server-intermediary.jar:?]
	at knot//MC/net.minecraft.world.gen.chunk.ChunkGenerator.generateFeatures(ChunkGenerator.java:361) ~[server-intermediary.jar:?]
	at knot//MC/net.minecraft.world.chunk.ChunkGenerating.generateFeatures(ChunkGenerating.java:103) ~[server-intermediary.jar:?]
	at knot//MC/net.minecraft.world.chunk.ChunkGenerationStep.run(ChunkGenerationStep.java:33) ~[server-intermediary.jar:?]
	at knot/com.ishland.c2me.rewrites.chunksystem.common.statuses.VanillaWorldGenerationDelegate.lambda$upgradeToThis$5(VanillaWorldGenerationDelegate.java:176) ~[c2me-rewrites-chunk-system-0.4.00.23+1.21.1-1bc99f7df269a92d.jar:?]
	at knot/com.ishland.c2me.base.common.scheduler.ScheduledTask.run(ScheduledTask.java:46) [c2me-base-0.4.0-alpha.0.23+1.21.1-b63f9c67bc8f1cf9.jar:?]
	at knot/com.ishland.flowsched.executor.WorkerThread.pollTasks(WorkerThread.java:51) [c2me-base-0.4.0-alpha.0.23+1.21.1-b63f9c67bc8f1cf9.jar:?]
	at knot/com.ishland.flowsched.executor.WorkerThread.run(WorkerThread.java:29) [c2me-base-0.4.0-alpha.0.23+1.21.1-b63f9c67bc8f1cf9.jar:?]
[15:45:30] [c2me-worker-6/WARN]: Skipping BlockEntity with id minecraft:trial_spawner
[15:45:49] [c2me-worker-2/ERROR]: Failed to create block entity minecraft:trial_spawner
java.lang.IllegalStateException: Invalid block entity minecraft:trial_spawner // net.minecraft.block.entity.TrialSpawnerBlockEntity state at BlockPos{x=-423, y=-31, z=425}, got Block{minecraft:spawner}
	at knot//MC/net.minecraft.block.entity.BlockEntity.validateSupports(BlockEntity.java:57) ~[server-intermediary.jar:?]
	at knot//MC/net.minecraft.block.entity.BlockEntity.<init>(BlockEntity.java:51) ~[server-intermediary.jar:?]
	at knot//MC/net.minecraft.block.entity.TrialSpawnerBlockEntity.<init>(TrialSpawnerBlockEntity.java:28) ~[server-intermediary.jar:?]
	at knot//MC/net.minecraft.block.entity.BlockEntityType.instantiate(BlockEntityType.java:99) ~[server-intermediary.jar:?]
	at knot//MC/net.minecraft.block.entity.BlockEntity.method_17899(BlockEntity.java:186) ~[server-intermediary.jar:?]
	at java.base/java.util.Optional.map(Optional.java:260) ~[?:?]
	at knot//MC/net.minecraft.block.entity.BlockEntity.createFromNbt(BlockEntity.java:184) ~[server-intermediary.jar:?]
	at knot/com.lemenok.cobblemontrialsedition.config.SpawnerProperties.getLootTables(SpawnerProperties.java:93) ~[CobblemonTrialsEdition-fabric-2.1.0.jar:?]
	at knot/com.lemenok.cobblemontrialsedition.builder.BuildSpawner.create(BuildSpawner.java:31) ~[CobblemonTrialsEdition-fabric-2.1.0.jar:?]
	at knot/com.lemenok.cobblemontrialsedition.builder.SpawnerBuilder.buildCobblemonTrialSpawnerBlock(SpawnerBuilder.java:90) ~[CobblemonTrialsEdition-fabric-2.1.0.jar:?]
	at knot/com.lemenok.cobblemontrialsedition.processor.JigsawSpawnerReplacementProcessor.process(JigsawSpawnerReplacementProcessor.java:112) ~[CobblemonTrialsEdition-fabric-2.1.0.jar:?]
	at knot//MC/net.minecraft.structure.StructureTemplate.process(StructureTemplate.java:387) ~[server-intermediary.jar:?]
	at knot//MC/net.minecraft.structure.StructureTemplate.place(StructureTemplate.java:225) ~[server-intermediary.jar:?]
	at knot/com.telepathicgrunt.repurposedstructures.world.features.NbtDungeon.generate(NbtDungeon.java:157) ~[repurposed_structures-7.5.21+1.21.1-fabric.jar:?]
	at knot//MC/net.minecraft.world.gen.feature.Feature.generateIfValid(Feature.java:168) ~[server-intermediary.jar:?]
	at knot//MC/net.minecraft.world.gen.feature.ConfiguredFeature.generate(ConfiguredFeature.java:28) ~[server-intermediary.jar:?]
	at knot//MC/net.minecraft.world.gen.feature.PlacedFeature.method_39646(PlacedFeature.java:54) ~[server-intermediary.jar:?]
	at java.base/java.util.stream.ForEachOps$ForEachOp$OfRef.accept(ForEachOps.java:184) ~[?:?]
	at java.base/java.util.stream.Streams$StreamBuilderImpl.forEachRemaining(Streams.java:411) ~[?:?]
	at java.base/java.util.stream.ReferencePipeline$Head.forEach(ReferencePipeline.java:762) ~[?:?]
	at java.base/java.util.stream.ReferencePipeline$7$1.accept(ReferencePipeline.java:276) ~[?:?]
	at java.base/java.util.stream.Streams$StreamBuilderImpl.forEachRemaining(Streams.java:411) ~[?:?]
	at java.base/java.util.stream.ReferencePipeline$Head.forEach(ReferencePipeline.java:762) ~[?:?]
	at java.base/java.util.stream.ReferencePipeline$7$1.accept(ReferencePipeline.java:276) ~[?:?]
	at java.base/java.util.stream.Streams$StreamBuilderImpl.forEachRemaining(Streams.java:411) ~[?:?]
	at java.base/java.util.stream.ReferencePipeline$Head.forEach(ReferencePipeline.java:762) ~[?:?]
	at java.base/java.util.stream.ReferencePipeline$7$1.accept(ReferencePipeline.java:276) ~[?:?]
	at java.base/java.util.stream.ForEachOps$ForEachOp$OfRef.accept(ForEachOps.java:184) ~[?:?]
	at java.base/java.util.stream.IntPipeline$1$1.accept(IntPipeline.java:180) ~[?:?]
	at java.base/java.util.stream.Streams$RangeIntSpliterator.forEachRemaining(Streams.java:104) ~[?:?]
	at java.base/java.util.Spliterator$OfInt.forEachRemaining(Spliterator.java:712) ~[?:?]
	at java.base/java.util.stream.AbstractPipeline.copyInto(AbstractPipeline.java:509) ~[?:?]
	at java.base/java.util.stream.AbstractPipeline.wrapAndCopyInto(AbstractPipeline.java:499) ~[?:?]
	at java.base/java.util.stream.ForEachOps$ForEachOp.evaluateSequential(ForEachOps.java:151) ~[?:?]
	at java.base/java.util.stream.ForEachOps$ForEachOp$OfRef.evaluateSequential(ForEachOps.java:174) ~[?:?]
	at java.base/java.util.stream.AbstractPipeline.evaluate(AbstractPipeline.java:234) ~[?:?]
	at java.base/java.util.stream.ReferencePipeline.forEach(ReferencePipeline.java:596) ~[?:?]
	at java.base/java.util.stream.ReferencePipeline$7$1.accept(ReferencePipeline.java:276) ~[?:?]
	at java.base/java.util.stream.Streams$StreamBuilderImpl.forEachRemaining(Streams.java:411) ~[?:?]
	at java.base/java.util.stream.AbstractPipeline.copyInto(AbstractPipeline.java:509) ~[?:?]
	at java.base/java.util.stream.AbstractPipeline.wrapAndCopyInto(AbstractPipeline.java:499) ~[?:?]
	at java.base/java.util.stream.ForEachOps$ForEachOp.evaluateSequential(ForEachOps.java:151) ~[?:?]
	at java.base/java.util.stream.ForEachOps$ForEachOp$OfRef.evaluateSequential(ForEachOps.java:174) ~[?:?]
	at java.base/java.util.stream.AbstractPipeline.evaluate(AbstractPipeline.java:234) ~[?:?]
	at java.base/java.util.stream.ReferencePipeline.forEach(ReferencePipeline.java:596) ~[?:?]
	at knot//MC/net.minecraft.world.gen.feature.PlacedFeature.generate(PlacedFeature.java:53) ~[server-intermediary.jar:?]
	at knot//MC/net.minecraft.world.gen.feature.PlacedFeature.generate(PlacedFeature.java:42) ~[server-intermediary.jar:?]
	at knot//MC/net.minecraft.world.gen.chunk.ChunkGenerator.generateFeatures(ChunkGenerator.java:361) ~[server-intermediary.jar:?]
	at knot//MC/net.minecraft.world.chunk.ChunkGenerating.generateFeatures(ChunkGenerating.java:103) ~[server-intermediary.jar:?]
	at knot//MC/net.minecraft.world.chunk.ChunkGenerationStep.run(ChunkGenerationStep.java:33) ~[server-intermediary.jar:?]
	at knot/com.ishland.c2me.rewrites.chunksystem.common.statuses.VanillaWorldGenerationDelegate.lambda$upgradeToThis$5(VanillaWorldGenerationDelegate.java:176) ~[c2me-rewrites-chunk-system-0.4.00.23+1.21.1-1bc99f7df269a92d.jar:?]
	at knot/com.ishland.c2me.base.common.scheduler.ScheduledTask.run(ScheduledTask.java:46) [c2me-base-0.4.0-alpha.0.23+1.21.1-b63f9c67bc8f1cf9.jar:?]
	at knot/com.ishland.flowsched.executor.WorkerThread.pollTasks(WorkerThread.java:51) [c2me-base-0.4.0-alpha.0.23+1.21.1-b63f9c67bc8f1cf9.jar:?]
	at knot/com.ishland.flowsched.executor.WorkerThread.run(WorkerThread.java:29) [c2me-base-0.4.0-alpha.0.23+1.21.1-b63f9c67bc8f1cf9.jar:?]
[15:45:49] [c2me-worker-2/WARN]: Skipping BlockEntity with id minecraft:trial_spawner
[15:45:49] [c2me-worker-2/ERROR]: Failed to create block entity minecraft:trial_spawner
java.lang.IllegalStateException: Invalid block entity minecraft:trial_spawner // net.minecraft.block.entity.TrialSpawnerBlockEntity state at BlockPos{x=-423, y=-31, z=425}, got Block{minecraft:spawner}
	at knot//MC/net.minecraft.block.entity.BlockEntity.validateSupports(BlockEntity.java:57) ~[server-intermediary.jar:?]
	at knot//MC/net.minecraft.block.entity.BlockEntity.<init>(BlockEntity.java:51) ~[server-intermediary.jar:?]
	at knot//MC/net.minecraft.block.entity.TrialSpawnerBlockEntity.<init>(TrialSpawnerBlockEntity.java:28) ~[server-intermediary.jar:?]
	at knot//MC/net.minecraft.block.entity.BlockEntityType.instantiate(BlockEntityType.java:99) ~[server-intermediary.jar:?]
	at knot//MC/net.minecraft.block.entity.BlockEntity.method_17899(BlockEntity.java:186) ~[server-intermediary.jar:?]
	at java.base/java.util.Optional.map(Optional.java:260) ~[?:?]
	at knot//MC/net.minecraft.block.entity.BlockEntity.createFromNbt(BlockEntity.java:184) ~[server-intermediary.jar:?]
	at knot/com.lemenok.cobblemontrialsedition.config.SpawnerProperties.getLootTables(SpawnerProperties.java:93) ~[CobblemonTrialsEdition-fabric-2.1.0.jar:?]
	at knot/com.lemenok.cobblemontrialsedition.builder.BuildSpawner.create(BuildSpawner.java:43) ~[CobblemonTrialsEdition-fabric-2.1.0.jar:?]
	at knot/com.lemenok.cobblemontrialsedition.builder.SpawnerBuilder.buildCobblemonTrialSpawnerBlock(SpawnerBuilder.java:90) ~[CobblemonTrialsEdition-fabric-2.1.0.jar:?]
	at knot/com.lemenok.cobblemontrialsedition.processor.JigsawSpawnerReplacementProcessor.process(JigsawSpawnerReplacementProcessor.java:112) ~[CobblemonTrialsEdition-fabric-2.1.0.jar:?]
	at knot//MC/net.minecraft.structure.StructureTemplate.process(StructureTemplate.java:387) ~[server-intermediary.jar:?]
	at knot//MC/net.minecraft.structure.StructureTemplate.place(StructureTemplate.java:225) ~[server-intermediary.jar:?]
	at knot/com.telepathicgrunt.repurposedstructures.world.features.NbtDungeon.generate(NbtDungeon.java:157) ~[repurposed_structures-7.5.21+1.21.1-fabric.jar:?]
	at knot//MC/net.minecraft.world.gen.feature.Feature.generateIfValid(Feature.java:168) ~[server-intermediary.jar:?]
	at knot//MC/net.minecraft.world.gen.feature.ConfiguredFeature.generate(ConfiguredFeature.java:28) ~[server-intermediary.jar:?]
	at knot//MC/net.minecraft.world.gen.feature.PlacedFeature.method_39646(PlacedFeature.java:54) ~[server-intermediary.jar:?]
	at java.base/java.util.stream.ForEachOps$ForEachOp$OfRef.accept(ForEachOps.java:184) ~[?:?]
	at java.base/java.util.stream.Streams$StreamBuilderImpl.forEachRemaining(Streams.java:411) ~[?:?]
	at java.base/java.util.stream.ReferencePipeline$Head.forEach(ReferencePipeline.java:762) ~[?:?]
	at java.base/java.util.stream.ReferencePipeline$7$1.accept(ReferencePipeline.java:276) ~[?:?]
	at java.base/java.util.stream.Streams$StreamBuilderImpl.forEachRemaining(Streams.java:411) ~[?:?]
	at java.base/java.util.stream.ReferencePipeline$Head.forEach(ReferencePipeline.java:762) ~[?:?]
	at java.base/java.util.stream.ReferencePipeline$7$1.accept(ReferencePipeline.java:276) ~[?:?]
	at java.base/java.util.stream.Streams$StreamBuilderImpl.forEachRemaining(Streams.java:411) ~[?:?]
	at java.base/java.util.stream.ReferencePipeline$Head.forEach(ReferencePipeline.java:762) ~[?:?]
	at java.base/java.util.stream.ReferencePipeline$7$1.accept(ReferencePipeline.java:276) ~[?:?]
	at java.base/java.util.stream.ForEachOps$ForEachOp$OfRef.accept(ForEachOps.java:184) ~[?:?]
	at java.base/java.util.stream.IntPipeline$1$1.accept(IntPipeline.java:180) ~[?:?]
	at java.base/java.util.stream.Streams$RangeIntSpliterator.forEachRemaining(Streams.java:104) ~[?:?]
	at java.base/java.util.Spliterator$OfInt.forEachRemaining(Spliterator.java:712) ~[?:?]
	at java.base/java.util.stream.AbstractPipeline.copyInto(AbstractPipeline.java:509) ~[?:?]
	at java.base/java.util.stream.AbstractPipeline.wrapAndCopyInto(AbstractPipeline.java:499) ~[?:?]
	at java.base/java.util.stream.ForEachOps$ForEachOp.evaluateSequential(ForEachOps.java:151) ~[?:?]
	at java.base/java.util.stream.ForEachOps$ForEachOp$OfRef.evaluateSequential(ForEachOps.java:174) ~[?:?]
	at java.base/java.util.stream.AbstractPipeline.evaluate(AbstractPipeline.java:234) ~[?:?]
	at java.base/java.util.stream.ReferencePipeline.forEach(ReferencePipeline.java:596) ~[?:?]
	at java.base/java.util.stream.ReferencePipeline$7$1.accept(ReferencePipeline.java:276) ~[?:?]
	at java.base/java.util.stream.Streams$StreamBuilderImpl.forEachRemaining(Streams.java:411) ~[?:?]
	at java.base/java.util.stream.AbstractPipeline.copyInto(AbstractPipeline.java:509) ~[?:?]
	at java.base/java.util.stream.AbstractPipeline.wrapAndCopyInto(AbstractPipeline.java:499) ~[?:?]
	at java.base/java.util.stream.ForEachOps$ForEachOp.evaluateSequential(ForEachOps.java:151) ~[?:?]
	at java.base/java.util.stream.ForEachOps$ForEachOp$OfRef.evaluateSequential(ForEachOps.java:174) ~[?:?]
	at java.base/java.util.stream.AbstractPipeline.evaluate(AbstractPipeline.java:234) ~[?:?]
	at java.base/java.util.stream.ReferencePipeline.forEach(ReferencePipeline.java:596) ~[?:?]
	at knot//MC/net.minecraft.world.gen.feature.PlacedFeature.generate(PlacedFeature.java:53) ~[server-intermediary.jar:?]
	at knot//MC/net.minecraft.world.gen.feature.PlacedFeature.generate(PlacedFeature.java:42) ~[server-intermediary.jar:?]
	at knot//MC/net.minecraft.world.gen.chunk.ChunkGenerator.generateFeatures(ChunkGenerator.java:361) ~[server-intermediary.jar:?]
	at knot//MC/net.minecraft.world.chunk.ChunkGenerating.generateFeatures(ChunkGenerating.java:103) ~[server-intermediary.jar:?]
	at knot//MC/net.minecraft.world.chunk.ChunkGenerationStep.run(ChunkGenerationStep.java:33) ~[server-intermediary.jar:?]
	at knot/com.ishland.c2me.rewrites.chunksystem.common.statuses.VanillaWorldGenerationDelegate.lambda$upgradeToThis$5(VanillaWorldGenerationDelegate.java:176) ~[c2me-rewrites-chunk-system-0.4.00.23+1.21.1-1bc99f7df269a92d.jar:?]
	at knot/com.ishland.c2me.base.common.scheduler.ScheduledTask.run(ScheduledTask.java:46) [c2me-base-0.4.0-alpha.0.23+1.21.1-b63f9c67bc8f1cf9.jar:?]
	at knot/com.ishland.flowsched.executor.WorkerThread.pollTasks(WorkerThread.java:51) [c2me-base-0.4.0-alpha.0.23+1.21.1-b63f9c67bc8f1cf9.jar:?]
	at knot/com.ishland.flowsched.executor.WorkerThread.run(WorkerThread.java:29) [c2me-base-0.4.0-alpha.0.23+1.21.1-b63f9c67bc8f1cf9.jar:?]
[15:45:49] [c2me-worker-2/WARN]: Skipping BlockEntity with id minecraft:trial_spawner
[15:45:49] [c2me-worker-5/ERROR]: Failed to create block entity minecraft:trial_spawner
java.lang.IllegalStateException: Invalid block entity minecraft:trial_spawner // net.minecraft.block.entity.TrialSpawnerBlockEntity state at BlockPos{x=-334, y=-45, z=421}, got Block{minecraft:spawner}
	at knot//MC/net.minecraft.block.entity.BlockEntity.validateSupports(BlockEntity.java:57) ~[server-intermediary.jar:?]
	at knot//MC/net.minecraft.block.entity.BlockEntity.<init>(BlockEntity.java:51) ~[server-intermediary.jar:?]
	at knot//MC/net.minecraft.block.entity.TrialSpawnerBlockEntity.<init>(TrialSpawnerBlockEntity.java:28) ~[server-intermediary.jar:?]
	at knot//MC/net.minecraft.block.entity.BlockEntityType.instantiate(BlockEntityType.java:99) ~[server-intermediary.jar:?]
	at knot//MC/net.minecraft.block.entity.BlockEntity.method_17899(BlockEntity.java:186) ~[server-intermediary.jar:?]
	at java.base/java.util.Optional.map(Optional.java:260) ~[?:?]
	at knot//MC/net.minecraft.block.entity.BlockEntity.createFromNbt(BlockEntity.java:184) ~[server-intermediary.jar:?]
	at knot/com.lemenok.cobblemontrialsedition.config.SpawnerProperties.getLootTables(SpawnerProperties.java:93) ~[CobblemonTrialsEdition-fabric-2.1.0.jar:?]
	at knot/com.lemenok.cobblemontrialsedition.builder.BuildSpawner.create(BuildSpawner.java:31) ~[CobblemonTrialsEdition-fabric-2.1.0.jar:?]
	at knot/com.lemenok.cobblemontrialsedition.builder.SpawnerBuilder.buildCobblemonTrialSpawnerBlock(SpawnerBuilder.java:90) ~[CobblemonTrialsEdition-fabric-2.1.0.jar:?]
	at knot/com.lemenok.cobblemontrialsedition.processor.JigsawSpawnerReplacementProcessor.process(JigsawSpawnerReplacementProcessor.java:112) ~[CobblemonTrialsEdition-fabric-2.1.0.jar:?]
	at knot//MC/net.minecraft.structure.StructureTemplate.process(StructureTemplate.java:387) ~[server-intermediary.jar:?]
	at knot//MC/net.minecraft.structure.StructureTemplate.place(StructureTemplate.java:225) ~[server-intermediary.jar:?]
	at knot/com.telepathicgrunt.repurposedstructures.world.features.NbtDungeon.generate(NbtDungeon.java:157) ~[repurposed_structures-7.5.21+1.21.1-fabric.jar:?]
	at knot//MC/net.minecraft.world.gen.feature.Feature.generateIfValid(Feature.java:168) ~[server-intermediary.jar:?]
	at knot//MC/net.minecraft.world.gen.feature.ConfiguredFeature.generate(ConfiguredFeature.java:28) ~[server-intermediary.jar:?]
	at knot//MC/net.minecraft.world.gen.feature.PlacedFeature.method_39646(PlacedFeature.java:54) ~[server-intermediary.jar:?]
	at java.base/java.util.stream.ForEachOps$ForEachOp$OfRef.accept(ForEachOps.java:184) ~[?:?]
	at java.base/java.util.stream.Streams$StreamBuilderImpl.forEachRemaining(Streams.java:411) ~[?:?]
	at java.base/java.util.stream.ReferencePipeline$Head.forEach(ReferencePipeline.java:762) ~[?:?]
	at java.base/java.util.stream.ReferencePipeline$7$1.accept(ReferencePipeline.java:276) ~[?:?]
	at java.base/java.util.stream.Streams$StreamBuilderImpl.forEachRemaining(Streams.java:411) ~[?:?]
	at java.base/java.util.stream.ReferencePipeline$Head.forEach(ReferencePipeline.java:762) ~[?:?]
	at java.base/java.util.stream.ReferencePipeline$7$1.accept(ReferencePipeline.java:276) ~[?:?]
	at java.base/java.util.stream.Streams$StreamBuilderImpl.forEachRemaining(Streams.java:411) ~[?:?]
	at java.base/java.util.stream.ReferencePipeline$Head.forEach(ReferencePipeline.java:762) ~[?:?]
	at java.base/java.util.stream.ReferencePipeline$7$1.accept(ReferencePipeline.java:276) ~[?:?]
	at java.base/java.util.stream.ForEachOps$ForEachOp$OfRef.accept(ForEachOps.java:184) ~[?:?]
	at java.base/java.util.stream.IntPipeline$1$1.accept(IntPipeline.java:180) ~[?:?]
	at java.base/java.util.stream.Streams$RangeIntSpliterator.forEachRemaining(Streams.java:104) ~[?:?]
	at java.base/java.util.Spliterator$OfInt.forEachRemaining(Spliterator.java:712) ~[?:?]
	at java.base/java.util.stream.AbstractPipeline.copyInto(AbstractPipeline.java:509) ~[?:?]
	at java.base/java.util.stream.AbstractPipeline.wrapAndCopyInto(AbstractPipeline.java:499) ~[?:?]
	at java.base/java.util.stream.ForEachOps$ForEachOp.evaluateSequential(ForEachOps.java:151) ~[?:?]
	at java.base/java.util.stream.ForEachOps$ForEachOp$OfRef.evaluateSequential(ForEachOps.java:174) ~[?:?]
	at java.base/java.util.stream.AbstractPipeline.evaluate(AbstractPipeline.java:234) ~[?:?]
	at java.base/java.util.stream.ReferencePipeline.forEach(ReferencePipeline.java:596) ~[?:?]
	at java.base/java.util.stream.ReferencePipeline$7$1.accept(ReferencePipeline.java:276) ~[?:?]
	at java.base/java.util.stream.Streams$StreamBuilderImpl.forEachRemaining(Streams.java:411) ~[?:?]
	at java.base/java.util.stream.AbstractPipeline.copyInto(AbstractPipeline.java:509) ~[?:?]
	at java.base/java.util.stream.AbstractPipeline.wrapAndCopyInto(AbstractPipeline.java:499) ~[?:?]
	at java.base/java.util.stream.ForEachOps$ForEachOp.evaluateSequential(ForEachOps.java:151) ~[?:?]
	at java.base/java.util.stream.ForEachOps$ForEachOp$OfRef.evaluateSequential(ForEachOps.java:174) ~[?:?]
	at java.base/java.util.stream.AbstractPipeline.evaluate(AbstractPipeline.java:234) ~[?:?]
	at java.base/java.util.stream.ReferencePipeline.forEach(ReferencePipeline.java:596) ~[?:?]
	at knot//MC/net.minecraft.world.gen.feature.PlacedFeature.generate(PlacedFeature.java:53) ~[server-intermediary.jar:?]
	at knot//MC/net.minecraft.world.gen.feature.PlacedFeature.generate(PlacedFeature.java:42) ~[server-intermediary.jar:?]
	at knot//MC/net.minecraft.world.gen.chunk.ChunkGenerator.generateFeatures(ChunkGenerator.java:361) ~[server-intermediary.jar:?]
	at knot//MC/net.minecraft.world.chunk.ChunkGenerating.generateFeatures(ChunkGenerating.java:103) ~[server-intermediary.jar:?]
	at knot//MC/net.minecraft.world.chunk.ChunkGenerationStep.run(ChunkGenerationStep.java:33) ~[server-intermediary.jar:?]
	at knot/com.ishland.c2me.rewrites.chunksystem.common.statuses.VanillaWorldGenerationDelegate.lambda$upgradeToThis$5(VanillaWorldGenerationDelegate.java:176) ~[c2me-rewrites-chunk-system-0.4.00.23+1.21.1-1bc99f7df269a92d.jar:?]
	at knot/com.ishland.c2me.base.common.scheduler.ScheduledTask.run(ScheduledTask.java:46) [c2me-base-0.4.0-alpha.0.23+1.21.1-b63f9c67bc8f1cf9.jar:?]
	at knot/com.ishland.flowsched.executor.WorkerThread.pollTasks(WorkerThread.java:51) [c2me-base-0.4.0-alpha.0.23+1.21.1-b63f9c67bc8f1cf9.jar:?]
	at knot/com.ishland.flowsched.executor.WorkerThread.run(WorkerThread.java:29) [c2me-base-0.4.0-alpha.0.23+1.21.1-b63f9c67bc8f1cf9.jar:?]
[15:45:49] [c2me-worker-5/WARN]: Skipping BlockEntity with id minecraft:trial_spawner
[15:45:49] [c2me-worker-5/ERROR]: Failed to create block entity minecraft:trial_spawner
java.lang.IllegalStateException: Invalid block entity minecraft:trial_spawner // net.minecraft.block.entity.TrialSpawnerBlockEntity state at BlockPos{x=-334, y=-45, z=421}, got Block{minecraft:spawner}
	at knot//MC/net.minecraft.block.entity.BlockEntity.validateSupports(BlockEntity.java:57) ~[server-intermediary.jar:?]
	at knot//MC/net.minecraft.block.entity.BlockEntity.<init>(BlockEntity.java:51) ~[server-intermediary.jar:?]
	at knot//MC/net.minecraft.block.entity.TrialSpawnerBlockEntity.<init>(TrialSpawnerBlockEntity.java:28) ~[server-intermediary.jar:?]
	at knot//MC/net.minecraft.block.entity.BlockEntityType.instantiate(BlockEntityType.java:99) ~[server-intermediary.jar:?]
	at knot//MC/net.minecraft.block.entity.BlockEntity.method_17899(BlockEntity.java:186) ~[server-intermediary.jar:?]
	at java.base/java.util.Optional.map(Optional.java:260) ~[?:?]
	at knot//MC/net.minecraft.block.entity.BlockEntity.createFromNbt(BlockEntity.java:184) ~[server-intermediary.jar:?]
	at knot/com.lemenok.cobblemontrialsedition.config.SpawnerProperties.getLootTables(SpawnerProperties.java:93) ~[CobblemonTrialsEdition-fabric-2.1.0.jar:?]
	at knot/com.lemenok.cobblemontrialsedition.builder.BuildSpawner.create(BuildSpawner.java:43) ~[CobblemonTrialsEdition-fabric-2.1.0.jar:?]
	at knot/com.lemenok.cobblemontrialsedition.builder.SpawnerBuilder.buildCobblemonTrialSpawnerBlock(SpawnerBuilder.java:90) ~[CobblemonTrialsEdition-fabric-2.1.0.jar:?]
	at knot/com.lemenok.cobblemontrialsedition.processor.JigsawSpawnerReplacementProcessor.process(JigsawSpawnerReplacementProcessor.java:112) ~[CobblemonTrialsEdition-fabric-2.1.0.jar:?]
	at knot//MC/net.minecraft.structure.StructureTemplate.process(StructureTemplate.java:387) ~[server-intermediary.jar:?]
	at knot//MC/net.minecraft.structure.StructureTemplate.place(StructureTemplate.java:225) ~[server-intermediary.jar:?]
	at knot/com.telepathicgrunt.repurposedstructures.world.features.NbtDungeon.generate(NbtDungeon.java:157) ~[repurposed_structures-7.5.21+1.21.1-fabric.jar:?]
	at knot//MC/net.minecraft.world.gen.feature.Feature.generateIfValid(Feature.java:168) ~[server-intermediary.jar:?]
	at knot//MC/net.minecraft.world.gen.feature.ConfiguredFeature.generate(ConfiguredFeature.java:28) ~[server-intermediary.jar:?]
	at knot//MC/net.minecraft.world.gen.feature.PlacedFeature.method_39646(PlacedFeature.java:54) ~[server-intermediary.jar:?]
	at java.base/java.util.stream.ForEachOps$ForEachOp$OfRef.accept(ForEachOps.java:184) ~[?:?]
	at java.base/java.util.stream.Streams$StreamBuilderImpl.forEachRemaining(Streams.java:411) ~[?:?]
	at java.base/java.util.stream.ReferencePipeline$Head.forEach(ReferencePipeline.java:762) ~[?:?]
	at java.base/java.util.stream.ReferencePipeline$7$1.accept(ReferencePipeline.java:276) ~[?:?]
	at java.base/java.util.stream.Streams$StreamBuilderImpl.forEachRemaining(Streams.java:411) ~[?:?]
	at java.base/java.util.stream.ReferencePipeline$Head.forEach(ReferencePipeline.java:762) ~[?:?]
	at java.base/java.util.stream.ReferencePipeline$7$1.accept(ReferencePipeline.java:276) ~[?:?]
	at java.base/java.util.stream.Streams$StreamBuilderImpl.forEachRemaining(Streams.java:411) ~[?:?]
	at java.base/java.util.stream.ReferencePipeline$Head.forEach(ReferencePipeline.java:762) ~[?:?]
	at java.base/java.util.stream.ReferencePipeline$7$1.accept(ReferencePipeline.java:276) ~[?:?]
	at java.base/java.util.stream.ForEachOps$ForEachOp$OfRef.accept(ForEachOps.java:184) ~[?:?]
	at java.base/java.util.stream.IntPipeline$1$1.accept(IntPipeline.java:180) ~[?:?]
	at java.base/java.util.stream.Streams$RangeIntSpliterator.forEachRemaining(Streams.java:104) ~[?:?]
	at java.base/java.util.Spliterator$OfInt.forEachRemaining(Spliterator.java:712) ~[?:?]
	at java.base/java.util.stream.AbstractPipeline.copyInto(AbstractPipeline.java:509) ~[?:?]
	at java.base/java.util.stream.AbstractPipeline.wrapAndCopyInto(AbstractPipeline.java:499) ~[?:?]
	at java.base/java.util.stream.ForEachOps$ForEachOp.evaluateSequential(ForEachOps.java:151) ~[?:?]
	at java.base/java.util.stream.ForEachOps$ForEachOp$OfRef.evaluateSequential(ForEachOps.java:174) ~[?:?]
	at java.base/java.util.stream.AbstractPipeline.evaluate(AbstractPipeline.java:234) ~[?:?]
	at java.base/java.util.stream.ReferencePipeline.forEach(ReferencePipeline.java:596) ~[?:?]
	at java.base/java.util.stream.ReferencePipeline$7$1.accept(ReferencePipeline.java:276) ~[?:?]
	at java.base/java.util.stream.Streams$StreamBuilderImpl.forEachRemaining(Streams.java:411) ~[?:?]
	at java.base/java.util.stream.AbstractPipeline.copyInto(AbstractPipeline.java:509) ~[?:?]
	at java.base/java.util.stream.AbstractPipeline.wrapAndCopyInto(AbstractPipeline.java:499) ~[?:?]
	at java.base/java.util.stream.ForEachOps$ForEachOp.evaluateSequential(ForEachOps.java:151) ~[?:?]
	at java.base/java.util.stream.ForEachOps$ForEachOp$OfRef.evaluateSequential(ForEachOps.java:174) ~[?:?]
	at java.base/java.util.stream.AbstractPipeline.evaluate(AbstractPipeline.java:234) ~[?:?]
	at java.base/java.util.stream.ReferencePipeline.forEach(ReferencePipeline.java:596) ~[?:?]
	at knot//MC/net.minecraft.world.gen.feature.PlacedFeature.generate(PlacedFeature.java:53) ~[server-intermediary.jar:?]
	at knot//MC/net.minecraft.world.gen.feature.PlacedFeature.generate(PlacedFeature.java:42) ~[server-intermediary.jar:?]
	at knot//MC/net.minecraft.world.gen.chunk.ChunkGenerator.generateFeatures(ChunkGenerator.java:361) ~[server-intermediary.jar:?]
	at knot//MC/net.minecraft.world.chunk.ChunkGenerating.generateFeatures(ChunkGenerating.java:103) ~[server-intermediary.jar:?]
	at knot//MC/net.minecraft.world.chunk.ChunkGenerationStep.run(ChunkGenerationStep.java:33) ~[server-intermediary.jar:?]
	at knot/com.ishland.c2me.rewrites.chunksystem.common.statuses.VanillaWorldGenerationDelegate.lambda$upgradeToThis$5(VanillaWorldGenerationDelegate.java:176) ~[c2me-rewrites-chunk-system-0.4.00.23+1.21.1-1bc99f7df269a92d.jar:?]
	at knot/com.ishland.c2me.base.common.scheduler.ScheduledTask.run(ScheduledTask.java:46) [c2me-base-0.4.0-alpha.0.23+1.21.1-b63f9c67bc8f1cf9.jar:?]
	at knot/com.ishland.flowsched.executor.WorkerThread.pollTasks(WorkerThread.java:51) [c2me-base-0.4.0-alpha.0.23+1.21.1-b63f9c67bc8f1cf9.jar:?]
	at knot/com.ishland.flowsched.executor.WorkerThread.run(WorkerThread.java:29) [c2me-base-0.4.0-alpha.0.23+1.21.1-b63f9c67bc8f1cf9.jar:?]
[15:45:49] [c2me-worker-5/WARN]: Skipping BlockEntity with id minecraft:trial_spawner
[15:45:59] [User Authenticator #4/INFO]: UUID of player ElKlap0 is cc64f26e-f8e5-4ba5-9438-41327e3c3eb4
[15:46:05] [Server thread/INFO]: ElKlap0[/35.136.32.217:58918] logged in with entity id 992068 at (691.1994622089267, 64.0, -255.38786407962198)
[15:46:05] [Server thread/INFO]: [Essential Commands] Loading PlayerData for player with uuid 'cc64f26e-f8e5-4ba5-9438-41327e3c3eb4'.
[15:46:05] [Server thread/INFO]: Sending server config values to client
[15:46:05] [Server thread/INFO]: Player ElKlap0 joined, loading progress data
[15:46:05] [Server thread/INFO]: [STDOUT]: Command permission check: player ElKlap0, has level 2: true
[15:46:05] [Server thread/INFO]: ElKlap0 joined the game
[15:46:05] [Server thread/INFO]: [Essential Commands] Loading PlayerProfile for player with uuid 'cc64f26e-f8e5-4ba5-9438-41327e3c3eb4'.
[15:46:05] [Server thread/INFO]: Player ElKlap0 joined, sending transformation config.
[15:46:05] [Server thread/INFO]: Registered trainer player: ElKlap0
[15:46:05] [c2me-worker-4/ERROR]: Failed to create block entity minecraft:trial_spawner
java.lang.IllegalStateException: Invalid block entity minecraft:trial_spawner // net.minecraft.block.entity.TrialSpawnerBlockEntity state at BlockPos{x=-339, y=99, z=449}, got Block{minecraft:spawner}
	at knot//MC/net.minecraft.block.entity.BlockEntity.validateSupports(BlockEntity.java:57) ~[server-intermediary.jar:?]
	at knot//MC/net.minecraft.block.entity.BlockEntity.<init>(BlockEntity.java:51) ~[server-intermediary.jar:?]
	at knot//MC/net.minecraft.block.entity.TrialSpawnerBlockEntity.<init>(TrialSpawnerBlockEntity.java:28) ~[server-intermediary.jar:?]
	at knot//MC/net.minecraft.block.entity.BlockEntityType.instantiate(BlockEntityType.java:99) ~[server-intermediary.jar:?]
	at knot//MC/net.minecraft.block.entity.BlockEntity.method_17899(BlockEntity.java:186) ~[server-intermediary.jar:?]
	at java.base/java.util.Optional.map(Optional.java:260) ~[?:?]
	at knot//MC/net.minecraft.block.entity.BlockEntity.createFromNbt(BlockEntity.java:184) ~[server-intermediary.jar:?]
	at knot/com.lemenok.cobblemontrialsedition.config.SpawnerProperties.getLootTables(SpawnerProperties.java:93) ~[CobblemonTrialsEdition-fabric-2.1.0.jar:?]
	at knot/com.lemenok.cobblemontrialsedition.builder.BuildSpawner.create(BuildSpawner.java:31) ~[CobblemonTrialsEdition-fabric-2.1.0.jar:?]
	at knot/com.lemenok.cobblemontrialsedition.builder.SpawnerBuilder.buildCobblemonTrialSpawnerBlock(SpawnerBuilder.java:90) ~[CobblemonTrialsEdition-fabric-2.1.0.jar:?]
	at knot/com.lemenok.cobblemontrialsedition.processor.JigsawSpawnerReplacementProcessor.process(JigsawSpawnerReplacementProcessor.java:112) ~[CobblemonTrialsEdition-fabric-2.1.0.jar:?]
	at knot//MC/net.minecraft.structure.StructureTemplate.process(StructureTemplate.java:387) ~[server-intermediary.jar:?]
	at knot//MC/net.minecraft.structure.StructureTemplate.place(StructureTemplate.java:225) ~[server-intermediary.jar:?]
	at knot/com.telepathicgrunt.repurposedstructures.world.features.NbtDungeon.generate(NbtDungeon.java:157) ~[repurposed_structures-7.5.21+1.21.1-fabric.jar:?]
	at knot//MC/net.minecraft.world.gen.feature.Feature.generateIfValid(Feature.java:168) ~[server-intermediary.jar:?]
	at knot//MC/net.minecraft.world.gen.feature.ConfiguredFeature.generate(ConfiguredFeature.java:28) ~[server-intermediary.jar:?]
	at knot//MC/net.minecraft.world.gen.feature.PlacedFeature.method_39646(PlacedFeature.java:54) ~[server-intermediary.jar:?]
	at java.base/java.util.stream.ForEachOps$ForEachOp$OfRef.accept(ForEachOps.java:184) ~[?:?]
	at java.base/java.util.stream.Streams$StreamBuilderImpl.forEachRemaining(Streams.java:411) ~[?:?]
	at java.base/java.util.stream.ReferencePipeline$Head.forEach(ReferencePipeline.java:762) ~[?:?]
	at java.base/java.util.stream.ReferencePipeline$7$1.accept(ReferencePipeline.java:276) ~[?:?]
	at java.base/java.util.stream.Streams$StreamBuilderImpl.forEachRemaining(Streams.java:411) ~[?:?]
	at java.base/java.util.stream.ReferencePipeline$Head.forEach(ReferencePipeline.java:762) ~[?:?]
	at java.base/java.util.stream.ReferencePipeline$7$1.accept(ReferencePipeline.java:276) ~[?:?]
	at java.base/java.util.stream.Streams$StreamBuilderImpl.forEachRemaining(Streams.java:411) ~[?:?]
	at java.base/java.util.stream.ReferencePipeline$Head.forEach(ReferencePipeline.java:762) ~[?:?]
	at java.base/java.util.stream.ReferencePipeline$7$1.accept(ReferencePipeline.java:276) ~[?:?]
	at java.base/java.util.stream.ForEachOps$ForEachOp$OfRef.accept(ForEachOps.java:184) ~[?:?]
	at java.base/java.util.stream.IntPipeline$1$1.accept(IntPipeline.java:180) ~[?:?]
	at java.base/java.util.stream.Streams$RangeIntSpliterator.forEachRemaining(Streams.java:104) ~[?:?]
	at java.base/java.util.Spliterator$OfInt.forEachRemaining(Spliterator.java:712) ~[?:?]
	at java.base/java.util.stream.AbstractPipeline.copyInto(AbstractPipeline.java:509) ~[?:?]
	at java.base/java.util.stream.AbstractPipeline.wrapAndCopyInto(AbstractPipeline.java:499) ~[?:?]
	at java.base/java.util.stream.ForEachOps$ForEachOp.evaluateSequential(ForEachOps.java:151) ~[?:?]
	at java.base/java.util.stream.ForEachOps$ForEachOp$OfRef.evaluateSequential(ForEachOps.java:174) ~[?:?]
	at java.base/java.util.stream.AbstractPipeline.evaluate(AbstractPipeline.java:234) ~[?:?]
	at java.base/java.util.stream.ReferencePipeline.forEach(ReferencePipeline.java:596) ~[?:?]
	at java.base/java.util.stream.ReferencePipeline$7$1.accept(ReferencePipeline.java:276) ~[?:?]
	at java.base/java.util.stream.Streams$StreamBuilderImpl.forEachRemaining(Streams.java:411) ~[?:?]
	at java.base/java.util.stream.AbstractPipeline.copyInto(AbstractPipeline.java:509) ~[?:?]
	at java.base/java.util.stream.AbstractPipeline.wrapAndCopyInto(AbstractPipeline.java:499) ~[?:?]
	at java.base/java.util.stream.ForEachOps$ForEachOp.evaluateSequential(ForEachOps.java:151) ~[?:?]
	at java.base/java.util.stream.ForEachOps$ForEachOp$OfRef.evaluateSequential(ForEachOps.java:174) ~[?:?]
	at java.base/java.util.stream.AbstractPipeline.evaluate(AbstractPipeline.java:234) ~[?:?]
	at java.base/java.util.stream.ReferencePipeline.forEach(ReferencePipeline.java:596) ~[?:?]
	at knot//MC/net.minecraft.world.gen.feature.PlacedFeature.generate(PlacedFeature.java:53) ~[server-intermediary.jar:?]
	at knot//MC/net.minecraft.world.gen.feature.PlacedFeature.generate(PlacedFeature.java:42) ~[server-intermediary.jar:?]
	at knot//MC/net.minecraft.world.gen.chunk.ChunkGenerator.generateFeatures(ChunkGenerator.java:361) ~[server-intermediary.jar:?]
	at knot//MC/net.minecraft.world.chunk.ChunkGenerating.generateFeatures(ChunkGenerating.java:103) ~[server-intermediary.jar:?]
	at knot//MC/net.minecraft.world.chunk.ChunkGenerationStep.run(ChunkGenerationStep.java:33) ~[server-intermediary.jar:?]
	at knot/com.ishland.c2me.rewrites.chunksystem.common.statuses.VanillaWorldGenerationDelegate.lambda$upgradeToThis$5(VanillaWorldGenerationDelegate.java:176) ~[c2me-rewrites-chunk-system-0.4.00.23+1.21.1-1bc99f7df269a92d.jar:?]
	at knot/com.ishland.c2me.base.common.scheduler.ScheduledTask.run(ScheduledTask.java:46) [c2me-base-0.4.0-alpha.0.23+1.21.1-b63f9c67bc8f1cf9.jar:?]
	at knot/com.ishland.flowsched.executor.WorkerThread.pollTasks(WorkerThread.java:51) [c2me-base-0.4.0-alpha.0.23+1.21.1-b63f9c67bc8f1cf9.jar:?]
	at knot/com.ishland.flowsched.executor.WorkerThread.run(WorkerThread.java:29) [c2me-base-0.4.0-alpha.0.23+1.21.1-b63f9c67bc8f1cf9.jar:?]
[15:46:05] [c2me-worker-4/WARN]: Skipping BlockEntity with id minecraft:trial_spawner
[15:46:05] [c2me-worker-4/ERROR]: Failed to create block entity minecraft:trial_spawner
java.lang.IllegalStateException: Invalid block entity minecraft:trial_spawner // net.minecraft.block.entity.TrialSpawnerBlockEntity state at BlockPos{x=-339, y=99, z=449}, got Block{minecraft:spawner}
	at knot//MC/net.minecraft.block.entity.BlockEntity.validateSupports(BlockEntity.java:57) ~[server-intermediary.jar:?]
	at knot//MC/net.minecraft.block.entity.BlockEntity.<init>(BlockEntity.java:51) ~[server-intermediary.jar:?]
	at knot//MC/net.minecraft.block.entity.TrialSpawnerBlockEntity.<init>(TrialSpawnerBlockEntity.java:28) ~[server-intermediary.jar:?]
	at knot//MC/net.minecraft.block.entity.BlockEntityType.instantiate(BlockEntityType.java:99) ~[server-intermediary.jar:?]
	at knot//MC/net.minecraft.block.entity.BlockEntity.method_17899(BlockEntity.java:186) ~[server-intermediary.jar:?]
	at java.base/java.util.Optional.map(Optional.java:260) ~[?:?]
	at knot//MC/net.minecraft.block.entity.BlockEntity.createFromNbt(BlockEntity.java:184) ~[server-intermediary.jar:?]
	at knot/com.lemenok.cobblemontrialsedition.config.SpawnerProperties.getLootTables(SpawnerProperties.java:93) ~[CobblemonTrialsEdition-fabric-2.1.0.jar:?]
	at knot/com.lemenok.cobblemontrialsedition.builder.BuildSpawner.create(BuildSpawner.java:43) ~[CobblemonTrialsEdition-fabric-2.1.0.jar:?]
	at knot/com.lemenok.cobblemontrialsedition.builder.SpawnerBuilder.buildCobblemonTrialSpawnerBlock(SpawnerBuilder.java:90) ~[CobblemonTrialsEdition-fabric-2.1.0.jar:?]
	at knot/com.lemenok.cobblemontrialsedition.processor.JigsawSpawnerReplacementProcessor.process(JigsawSpawnerReplacementProcessor.java:112) ~[CobblemonTrialsEdition-fabric-2.1.0.jar:?]
	at knot//MC/net.minecraft.structure.StructureTemplate.process(StructureTemplate.java:387) ~[server-intermediary.jar:?]
	at knot//MC/net.minecraft.structure.StructureTemplate.place(StructureTemplate.java:225) ~[server-intermediary.jar:?]
	at knot/com.telepathicgrunt.repurposedstructures.world.features.NbtDungeon.generate(NbtDungeon.java:157) ~[repurposed_structures-7.5.21+1.21.1-fabric.jar:?]
	at knot//MC/net.minecraft.world.gen.feature.Feature.generateIfValid(Feature.java:168) ~[server-intermediary.jar:?]
	at knot//MC/net.minecraft.world.gen.feature.ConfiguredFeature.generate(ConfiguredFeature.java:28) ~[server-intermediary.jar:?]
	at knot//MC/net.minecraft.world.gen.feature.PlacedFeature.method_39646(PlacedFeature.java:54) ~[server-intermediary.jar:?]
	at java.base/java.util.stream.ForEachOps$ForEachOp$OfRef.accept(ForEachOps.java:184) ~[?:?]
	at java.base/java.util.stream.Streams$StreamBuilderImpl.forEachRemaining(Streams.java:411) ~[?:?]
	at java.base/java.util.stream.ReferencePipeline$Head.forEach(ReferencePipeline.java:762) ~[?:?]
	at java.base/java.util.stream.ReferencePipeline$7$1.accept(ReferencePipeline.java:276) ~[?:?]
	at java.base/java.util.stream.Streams$StreamBuilderImpl.forEachRemaining(Streams.java:411) ~[?:?]
	at java.base/java.util.stream.ReferencePipeline$Head.forEach(ReferencePipeline.java:762) ~[?:?]
	at java.base/java.util.stream.ReferencePipeline$7$1.accept(ReferencePipeline.java:276) ~[?:?]
	at java.base/java.util.stream.Streams$StreamBuilderImpl.forEachRemaining(Streams.java:411) ~[?:?]
	at java.base/java.util.stream.ReferencePipeline$Head.forEach(ReferencePipeline.java:762) ~[?:?]
	at java.base/java.util.stream.ReferencePipeline$7$1.accept(ReferencePipeline.java:276) ~[?:?]
	at java.base/java.util.stream.ForEachOps$ForEachOp$OfRef.accept(ForEachOps.java:184) ~[?:?]
	at java.base/java.util.stream.IntPipeline$1$1.accept(IntPipeline.java:180) ~[?:?]
	at java.base/java.util.stream.Streams$RangeIntSpliterator.forEachRemaining(Streams.java:104) ~[?:?]
	at java.base/java.util.Spliterator$OfInt.forEachRemaining(Spliterator.java:712) ~[?:?]
	at java.base/java.util.stream.AbstractPipeline.copyInto(AbstractPipeline.java:509) ~[?:?]
	at java.base/java.util.stream.AbstractPipeline.wrapAndCopyInto(AbstractPipeline.java:499) ~[?:?]
	at java.base/java.util.stream.ForEachOps$ForEachOp.evaluateSequential(ForEachOps.java:151) ~[?:?]
	at java.base/java.util.stream.ForEachOps$ForEachOp$OfRef.evaluateSequential(ForEachOps.java:174) ~[?:?]
	at java.base/java.util.stream.AbstractPipeline.evaluate(AbstractPipeline.java:234) ~[?:?]
	at java.base/java.util.stream.ReferencePipeline.forEach(ReferencePipeline.java:596) ~[?:?]
	at java.base/java.util.stream.ReferencePipeline$7$1.accept(ReferencePipeline.java:276) ~[?:?]
	at java.base/java.util.stream.Streams$StreamBuilderImpl.forEachRemaining(Streams.java:411) ~[?:?]
	at java.base/java.util.stream.AbstractPipeline.copyInto(AbstractPipeline.java:509) ~[?:?]
	at java.base/java.util.stream.AbstractPipeline.wrapAndCopyInto(AbstractPipeline.java:499) ~[?:?]
	at java.base/java.util.stream.ForEachOps$ForEachOp.evaluateSequential(ForEachOps.java:151) ~[?:?]
	at java.base/java.util.stream.ForEachOps$ForEachOp$OfRef.evaluateSequential(ForEachOps.java:174) ~[?:?]
	at java.base/java.util.stream.AbstractPipeline.evaluate(AbstractPipeline.java:234) ~[?:?]
	at java.base/java.util.stream.ReferencePipeline.forEach(ReferencePipeline.java:596) ~[?:?]
	at knot//MC/net.minecraft.world.gen.feature.PlacedFeature.generate(PlacedFeature.java:53) ~[server-intermediary.jar:?]
	at knot//MC/net.minecraft.world.gen.feature.PlacedFeature.generate(PlacedFeature.java:42) ~[server-intermediary.jar:?]
	at knot//MC/net.minecraft.world.gen.chunk.ChunkGenerator.generateFeatures(ChunkGenerator.java:361) ~[server-intermediary.jar:?]
	at knot//MC/net.minecraft.world.chunk.ChunkGenerating.generateFeatures(ChunkGenerating.java:103) ~[server-intermediary.jar:?]
	at knot//MC/net.minecraft.world.chunk.ChunkGenerationStep.run(ChunkGenerationStep.java:33) ~[server-intermediary.jar:?]
	at knot/com.ishland.c2me.rewrites.chunksystem.common.statuses.VanillaWorldGenerationDelegate.lambda$upgradeToThis$5(VanillaWorldGenerationDelegate.java:176) ~[c2me-rewrites-chunk-system-0.4.00.23+1.21.1-1bc99f7df269a92d.jar:?]
	at knot/com.ishland.c2me.base.common.scheduler.ScheduledTask.run(ScheduledTask.java:46) [c2me-base-0.4.0-alpha.0.23+1.21.1-b63f9c67bc8f1cf9.jar:?]
	at knot/com.ishland.flowsched.executor.WorkerThread.pollTasks(WorkerThread.java:51) [c2me-base-0.4.0-alpha.0.23+1.21.1-b63f9c67bc8f1cf9.jar:?]
	at knot/com.ishland.flowsched.executor.WorkerThread.run(WorkerThread.java:29) [c2me-base-0.4.0-alpha.0.23+1.21.1-b63f9c67bc8f1cf9.jar:?]
[15:46:05] [c2me-worker-4/WARN]: Skipping BlockEntity with id minecraft:trial_spawner
[15:46:05] [c2me-worker-8/ERROR]: Failed to create block entity minecraft:trial_spawner
java.lang.IllegalStateException: Invalid block entity minecraft:trial_spawner // net.minecraft.block.entity.TrialSpawnerBlockEntity state at BlockPos{x=-307, y=-52, z=454}, got Block{minecraft:spawner}
	at knot//MC/net.minecraft.block.entity.BlockEntity.validateSupports(BlockEntity.java:57) ~[server-intermediary.jar:?]
	at knot//MC/net.minecraft.block.entity.BlockEntity.<init>(BlockEntity.java:51) ~[server-intermediary.jar:?]
	at knot//MC/net.minecraft.block.entity.TrialSpawnerBlockEntity.<init>(TrialSpawnerBlockEntity.java:28) ~[server-intermediary.jar:?]
	at knot//MC/net.minecraft.block.entity.BlockEntityType.instantiate(BlockEntityType.java:99) ~[server-intermediary.jar:?]
	at knot//MC/net.minecraft.block.entity.BlockEntity.method_17899(BlockEntity.java:186) ~[server-intermediary.jar:?]
	at java.base/java.util.Optional.map(Optional.java:260) ~[?:?]
	at knot//MC/net.minecraft.block.entity.BlockEntity.createFromNbt(BlockEntity.java:184) ~[server-intermediary.jar:?]
	at knot/com.lemenok.cobblemontrialsedition.config.SpawnerProperties.getLootTables(SpawnerProperties.java:93) ~[CobblemonTrialsEdition-fabric-2.1.0.jar:?]
	at knot/com.lemenok.cobblemontrialsedition.builder.BuildSpawner.create(BuildSpawner.java:31) ~[CobblemonTrialsEdition-fabric-2.1.0.jar:?]
	at knot/com.lemenok.cobblemontrialsedition.builder.SpawnerBuilder.buildCobblemonTrialSpawnerBlock(SpawnerBuilder.java:90) ~[CobblemonTrialsEdition-fabric-2.1.0.jar:?]
	at knot/com.lemenok.cobblemontrialsedition.processor.JigsawSpawnerReplacementProcessor.process(JigsawSpawnerReplacementProcessor.java:112) ~[CobblemonTrialsEdition-fabric-2.1.0.jar:?]
	at knot//MC/net.minecraft.structure.StructureTemplate.process(StructureTemplate.java:387) ~[server-intermediary.jar:?]
	at knot//MC/net.minecraft.structure.StructureTemplate.place(StructureTemplate.java:225) ~[server-intermediary.jar:?]
	at knot/com.telepathicgrunt.repurposedstructures.world.features.NbtDungeon.generate(NbtDungeon.java:157) ~[repurposed_structures-7.5.21+1.21.1-fabric.jar:?]
	at knot//MC/net.minecraft.world.gen.feature.Feature.generateIfValid(Feature.java:168) ~[server-intermediary.jar:?]
	at knot//MC/net.minecraft.world.gen.feature.ConfiguredFeature.generate(ConfiguredFeature.java:28) ~[server-intermediary.jar:?]
	at knot//MC/net.minecraft.world.gen.feature.PlacedFeature.method_39646(PlacedFeature.java:54) ~[server-intermediary.jar:?]
	at java.base/java.util.stream.ForEachOps$ForEachOp$OfRef.accept(ForEachOps.java:184) ~[?:?]
	at java.base/java.util.stream.Streams$StreamBuilderImpl.forEachRemaining(Streams.java:411) ~[?:?]
	at java.base/java.util.stream.ReferencePipeline$Head.forEach(ReferencePipeline.java:762) ~[?:?]
	at java.base/java.util.stream.ReferencePipeline$7$1.accept(ReferencePipeline.java:276) ~[?:?]
	at java.base/java.util.stream.Streams$StreamBuilderImpl.forEachRemaining(Streams.java:411) ~[?:?]
	at java.base/java.util.stream.ReferencePipeline$Head.forEach(ReferencePipeline.java:762) ~[?:?]
	at java.base/java.util.stream.ReferencePipeline$7$1.accept(ReferencePipeline.java:276) ~[?:?]
	at java.base/java.util.stream.Streams$StreamBuilderImpl.forEachRemaining(Streams.java:411) ~[?:?]
	at java.base/java.util.stream.ReferencePipeline$Head.forEach(ReferencePipeline.java:762) ~[?:?]
	at java.base/java.util.stream.ReferencePipeline$7$1.accept(ReferencePipeline.java:276) ~[?:?]
	at java.base/java.util.stream.ForEachOps$ForEachOp$OfRef.accept(ForEachOps.java:184) ~[?:?]
	at java.base/java.util.stream.IntPipeline$1$1.accept(IntPipeline.java:180) ~[?:?]
	at java.base/java.util.stream.Streams$RangeIntSpliterator.forEachRemaining(Streams.java:104) ~[?:?]
	at java.base/java.util.Spliterator$OfInt.forEachRemaining(Spliterator.java:712) ~[?:?]
	at java.base/java.util.stream.AbstractPipeline.copyInto(AbstractPipeline.java:509) ~[?:?]
	at java.base/java.util.stream.AbstractPipeline.wrapAndCopyInto(AbstractPipeline.java:499) ~[?:?]
	at java.base/java.util.stream.ForEachOps$ForEachOp.evaluateSequential(ForEachOps.java:151) ~[?:?]
	at java.base/java.util.stream.ForEachOps$ForEachOp$OfRef.evaluateSequential(ForEachOps.java:174) ~[?:?]
	at java.base/java.util.stream.AbstractPipeline.evaluate(AbstractPipeline.java:234) ~[?:?]
	at java.base/java.util.stream.ReferencePipeline.forEach(ReferencePipeline.java:596) ~[?:?]
	at java.base/java.util.stream.ReferencePipeline$7$1.accept(ReferencePipeline.java:276) ~[?:?]
	at java.base/java.util.stream.Streams$StreamBuilderImpl.forEachRemaining(Streams.java:411) ~[?:?]
	at java.base/java.util.stream.AbstractPipeline.copyInto(AbstractPipeline.java:509) ~[?:?]
	at java.base/java.util.stream.AbstractPipeline.wrapAndCopyInto(AbstractPipeline.java:499) ~[?:?]
	at java.base/java.util.stream.ForEachOps$ForEachOp.evaluateSequential(ForEachOps.java:151) ~[?:?]
	at java.base/java.util.stream.ForEachOps$ForEachOp$OfRef.evaluateSequential(ForEachOps.java:174) ~[?:?]
	at java.base/java.util.stream.AbstractPipeline.evaluate(AbstractPipeline.java:234) ~[?:?]
	at java.base/java.util.stream.ReferencePipeline.forEach(ReferencePipeline.java:596) ~[?:?]
	at knot//MC/net.minecraft.world.gen.feature.PlacedFeature.generate(PlacedFeature.java:53) ~[server-intermediary.jar:?]
	at knot//MC/net.minecraft.world.gen.feature.PlacedFeature.generate(PlacedFeature.java:42) ~[server-intermediary.jar:?]
	at knot//MC/net.minecraft.world.gen.chunk.ChunkGenerator.generateFeatures(ChunkGenerator.java:361) ~[server-intermediary.jar:?]
	at knot//MC/net.minecraft.world.chunk.ChunkGenerating.generateFeatures(ChunkGenerating.java:103) ~[server-intermediary.jar:?]
	at knot//MC/net.minecraft.world.chunk.ChunkGenerationStep.run(ChunkGenerationStep.java:33) ~[server-intermediary.jar:?]
	at knot/com.ishland.c2me.rewrites.chunksystem.common.statuses.VanillaWorldGenerationDelegate.lambda$upgradeToThis$5(VanillaWorldGenerationDelegate.java:176) ~[c2me-rewrites-chunk-system-0.4.00.23+1.21.1-1bc99f7df269a92d.jar:?]
	at knot/com.ishland.c2me.base.common.scheduler.ScheduledTask.run(ScheduledTask.java:46) [c2me-base-0.4.0-alpha.0.23+1.21.1-b63f9c67bc8f1cf9.jar:?]
	at knot/com.ishland.flowsched.executor.WorkerThread.pollTasks(WorkerThread.java:51) [c2me-base-0.4.0-alpha.0.23+1.21.1-b63f9c67bc8f1cf9.jar:?]
	at knot/com.ishland.flowsched.executor.WorkerThread.run(WorkerThread.java:29) [c2me-base-0.4.0-alpha.0.23+1.21.1-b63f9c67bc8f1cf9.jar:?]
[15:46:05] [c2me-worker-8/WARN]: Skipping BlockEntity with id minecraft:trial_spawner
[15:46:05] [c2me-worker-8/ERROR]: Failed to create block entity minecraft:trial_spawner
java.lang.IllegalStateException: Invalid block entity minecraft:trial_spawner // net.minecraft.block.entity.TrialSpawnerBlockEntity state at BlockPos{x=-307, y=-52, z=454}, got Block{minecraft:spawner}
	at knot//MC/net.minecraft.block.entity.BlockEntity.validateSupports(BlockEntity.java:57) ~[server-intermediary.jar:?]
	at knot//MC/net.minecraft.block.entity.BlockEntity.<init>(BlockEntity.java:51) ~[server-intermediary.jar:?]
	at knot//MC/net.minecraft.block.entity.TrialSpawnerBlockEntity.<init>(TrialSpawnerBlockEntity.java:28) ~[server-intermediary.jar:?]
	at knot//MC/net.minecraft.block.entity.BlockEntityType.instantiate(BlockEntityType.java:99) ~[server-intermediary.jar:?]
	at knot//MC/net.minecraft.block.entity.BlockEntity.method_17899(BlockEntity.java:186) ~[server-intermediary.jar:?]
	at java.base/java.util.Optional.map(Optional.java:260) ~[?:?]
	at knot//MC/net.minecraft.block.entity.BlockEntity.createFromNbt(BlockEntity.java:184) ~[server-intermediary.jar:?]
	at knot/com.lemenok.cobblemontrialsedition.config.SpawnerProperties.getLootTables(SpawnerProperties.java:93) ~[CobblemonTrialsEdition-fabric-2.1.0.jar:?]
	at knot/com.lemenok.cobblemontrialsedition.builder.BuildSpawner.create(BuildSpawner.java:43) ~[CobblemonTrialsEdition-fabric-2.1.0.jar:?]
	at knot/com.lemenok.cobblemontrialsedition.builder.SpawnerBuilder.buildCobblemonTrialSpawnerBlock(SpawnerBuilder.java:90) ~[CobblemonTrialsEdition-fabric-2.1.0.jar:?]
	at knot/com.lemenok.cobblemontrialsedition.processor.JigsawSpawnerReplacementProcessor.process(JigsawSpawnerReplacementProcessor.java:112) ~[CobblemonTrialsEdition-fabric-2.1.0.jar:?]
	at knot//MC/net.minecraft.structure.StructureTemplate.process(StructureTemplate.java:387) ~[server-intermediary.jar:?]
	at knot//MC/net.minecraft.structure.StructureTemplate.place(StructureTemplate.java:225) ~[server-intermediary.jar:?]
	at knot/com.telepathicgrunt.repurposedstructures.world.features.NbtDungeon.generate(NbtDungeon.java:157) ~[repurposed_structures-7.5.21+1.21.1-fabric.jar:?]
	at knot//MC/net.minecraft.world.gen.feature.Feature.generateIfValid(Feature.java:168) ~[server-intermediary.jar:?]
	at knot//MC/net.minecraft.world.gen.feature.ConfiguredFeature.generate(ConfiguredFeature.java:28) ~[server-intermediary.jar:?]
	at knot//MC/net.minecraft.world.gen.feature.PlacedFeature.method_39646(PlacedFeature.java:54) ~[server-intermediary.jar:?]
	at java.base/java.util.stream.ForEachOps$ForEachOp$OfRef.accept(ForEachOps.java:184) ~[?:?]
	at java.base/java.util.stream.Streams$StreamBuilderImpl.forEachRemaining(Streams.java:411) ~[?:?]
	at java.base/java.util.stream.ReferencePipeline$Head.forEach(ReferencePipeline.java:762) ~[?:?]
	at java.base/java.util.stream.ReferencePipeline$7$1.accept(ReferencePipeline.java:276) ~[?:?]
	at java.base/java.util.stream.Streams$StreamBuilderImpl.forEachRemaining(Streams.java:411) ~[?:?]
	at java.base/java.util.stream.ReferencePipeline$Head.forEach(ReferencePipeline.java:762) ~[?:?]
	at java.base/java.util.stream.ReferencePipeline$7$1.accept(ReferencePipeline.java:276) ~[?:?]
	at java.base/java.util.stream.Streams$StreamBuilderImpl.forEachRemaining(Streams.java:411) ~[?:?]
	at java.base/java.util.stream.ReferencePipeline$Head.forEach(ReferencePipeline.java:762) ~[?:?]
	at java.base/java.util.stream.ReferencePipeline$7$1.accept(ReferencePipeline.java:276) ~[?:?]
	at java.base/java.util.stream.ForEachOps$ForEachOp$OfRef.accept(ForEachOps.java:184) ~[?:?]
	at java.base/java.util.stream.IntPipeline$1$1.accept(IntPipeline.java:180) ~[?:?]
	at java.base/java.util.stream.Streams$RangeIntSpliterator.forEachRemaining(Streams.java:104) ~[?:?]
	at java.base/java.util.Spliterator$OfInt.forEachRemaining(Spliterator.java:712) ~[?:?]
	at java.base/java.util.stream.AbstractPipeline.copyInto(AbstractPipeline.java:509) ~[?:?]
	at java.base/java.util.stream.AbstractPipeline.wrapAndCopyInto(AbstractPipeline.java:499) ~[?:?]
	at java.base/java.util.stream.ForEachOps$ForEachOp.evaluateSequential(ForEachOps.java:151) ~[?:?]
	at java.base/java.util.stream.ForEachOps$ForEachOp$OfRef.evaluateSequential(ForEachOps.java:174) ~[?:?]
	at java.base/java.util.stream.AbstractPipeline.evaluate(AbstractPipeline.java:234) ~[?:?]
	at java.base/java.util.stream.ReferencePipeline.forEach(ReferencePipeline.java:596) ~[?:?]
	at java.base/java.util.stream.ReferencePipeline$7$1.accept(ReferencePipeline.java:276) ~[?:?]
	at java.base/java.util.stream.Streams$StreamBuilderImpl.forEachRemaining(Streams.java:411) ~[?:?]
	at java.base/java.util.stream.AbstractPipeline.copyInto(AbstractPipeline.java:509) ~[?:?]
	at java.base/java.util.stream.AbstractPipeline.wrapAndCopyInto(AbstractPipeline.java:499) ~[?:?]
	at java.base/java.util.stream.ForEachOps$ForEachOp.evaluateSequential(ForEachOps.java:151) ~[?:?]
	at java.base/java.util.stream.ForEachOps$ForEachOp$OfRef.evaluateSequential(ForEachOps.java:174) ~[?:?]
	at java.base/java.util.stream.AbstractPipeline.evaluate(AbstractPipeline.java:234) ~[?:?]
	at java.base/java.util.stream.ReferencePipeline.forEach(ReferencePipeline.java:596) ~[?:?]
	at knot//MC/net.minecraft.world.gen.feature.PlacedFeature.generate(PlacedFeature.java:53) ~[server-intermediary.jar:?]
	at knot//MC/net.minecraft.world.gen.feature.PlacedFeature.generate(PlacedFeature.java:42) ~[server-intermediary.jar:?]
	at knot//MC/net.minecraft.world.gen.chunk.ChunkGenerator.generateFeatures(ChunkGenerator.java:361) ~[server-intermediary.jar:?]
	at knot//MC/net.minecraft.world.chunk.ChunkGenerating.generateFeatures(ChunkGenerating.java:103) ~[server-intermediary.jar:?]
	at knot//MC/net.minecraft.world.chunk.ChunkGenerationStep.run(ChunkGenerationStep.java:33) ~[server-intermediary.jar:?]
	at knot/com.ishland.c2me.rewrites.chunksystem.common.statuses.VanillaWorldGenerationDelegate.lambda$upgradeToThis$5(VanillaWorldGenerationDelegate.java:176) ~[c2me-rewrites-chunk-system-0.4.00.23+1.21.1-1bc99f7df269a92d.jar:?]
	at knot/com.ishland.c2me.base.common.scheduler.ScheduledTask.run(ScheduledTask.java:46) [c2me-base-0.4.0-alpha.0.23+1.21.1-b63f9c67bc8f1cf9.jar:?]
	at knot/com.ishland.flowsched.executor.WorkerThread.pollTasks(WorkerThread.java:51) [c2me-base-0.4.0-alpha.0.23+1.21.1-b63f9c67bc8f1cf9.jar:?]
	at knot/com.ishland.flowsched.executor.WorkerThread.run(WorkerThread.java:29) [c2me-base-0.4.0-alpha.0.23+1.21.1-b63f9c67bc8f1cf9.jar:?]
[15:46:05] [c2me-worker-8/WARN]: Skipping BlockEntity with id minecraft:trial_spawner
[15:46:09] [Server thread/INFO]: Channel update: ElKlap0 -> default
[15:46:09] [Server thread/INFO]: Receiving client config
[15:46:10] [Server thread/INFO]: [FANCYMENU] A client with FancyMenu installed joined the server: ElKlap0
[15:46:15] [ForkJoinPool.commonPool-worker-2/ERROR]: Invalid API Secret, please goto https://cobblemonextras.com/showcase to get your API Secret
[15:46:15] [ForkJoinPool.commonPool-worker-2/ERROR]: Invalid API Secret, please goto https://cobblemonextras.com/showcase to get your API Secret
[15:46:15] [ForkJoinPool.commonPool-worker-2/ERROR]: Invalid API Secret, please goto https://cobblemonextras.com/showcase to get your API Secret
[15:46:31] [Server thread/INFO]: [ElKlap0: Teleported ElKlap0 to FabroJenkins]
[15:46:57] [Server thread/INFO]: Could not determine spawn bucket of Skwovet[3ffdd0b1-bfe0-419f-8ddd-f9f8d5b69781]. Common reasons: unnatural spawn, pre-TimCore spawn, or data erased by another mod.
[15:47:01] [Server thread/INFO]: Username Cache Saved
[15:47:01] [Server thread/INFO]: Saved portal data: 3 portals
[15:47:01] [Server thread/INFO]: Maximum spawn attempts reached. Skipping this alpha spawn
[15:47:20] [Server thread/INFO]: [STDOUT]: Command permission check: player El_toilet, has level 2: true
[15:47:20] [Server thread/INFO]: [FabroJenkins: Made El_toilet a server operator]
[15:47:36] [Server thread/INFO]: [CobblemonCards] BINGO ! Le Binder a transformé un sauvage (Remoraid) en type Normal (Stufful) grâce à 1.1817464% de chance !
[15:47:36] [Server thread/INFO]: Could not determine spawn bucket of Stufful[e1013c79-c553-4d26-a2b2-fbdbe1a7d6b7]. Common reasons: unnatural spawn, pre-TimCore spawn, or data erased by another mod.
[15:47:45] [Server thread/INFO]: [CobblemonCards] BINGO ! Le Binder a transformé un sauvage (Remoraid) en type Normal (Pyroar) grâce à 1.1817464% de chance !
[15:47:45] [Server thread/INFO]: Could not determine spawn bucket of Pyroar[916b02b6-458a-470d-9146-ee4f42cf5192]. Common reasons: unnatural spawn, pre-TimCore spawn, or data erased by another mod.
[15:48:01] [Server thread/INFO]: [CobblemonCards] BINGO ! Le Binder a transformé un sauvage (Inkay) en type Steel (Honedge) grâce à 0.65603614% de chance !
[15:48:01] [Server thread/INFO]: Could not determine spawn bucket of Honedge[dfc46dbd-53e9-404b-839d-537a3b2e7311]. Common reasons: unnatural spawn, pre-TimCore spawn, or data erased by another mod.
[15:48:20] [Server thread/INFO]: [ElKlap0: Teleported ElKlap0 to El_toilet]
[15:48:25] [Server thread/INFO]: [FabroJenkins: Teleported FabroJenkins to El_toilet]
[15:48:25] [Server thread/WARN]: FabroJenkins moved too quickly! -905.1081560673201,41.24918707874468,505.5928218957394
[15:48:25] [Server thread/WARN]: FabroJenkins moved too quickly! -905.1081560673201,41.24918707874468,505.5928218957394
[15:48:25] [Server thread/WARN]: FabroJenkins moved too quickly! -905.1081560673201,41.24918707874468,505.5928218957394
[15:48:25] [Server thread/WARN]: FabroJenkins moved too quickly! -905.1081560673201,41.24918707874468,505.5928218957394
[15:48:25] [Server thread/INFO]: Could not determine spawn bucket of Stufful[e1013c79-c553-4d26-a2b2-fbdbe1a7d6b7]. Common reasons: unnatural spawn, pre-TimCore spawn, or data erased by another mod.
[15:48:25] [Server thread/INFO]: Could not determine spawn bucket of Pyroar[916b02b6-458a-470d-9146-ee4f42cf5192]. Common reasons: unnatural spawn, pre-TimCore spawn, or data erased by another mod.
[15:48:59] [Server thread/INFO]: El_toilet has made the advancement [Diamonds!]
[15:49:07] [Server thread/WARN]: Entity PokemonEntity['Hawlucha'/1117483, l='ServerLevel[world]', x=-236.06, y=98.00, z=155.04, removed=DISCARDED] wasn't found in section class_4076{x=-15, y=6, z=9} (destroying due to DISCARDED)
[15:49:21] [Server thread/WARN]: Entity PokemonEntity['Duosion'/1120430, l='ServerLevel[world]', x=-233.74, y=98.00, z=156.07, removed=DISCARDED] wasn't found in section class_4076{x=-15, y=6, z=9} (destroying due to DISCARDED)
[15:49:29] [Server thread/WARN]: Entity PokemonEntity['Krokorok'/1122765, l='ServerLevel[world]', x=-234.88, y=98.00, z=159.46, removed=DISCARDED] wasn't found in section class_4076{x=-15, y=6, z=9} (destroying due to DISCARDED)
[15:49:30] [Server thread/INFO]: [CobblemonCards] BINGO ! Le Binder a transformé un sauvage (Diglett) en type Normal (Spearow) grâce à 1.1817464% de chance !
[15:49:30] [Server thread/INFO]: Could not determine spawn bucket of Spearow[a96d0f2b-b5dd-4f8f-8b33-9d79dfc9b8ed]. Common reasons: unnatural spawn, pre-TimCore spawn, or data erased by another mod.
[15:49:33] [Server thread/WARN]: Entity PokemonEntity['Venusaur'/1121371, l='ServerLevel[world]', x=-234.65, y=100.00, z=164.94, removed=DISCARDED] wasn't found in section class_4076{x=-15, y=6, z=10} (destroying due to DISCARDED)
[15:50:49] [Server thread/INFO]: Could not determine spawn bucket of Spearow[a96d0f2b-b5dd-4f8f-8b33-9d79dfc9b8ed]. Common reasons: unnatural spawn, pre-TimCore spawn, or data erased by another mod.
[15:51:03] [Server thread/WARN]: Entity PokemonEntity['Persian'/1141714, l='ServerLevel[world]', x=-244.50, y=104.00, z=191.94, removed=DISCARDED] wasn't found in section class_4076{x=-16, y=6, z=11} (destroying due to DISCARDED)
[15:51:04] [Server thread/WARN]: Entity PokemonEntity['Venusaur'/1143264, l='ServerLevel[world]', x=-232.59, y=103.00, z=200.71, removed=DISCARDED] wasn't found in section class_4076{x=-15, y=6, z=12} (destroying due to DISCARDED)
[15:51:04] [Server thread/WARN]: Entity PokemonEntity['Duosion'/1141554, l='ServerLevel[world]', x=-242.50, y=104.02, z=190.50, removed=DISCARDED] wasn't found in section class_4076{x=-16, y=6, z=11} (destroying due to DISCARDED)
[15:51:05] [Server thread/WARN]: Entity PokemonEntity['Hawlucha'/1141364, l='ServerLevel[world]', x=-244.32, y=104.00, z=190.25, removed=DISCARDED] wasn't found in section class_4076{x=-16, y=6, z=11} (destroying due to DISCARDED)
[15:51:05] [Server thread/WARN]: Entity PokemonEntity['Krokorok'/1141141, l='ServerLevel[world]', x=-244.39, y=104.00, z=190.99, removed=DISCARDED] wasn't found in section class_4076{x=-16, y=6, z=11} (destroying due to DISCARDED)
[15:51:06] [Server thread/WARN]: Entity PokemonEntity['Ampharos'/1141028, l='ServerLevel[world]', x=-245.39, y=104.00, z=191.91, removed=DISCARDED] wasn't found in section class_4076{x=-16, y=6, z=11} (destroying due to DISCARDED)
[15:51:06] [Server thread/WARN]: Entity PokemonEntity['Gabite'/1140587, l='ServerLevel[world]', x=-245.43, y=104.00, z=190.14, removed=DISCARDED] wasn't found in section class_4076{x=-16, y=6, z=11} (destroying due to DISCARDED)
[15:51:20] [Server thread/WARN]: Skipping Entity with id cobblemon_pokemon_entity_placeholder
[15:51:20] [Server thread/WARN]: Skipping Entity with id cobblemon_pokemon_entity_placeholder
[15:51:20] [Server thread/INFO]: Could not determine spawn bucket of Combee[00b7b1ab-b47d-4269-83e4-3ae9ea13d801]. Common reasons: unnatural spawn, pre-TimCore spawn, or data erased by another mod.
[15:51:20] [Server thread/INFO]: Could not determine spawn bucket of Combee[726f85cb-b711-43ad-8b9f-6ef7831a48b1]. Common reasons: unnatural spawn, pre-TimCore spawn, or data erased by another mod.
[15:51:35] [Server thread/WARN]: Entity PokemonEntity['Venusaur'/1143789, l='ServerLevel[world]', x=-232.70, y=103.00, z=194.82, removed=DISCARDED] wasn't found in section class_4076{x=-15, y=6, z=12} (destroying due to DISCARDED)
[15:51:37] [Server thread/WARN]: Entity PokemonEntity['Gabite'/1144111, l='ServerLevel[world]', x=-226.50, y=102.00, z=192.02, removed=DISCARDED] wasn't found in section class_4076{x=-15, y=6, z=12} (destroying due to DISCARDED)
[15:51:39] [Server thread/WARN]: Entity PokemonEntity['Hawlucha'/1144368, l='ServerLevel[world]', x=-226.29, y=102.00, z=196.70, removed=DISCARDED] wasn't found in section class_4076{x=-15, y=6, z=12} (destroying due to DISCARDED)
[15:51:40] [Server thread/WARN]: Entity PokemonEntity['Greninja'/1144686, l='ServerLevel[world]', x=-226.44, y=102.00, z=195.40, removed=DISCARDED] wasn't found in section class_4076{x=-15, y=6, z=12} (destroying due to DISCARDED)
[15:51:41] [Server thread/WARN]: Entity PokemonEntity['Pignite'/1145007, l='ServerLevel[world]', x=-233.06, y=103.00, z=194.96, removed=DISCARDED] wasn't found in section class_4076{x=-15, y=6, z=12} (destroying due to DISCARDED)
[15:51:42] [Server thread/WARN]: Entity PokemonEntity['Meowth'/1145375, l='ServerLevel[world]', x=-226.31, y=102.00, z=199.84, removed=DISCARDED] wasn't found in section class_4076{x=-15, y=6, z=12} (destroying due to DISCARDED)
[15:52:01] [Server thread/INFO]: Attempting to spawn portal at class_2338{x=-161, y=119, z=207} in dimension minecraft:overworld
[15:52:01] [Server thread/INFO]: Successfully spawned dungeon portal at class_2338{x=-161, y=119, z=207} near player ElKlap0
[15:52:01] [Server thread/INFO]: Maximum spawn attempts reached. Skipping this alpha spawn
[15:52:06] [Server thread/INFO]: [FabroJenkins: Gamerule keepInventory is now set to: true]
[15:52:32] [Server thread/INFO]: Could not determine spawn bucket of Dratini[b3a7191d-0959-4c0c-a21b-04db6f537ac6]. Common reasons: unnatural spawn, pre-TimCore spawn, or data erased by another mod.
[15:52:32] [Server thread/WARN]: Tried to load a block entity for block Block{cobblemon:pc}[facing=west,natural=false,on=false,part=top,waterlogged=false] but failed at location class_2338{x=-460, y=98, z=181}
[15:53:53] [Server thread/INFO]: [FabroJenkins: Gamerule keepInventory is now set to: true]
[15:53:53] [Server thread/INFO]: [CobblemonCards] BINGO ! Le Binder a transformé un sauvage (Bramblin) en type Steel (Probopass) grâce à 0.65603614% de chance !
[15:53:53] [Server thread/INFO]: Could not determine spawn bucket of Probopass[a3cc5201-e87e-4854-bd27-c26a66cb93d6]. Common reasons: unnatural spawn, pre-TimCore spawn, or data erased by another mod.
[15:54:02] [Server thread/INFO]: Could not determine spawn bucket of Probopass[a3cc5201-e87e-4854-bd27-c26a66cb93d6]. Common reasons: unnatural spawn, pre-TimCore spawn, or data erased by another mod.
[15:55:04] [Server thread/INFO]: <FabroJenkins> open summary
[15:55:39] [Server thread/INFO]: FabroJenkins has made the advancement [Hidden in the Depths]
[15:56:21] [Server thread/INFO]: El_toilet has made the advancement [Showdown Time!]
[15:56:21] [Server thread/INFO]: El_toilet has made the advancement [The World of Cobblemon!]
[15:56:51] [Server thread/WARN]: Entity PokemonEntity['Piplup'/1234673, l='ServerLevel[world]', x=-216.34, y=111.00, z=184.54, removed=DISCARDED] wasn't found in section class_4076{x=-14, y=6, z=11} (destroying due to DISCARDED)
[15:56:58] [Server thread/WARN]: Entity PokemonEntity['Persian'/1237104, l='ServerLevel[world]', x=-216.03, y=111.00, z=183.74, removed=DISCARDED] wasn't found in section class_4076{x=-14, y=6, z=11} (destroying due to DISCARDED)
[15:57:01] [Server thread/INFO]: Saved portal data: 3 portals
[15:57:01] [Server thread/WARN]: Herd members for Falinks is empty. Skipping herd spawning for this alpha
[15:57:01] [Server thread/INFO]: An Alpha Pokemon has spawned near somebody!
[15:57:01] [Server thread/INFO]: Could not determine spawn bucket of Falinks[30ab778e-0f8f-4865-9145-73965075684b]. Common reasons: unnatural spawn, pre-TimCore spawn, or data erased by another mod.
[15:57:07] [Server thread/INFO]: El_toilet has made the advancement [The First of Many]
[15:58:06] [Server thread/INFO]: [CobblemonCards] Checking player drop bonus for El_toilet. Accessories found: 0
[15:58:06] [Server thread/INFO]: [CobblemonCards] Final calculated drop bonus: 0.0
[15:58:06] [Server thread/INFO]: Calculated drop chance for player El_toilet: 1.0 (Base: 1.0, Bonus: 0.0)
[15:58:06] [Server thread/INFO]: Drop failed.
[15:58:06] [Server thread/INFO]: [STDOUT]: HA CHANCE -> 0.0, (false)
[15:58:06] [Server thread/INFO]: El_toilet has made the advancement [A New Friend!]
[15:58:17] [Server thread/WARN]: Entity PokemonEntity['Numel'/1253315, l='ServerLevel[world]', x=-243.62, y=97.00, z=147.70, removed=DISCARDED] wasn't found in section class_4076{x=-16, y=6, z=9} (destroying due to DISCARDED)
[15:58:27] [Server thread/WARN]: Entity PokemonEntity['Numel'/1253931, l='ServerLevel[world]', x=-244.12, y=97.00, z=145.66, removed=KILLED] wasn't found in section class_4076{x=-16, y=6, z=9} (destroying due to DISCARDED)
[15:58:34] [Server thread/INFO]: PokemonList: [com.cobblemon.mod.common.battles.pokemon.BattlePokemon@160fd150, com.cobblemon.mod.common.battles.pokemon.BattlePokemon@5f2d3e70]
[15:58:39] [Server thread/WARN]: Entity PokemonEntity['Piplup'/1256280, l='ServerLevel[world]', x=-243.90, y=97.00, z=146.18, removed=DISCARDED] wasn't found in section class_4076{x=-16, y=6, z=9} (destroying due to DISCARDED)
[15:59:19] [Server thread/INFO]: [BattlePositions][POKEMON] Battle 66b86ed9-cbd3-42d4-bd0a-33b84265fc43 pre-start teleport p1a 23ed140e-2b9a-45d4-8baf-c41d9e273d4d (Piplup) (-252.91, 100.00, 158.13) -> (-252.99, 100.00, 160.13) (success=true)
[15:59:51] [Server thread/WARN]: Entity PokemonEntity['Piplup'/1265014, l='ServerLevel[world]', x=-252.99, y=100.00, z=160.13, removed=DISCARDED] wasn't found in section class_4076{x=-16, y=6, z=10} (destroying due to DISCARDED)
[16:00:06] [Server thread/INFO]: [CobblemonCards] Checking player drop bonus for El_toilet. Accessories found: 0
[16:00:06] [Server thread/INFO]: [CobblemonCards] Final calculated drop bonus: 0.0
[16:00:06] [Server thread/INFO]: Calculated drop chance for player El_toilet: 1.0 (Base: 1.0, Bonus: 0.0)
[16:00:06] [Server thread/INFO]: Drop failed.
[16:00:09] [Server thread/INFO]: PokemonList: [com.cobblemon.mod.common.battles.pokemon.BattlePokemon@23662398]
[16:00:09] [Server thread/INFO]: Active Pokemon: [com.cobblemon.mod.common.battles.ActiveBattlePokemon@566d0d1]
[16:00:17] [Server thread/WARN]: Entity PokemonEntity['Venusaur'/1278151, l='ServerLevel[world]', x=-242.41, y=98.00, z=159.02, removed=DISCARDED] wasn't found in section class_4076{x=-16, y=6, z=9} (destroying due to DISCARDED)
[16:00:51] [Server thread/INFO]: El_toilet has made the advancement [Sweet Tooth]
[16:00:52] [Server thread/INFO]: Portal 5082e524-9bd0-44a2-9ee0-e49d51c3ae3f removed from active list (block destroyed)
[16:00:52] [Server thread/INFO]: Portal b6c63d68-9886-4d22-8095-3b85765fd962 removed from active list (block destroyed)
[16:01:00] [Server thread/WARN]: Entity PokemonEntity['Venusaur'/1289946, l='ServerLevel[world]', x=-235.76, y=96.00, z=138.78, removed=DISCARDED] wasn't found in section class_4076{x=-15, y=6, z=8} (destroying due to DISCARDED)
[16:01:03] [Server thread/WARN]: Entity PokemonEntity['Venusaur'/1292198, l='ServerLevel[world]', x=-235.76, y=96.00, z=140.79, removed=DISCARDED] wasn't found in section class_4076{x=-15, y=6, z=8} (destroying due to DISCARDED)
[16:01:07] [Server thread/INFO]: [FabroJenkins: Teleported FabroJenkins to ElKlap0]
[16:01:07] [Server thread/WARN]: FabroJenkins moved too quickly! 69.83320347176908,-39.0,-1723.2051744358457
[16:01:07] [Server thread/WARN]: FabroJenkins moved too quickly! 69.83320347176908,-39.0,-1723.2051744358457
[16:01:07] [Server thread/WARN]: FabroJenkins moved too quickly! 69.83320347176908,-39.0,-1723.2051744358457
[16:01:07] [Server thread/WARN]: FabroJenkins moved too quickly! 69.83320347176908,-39.0,-1723.2051744358457
[16:01:07] [Server thread/WARN]: FabroJenkins moved too quickly! 69.83320347176908,-39.0,-1723.2051744358457
[16:01:12] [Server thread/INFO]: [FabroJenkins: Teleported El_toilet to FabroJenkins]
[16:01:20] [Server thread/INFO]: Player El_toilet accepted safari teleport, initiating teleport sequence
[16:01:21] [Server thread/INFO]: [STDOUT]: Command permission check: player El_toilet, has level 2: true
[16:01:21] [Server thread/INFO]: El_toilet has made the advancement [Welcome to the Safari]
[16:01:21] [Server thread/INFO]: Granted 16 Safari Balls, 32 Bait, 32 Mud Balls to El_toilet (first use today)
[16:01:21] [Server thread/INFO]: Player El_toilet teleported to Safari dimension at (-1449, 68, -4385)
[16:01:21] [Server thread/INFO]: [STDOUT]: Command permission check: player El_toilet, has level 2: true
[16:01:25] [Server thread/INFO]: Could not determine spawn bucket of Combee[cc9767c0-86e7-4f96-9d17-f706e9e3c058]. Common reasons: unnatural spawn, pre-TimCore spawn, or data erased by another mod.
[16:02:01] [Server thread/INFO]: Saved timer data: 3 players, 15 timers
[16:02:01] [Server thread/INFO]: Attempting to spawn portal at class_2338{x=-111, y=68, z=-1605} in dimension minecraft:overworld
[16:02:01] [Server thread/INFO]: Successfully spawned dungeon portal at class_2338{x=-111, y=68, z=-1605} near player FabroJenkins
[16:02:01] [Server thread/INFO]: Maximum spawn attempts reached. Skipping this alpha spawn
[16:02:10] [Server thread/INFO]: Could not determine spawn bucket of Combee[a4f44eb0-d634-4955-9de4-7e12c7a8a1a5]. Common reasons: unnatural spawn, pre-TimCore spawn, or data erased by another mod.
[16:02:13] [Server thread/INFO]: [CobblemonCards] Checking player drop bonus for El_toilet. Accessories found: 0
[16:02:13] [Server thread/INFO]: [CobblemonCards] Final calculated drop bonus: 0.0
[16:02:13] [Server thread/INFO]: Calculated drop chance for player El_toilet: 1.0 (Base: 1.0, Bonus: 0.0)
[16:02:13] [Server thread/INFO]: Drop failed.
[16:02:13] [Server thread/INFO]: [STDOUT]: HA CHANCE -> 0.0, (false)
[16:02:15] [Server thread/INFO]: Could not determine spawn bucket of Combee[1e861757-4346-43a1-a6de-9657f3cd61da]. Common reasons: unnatural spawn, pre-TimCore spawn, or data erased by another mod.
[16:02:25] [Server thread/INFO]: [CobblemonCards] Checking player drop bonus for El_toilet. Accessories found: 0
[16:02:25] [Server thread/INFO]: [CobblemonCards] Final calculated drop bonus: 0.0
[16:02:25] [Server thread/INFO]: Calculated drop chance for player El_toilet: 1.0 (Base: 1.0, Bonus: 0.0)
[16:02:25] [Server thread/INFO]: Drop failed.
[16:02:25] [Server thread/INFO]: [STDOUT]: HA CHANCE -> 0.0, (false)
[16:04:04] [Server thread/INFO]: [CobblemonCards] Checking player drop bonus for El_toilet. Accessories found: 0
[16:04:04] [Server thread/INFO]: [CobblemonCards] Final calculated drop bonus: 0.0
[16:04:04] [Server thread/INFO]: Calculated drop chance for player El_toilet: 1.0 (Base: 1.0, Bonus: 0.0)
[16:04:04] [Server thread/INFO]: Drop failed.
[16:04:04] [Server thread/INFO]: [STDOUT]: HA CHANCE -> 0.0, (false)
[16:04:29] [Server thread/INFO]: Could not determine spawn bucket of Pidgey[0accad95-b956-4fcb-844f-2cc2f6048e70]. Common reasons: unnatural spawn, pre-TimCore spawn, or data erased by another mod.
[16:05:07] [Server thread/INFO]: Could not determine spawn bucket of Pidgey[0accad95-b956-4fcb-844f-2cc2f6048e70]. Common reasons: unnatural spawn, pre-TimCore spawn, or data erased by another mod.
[16:05:42] [Server thread/INFO]: El_toilet has made the advancement [Full House]
[16:05:42] [Server thread/INFO]: [CobblemonCards] Checking player drop bonus for El_toilet. Accessories found: 0
[16:05:42] [Server thread/INFO]: [CobblemonCards] Final calculated drop bonus: 0.0
[16:05:42] [Server thread/INFO]: Calculated drop chance for player El_toilet: 1.0 (Base: 1.0, Bonus: 0.0)
[16:05:42] [Server thread/INFO]: Drop failed.
[16:05:42] [Server thread/INFO]: [STDOUT]: HA CHANCE -> 0.0, (false)
[16:06:49] [Server thread/INFO]: [CobblemonCards] Checking player drop bonus for El_toilet. Accessories found: 0
[16:06:49] [Server thread/INFO]: [CobblemonCards] Final calculated drop bonus: 0.0
[16:06:49] [Server thread/INFO]: Calculated drop chance for player El_toilet: 1.0 (Base: 1.0, Bonus: 0.0)
[16:06:49] [Server thread/INFO]: Drop failed.
[16:06:49] [Server thread/INFO]: [STDOUT]: HA CHANCE -> 0.0, (false)
[16:06:55] [Server thread/INFO]: [CobblemonCards] Checking player drop bonus for El_toilet. Accessories found: 0
[16:06:55] [Server thread/INFO]: [CobblemonCards] Final calculated drop bonus: 0.0
[16:06:55] [Server thread/INFO]: Calculated drop chance for player El_toilet: 1.0 (Base: 1.0, Bonus: 0.0)
[16:06:55] [Server thread/INFO]: Drop failed.
[16:06:55] [Server thread/INFO]: [STDOUT]: HA CHANCE -> 0.0, (false)
[16:07:01] [Server thread/INFO]: Saved portal data: 3 portals
[16:07:01] [Server thread/INFO]: An Alpha Pokemon has spawned near somebody!
[16:07:01] [Server thread/INFO]: Could not determine spawn bucket of Alcremie[66c1dea1-3797-4843-bc8e-aa26bdebcd64]. Common reasons: unnatural spawn, pre-TimCore spawn, or data erased by another mod.
[16:07:01] [Server thread/INFO]: Could not determine spawn bucket of Milcery[28488bed-76e2-4285-b1fb-caa42626bcc0]. Common reasons: unnatural spawn, pre-TimCore spawn, or data erased by another mod.
[16:07:01] [Server thread/INFO]: Could not determine spawn bucket of Milcery[ace98837-82bf-40c4-9694-07841b7afeb6]. Common reasons: unnatural spawn, pre-TimCore spawn, or data erased by another mod.
[16:07:01] [Server thread/INFO]: Could not determine spawn bucket of Milcery[5d082b99-edf0-4c25-a544-4961ad04661a]. Common reasons: unnatural spawn, pre-TimCore spawn, or data erased by another mod.
[16:07:01] [Server thread/INFO]: Could not determine spawn bucket of Milcery[211e8d46-43c6-4b56-aaf5-2fd2f00e4680]. Common reasons: unnatural spawn, pre-TimCore spawn, or data erased by another mod.
[16:08:24] [Server thread/INFO]: Could not determine spawn bucket of Eiscue[17b81439-84bb-47d0-a6a5-20f73e98daf2]. Common reasons: unnatural spawn, pre-TimCore spawn, or data erased by another mod.
[16:08:54] [Server thread/INFO]: Could not determine spawn bucket of Eiscue[17b81439-84bb-47d0-a6a5-20f73e98daf2]. Common reasons: unnatural spawn, pre-TimCore spawn, or data erased by another mod.
[16:09:53] [Server thread/WARN]: Tried to load a block entity for block Block{cobblesafari:punchingbag}[facing=east,half=lower] but failed at location class_2338{x=-1009, y=50, z=-4483}
[16:09:53] [Server thread/WARN]: Tried to load a block entity for block Block{cobblesafari:punchingbag}[facing=south,half=lower] but failed at location class_2338{x=-1012, y=50, z=-4488}
[16:09:53] [Server thread/WARN]: Tried to load a block entity for block Block{cobblesafari:punchingbag}[facing=west,half=lower] but failed at location class_2338{x=-1010, y=53, z=-4439}
[16:09:53] [Server thread/WARN]: Tried to load a block entity for block Block{cobblesafari:punchingbag}[facing=east,half=lower] but failed at location class_2338{x=-1012, y=54, z=-4437}
[16:09:55] [Server thread/WARN]: Tried to load a block entity for block Block{cobblesafari:punchingbag}[facing=north,half=lower] but failed at location class_2338{x=-1005, y=51, z=-4419}
[16:09:55] [Server thread/WARN]: Tried to load a block entity for block Block{cobblesafari:punchingbag}[facing=east,half=lower] but failed at location class_2338{x=-994, y=49, z=-4418}
[16:09:55] [Server thread/WARN]: Tried to load a block entity for block Block{cobblesafari:punchingbag}[facing=south,half=lower] but failed at location class_2338{x=-1007, y=52, z=-4427}
[16:09:55] [Server thread/WARN]: Tried to load a block entity for block Block{cobblesafari:punchingbag}[facing=east,half=lower] but failed at location class_2338{x=-1004, y=52, z=-4436}
[16:09:55] [Server thread/WARN]: Tried to load a block entity for block Block{cobblesafari:punchingbag}[facing=north,half=lower] but failed at location class_2338{x=-1000, y=52, z=-4433}
[16:09:55] [Server thread/WARN]: Tried to load a block entity for block Block{cobblesafari:punchingbag}[facing=west,half=lower] but failed at location class_2338{x=-1005, y=51, z=-4447}
[16:09:56] [Server thread/WARN]: Tried to load a block entity for block Block{cobblesafari:punchingbag}[facing=south,half=lower] but failed at location class_2338{x=-1004, y=48, z=-4395}
[16:09:56] [Server thread/WARN]: Tried to load a block entity for block Block{cobblesafari:punchingbag}[facing=west,half=lower] but failed at location class_2338{x=-994, y=48, z=-4395}
[16:09:59] [Server thread/WARN]: Tried to load a block entity for block Block{cobblesafari:punchingbag}[facing=west,half=lower] but failed at location class_2338{x=-985, y=51, z=-4374}
[16:09:59] [Server thread/WARN]: Tried to load a block entity for block Block{cobblesafari:punchingbag}[facing=south,half=lower] but failed at location class_2338{x=-991, y=49, z=-4375}
[16:09:59] [Server thread/WARN]: Tried to load a block entity for block Block{cobblesafari:punchingbag}[facing=east,half=lower] but failed at location class_2338{x=-988, y=48, z=-4381}
[16:10:10] [Server thread/WARN]: Tried to load a block entity for block Block{cobblesafari:punchingbag}[facing=west,half=lower] but failed at location class_2338{x=-970, y=62, z=-4357}
[16:10:10] [Server thread/WARN]: Tried to load a block entity for block Block{cobblesafari:punchingbag}[facing=east,half=lower] but failed at location class_2338{x=-967, y=62, z=-4354}
[16:10:10] [Server thread/WARN]: Tried to load a block entity for block Block{cobblesafari:punchingbag}[facing=east,half=lower] but failed at location class_2338{x=-976, y=63, z=-4357}
[16:10:52] [Server thread/WARN]: Tried to load a block entity for block Block{cobblesafari:punchingbag}[facing=west,half=lower] but failed at location class_2338{x=-914, y=50, z=-4405}
[16:10:52] [Server thread/WARN]: Tried to load a block entity for block Block{cobblesafari:punchingbag}[facing=west,half=lower] but failed at location class_2338{x=-924, y=52, z=-4410}
[16:10:52] [Server thread/WARN]: Tried to load a block entity for block Block{cobblesafari:punchingbag}[facing=east,half=lower] but failed at location class_2338{x=-923, y=51, z=-4412}
[16:10:52] [Server thread/WARN]: Tried to load a block entity for block Block{cobblesafari:punchingbag}[facing=north,half=lower] but failed at location class_2338{x=-920, y=48, z=-4368}
[16:10:52] [Server thread/WARN]: Tried to load a block entity for block Block{cobblesafari:punchingbag}[facing=north,half=lower] but failed at location class_2338{x=-916, y=48, z=-4354}
[16:10:52] [Server thread/WARN]: Tried to load a block entity for block Block{cobblesafari:punchingbag}[facing=west,half=lower] but failed at location class_2338{x=-913, y=48, z=-4367}
[16:11:38] [Server thread/WARN]: Tried to load a block entity for block Block{cobblesafari:punchingbag}[facing=north,half=lower] but failed at location class_2338{x=-1063, y=47, z=-4745}
[16:11:53] [Server thread/INFO]: Could not determine spawn bucket of Combee[1e861757-4346-43a1-a6de-9657f3cd61da]. Common reasons: unnatural spawn, pre-TimCore spawn, or data erased by another mod.
[16:12:01] [Server thread/INFO]: Attempting to spawn portal at class_2338{x=-206, y=64, z=-1568} in dimension minecraft:overworld
[16:12:01] [Server thread/INFO]: Successfully spawned dungeon portal at class_2338{x=-206, y=64, z=-1568} near player FabroJenkins
[16:12:01] [Server thread/INFO]: Could not determine spawn bucket of Alcremie[66c1dea1-3797-4843-bc8e-aa26bdebcd64]. Common reasons: unnatural spawn, pre-TimCore spawn, or data erased by another mod.
[16:12:01] [Server thread/INFO]: Could not determine spawn bucket of Milcery[28488bed-76e2-4285-b1fb-caa42626bcc0]. Common reasons: unnatural spawn, pre-TimCore spawn, or data erased by another mod.
[16:12:01] [Server thread/INFO]: Could not determine spawn bucket of Milcery[ace98837-82bf-40c4-9694-07841b7afeb6]. Common reasons: unnatural spawn, pre-TimCore spawn, or data erased by another mod.
[16:12:01] [Server thread/INFO]: Could not determine spawn bucket of Milcery[5d082b99-edf0-4c25-a544-4961ad04661a]. Common reasons: unnatural spawn, pre-TimCore spawn, or data erased by another mod.
[16:12:01] [Server thread/INFO]: Could not determine spawn bucket of Milcery[211e8d46-43c6-4b56-aaf5-2fd2f00e4680]. Common reasons: unnatural spawn, pre-TimCore spawn, or data erased by another mod.
[16:12:01] [Server thread/INFO]: Maximum spawn attempts reached. Skipping this alpha spawn
[16:12:26] [Server thread/WARN]: Tried to load a block entity for block Block{cobblesafari:punchingbag}[facing=north,half=lower] but failed at location class_2338{x=-901, y=48, z=-4358}
[16:12:26] [Server thread/WARN]: Tried to load a block entity for block Block{cobblesafari:punchingbag}[facing=west,half=lower] but failed at location class_2338{x=-911, y=48, z=-4355}
[16:12:26] [Server thread/WARN]: Tried to load a block entity for block Block{cobblesafari:punchingbag}[facing=east,half=lower] but failed at location class_2338{x=-912, y=48, z=-4368}
[16:12:26] [Server thread/WARN]: Tried to load a block entity for block Block{cobblesafari:punchingbag}[facing=west,half=lower] but failed at location class_2338{x=-900, y=49, z=-4371}
[16:12:26] [Server thread/WARN]: Tried to load a block entity for block Block{cobblesafari:punchingbag}[facing=east,half=lower] but failed at location class_2338{x=-909, y=49, z=-4381}
[16:12:26] [Server thread/WARN]: Tried to load a block entity for block Block{cobblesafari:punchingbag}[facing=east,half=lower] but failed at location class_2338{x=-905, y=48, z=-4371}
[16:12:31] [Server thread/INFO]: Could not determine spawn bucket of Combee[a4f44eb0-d634-4955-9de4-7e12c7a8a1a5]. Common reasons: unnatural spawn, pre-TimCore spawn, or data erased by another mod.
[16:12:34] [Server thread/INFO]: Could not determine spawn bucket of Combee[cc9767c0-86e7-4f96-9d17-f706e9e3c058]. Common reasons: unnatural spawn, pre-TimCore spawn, or data erased by another mod.
[16:12:41] [Server thread/WARN]: Tried to load a block entity for block Block{cobblesafari:punchingbag}[facing=west,half=lower] but failed at location class_2338{x=-1050, y=67, z=-4098}
[16:12:41] [Server thread/WARN]: Tried to load a block entity for block Block{cobblesafari:punchingbag}[facing=west,half=lower] but failed at location class_2338{x=-1047, y=68, z=-4101}
[16:12:41] [Server thread/WARN]: Tried to load a block entity for block Block{cobblesafari:punchingbag}[facing=east,half=lower] but failed at location class_2338{x=-1056, y=66, z=-4110}
[16:12:46] [Server thread/WARN]: Tried to load a block entity for block Block{cobblesafari:punchingbag}[facing=west,half=lower] but failed at location class_2338{x=-1021, y=64, z=-4076}
[16:13:42] [Server thread/WARN]: Tried to load a block entity for block Block{cobblesafari:punchingbag}[facing=north,half=lower] but failed at location class_2338{x=-1531, y=54, z=-4056}
[16:13:42] [Server thread/WARN]: Tried to load a block entity for block Block{cobblesafari:punchingbag}[facing=east,half=lower] but failed at location class_2338{x=-1530, y=54, z=-4054}
[16:13:42] [Server thread/WARN]: Tried to load a block entity for block Block{cobblesafari:punchingbag}[facing=east,half=lower] but failed at location class_2338{x=-1531, y=54, z=-4052}
[16:13:56] [Server thread/WARN]: [Cobblebase] PERF ambient/tickPokemon block Steelix (idle=true, assign=null) took 19ms
[16:13:56] [Server thread/WARN]: [Cobblebase] PERF pasture@-159, 70, -1581: full tick took 22ms (7 mons) sections: leaves=0ms
[16:14:16] [Server thread/WARN]: Tried to load a block entity for block Block{cobblesafari:punchingbag}[facing=north,half=lower] but failed at location class_2338{x=-1591, y=31, z=-4153}
[16:14:16] [Server thread/WARN]: Tried to load a block entity for block Block{cobblesafari:punchingbag}[facing=west,half=lower] but failed at location class_2338{x=-1589, y=31, z=-4155}
[16:14:16] [Server thread/WARN]: Tried to load a block entity for block Block{cobblesafari:punchingbag}[facing=north,half=lower] but failed at location class_2338{x=-1591, y=34, z=-4145}
[16:14:31] [Server thread/WARN]: Tried to load a block entity for block Block{cobblesafari:punchingbag}[facing=west,half=lower] but failed at location class_2338{x=-1662, y=51, z=-4058}
[16:14:31] [Server thread/WARN]: Tried to load a block entity for block Block{cobblesafari:punchingbag}[facing=north,half=lower] but failed at location class_2338{x=-1658, y=51, z=-4059}
[16:14:31] [Server thread/WARN]: Tried to load a block entity for block Block{cobblesafari:punchingbag}[facing=east,half=lower] but failed at location class_2338{x=-1654, y=53, z=-4060}
[16:14:34] [Server thread/WARN]: Tried to load a block entity for block Block{cobblesafari:punchingbag}[facing=east,half=lower] but failed at location class_2338{x=-1665, y=50, z=-4041}
[16:14:34] [Server thread/WARN]: Tried to load a block entity for block Block{cobblesafari:punchingbag}[facing=south,half=lower] but failed at location class_2338{x=-1673, y=50, z=-4042}
[16:14:40] [Server thread/WARN]: Tried to load a block entity for block Block{cobblesafari:punchingbag}[facing=south,half=lower] but failed at location class_2338{x=-1697, y=51, z=-4024}
[16:14:43] [Server thread/WARN]: Tried to load a block entity for block Block{cobblesafari:punchingbag}[facing=west,half=lower] but failed at location class_2338{x=-1689, y=50, z=-4015}
[16:14:43] [Server thread/WARN]: Tried to load a block entity for block Block{cobblesafari:punchingbag}[facing=north,half=lower] but failed at location class_2338{x=-1696, y=50, z=-4015}
[16:14:51] [Server thread/WARN]: Tried to load a block entity for block Block{cobblesafari:punchingbag}[facing=south,half=lower] but failed at location class_2338{x=-1707, y=49, z=-3982}
[16:14:51] [Server thread/WARN]: Tried to load a block entity for block Block{cobblesafari:punchingbag}[facing=south,half=lower] but failed at location class_2338{x=-1707, y=53, z=-3974}
[16:14:51] [Server thread/WARN]: Tried to load a block entity for block Block{cobblesafari:punchingbag}[facing=south,half=lower] but failed at location class_2338{x=-1701, y=50, z=-3983}
[16:14:51] [Server thread/INFO]: Could not determine spawn bucket of Combee[1e861757-4346-43a1-a6de-9657f3cd61da]. Common reasons: unnatural spawn, pre-TimCore spawn, or data erased by another mod.
[16:15:02] [Server thread/WARN]: Tried to load a block entity for block Block{cobblesafari:punchingbag}[facing=west,half=lower] but failed at location class_2338{x=-1588, y=47, z=-3943}
[16:15:02] [Server thread/WARN]: Tried to load a block entity for block Block{cobblesafari:punchingbag}[facing=east,half=lower] but failed at location class_2338{x=-1594, y=47, z=-3938}
[16:15:02] [Server thread/WARN]: Tried to load a block entity for block Block{cobblesafari:punchingbag}[facing=east,half=lower] but failed at location class_2338{x=-1719, y=49, z=-3938}
[16:15:02] [Server thread/WARN]: Tried to load a block entity for block Block{cobblesafari:punchingbag}[facing=south,half=lower] but failed at location class_2338{x=-1724, y=48, z=-3946}
[16:15:02] [Server thread/WARN]: Tried to load a block entity for block Block{cobblesafari:punchingbag}[facing=south,half=lower] but failed at location class_2338{x=-1724, y=48, z=-3947}
[16:15:27] [Server thread/INFO]: Could not determine spawn bucket of Combee[a4f44eb0-d634-4955-9de4-7e12c7a8a1a5]. Common reasons: unnatural spawn, pre-TimCore spawn, or data erased by another mod.
[16:15:31] [Server thread/WARN]: El_toilet moved wrongly!
[16:15:36] [Server thread/INFO]: Could not determine spawn bucket of Combee[cc9767c0-86e7-4f96-9d17-f706e9e3c058]. Common reasons: unnatural spawn, pre-TimCore spawn, or data erased by another mod.
[16:15:38] [Server thread/WARN]: Tried to load a block entity for block Block{cobblesafari:punchingbag}[facing=north,half=lower] but failed at location class_2338{x=-1511, y=47, z=-3866}
[16:15:38] [Server thread/WARN]: Tried to load a block entity for block Block{cobblesafari:punchingbag}[facing=north,half=lower] but failed at location class_2338{x=-1513, y=47, z=-3864}
[16:15:38] [Server thread/WARN]: Tried to load a block entity for block Block{cobblesafari:punchingbag}[facing=north,half=lower] but failed at location class_2338{x=-1520, y=47, z=-3864}
[16:16:20] [Server thread/INFO]: [STDOUT]: Command permission check: player El_toilet, has level 2: true
[16:16:20] [Server thread/INFO]: Player El_toilet teleported to minecraft:overworld at class_2338{x=-171, y=57, z=-1581} (timer expired, returnToSpawn: false)
[16:16:22] [c2me-worker-0/ERROR]: Failed to create block entity minecraft:trial_spawner
java.lang.IllegalStateException: Invalid block entity minecraft:trial_spawner // net.minecraft.block.entity.TrialSpawnerBlockEntity state at BlockPos{x=-1768, y=-17, z=-3976}, got Block{minecraft:spawner}
	at knot//MC/net.minecraft.block.entity.BlockEntity.validateSupports(BlockEntity.java:57) ~[server-intermediary.jar:?]
	at knot//MC/net.minecraft.block.entity.BlockEntity.<init>(BlockEntity.java:51) ~[server-intermediary.jar:?]
	at knot//MC/net.minecraft.block.entity.TrialSpawnerBlockEntity.<init>(TrialSpawnerBlockEntity.java:28) ~[server-intermediary.jar:?]
	at knot//MC/net.minecraft.block.entity.BlockEntityType.instantiate(BlockEntityType.java:99) ~[server-intermediary.jar:?]
	at knot//MC/net.minecraft.block.entity.BlockEntity.method_17899(BlockEntity.java:186) ~[server-intermediary.jar:?]
	at java.base/java.util.Optional.map(Optional.java:260) ~[?:?]
	at knot//MC/net.minecraft.block.entity.BlockEntity.createFromNbt(BlockEntity.java:184) ~[server-intermediary.jar:?]
	at knot/com.lemenok.cobblemontrialsedition.config.SpawnerProperties.getLootTables(SpawnerProperties.java:93) ~[CobblemonTrialsEdition-fabric-2.1.0.jar:?]
	at knot/com.lemenok.cobblemontrialsedition.builder.BuildSpawner.create(BuildSpawner.java:31) ~[CobblemonTrialsEdition-fabric-2.1.0.jar:?]
	at knot/com.lemenok.cobblemontrialsedition.builder.SpawnerBuilder.buildCobblemonTrialSpawnerBlock(SpawnerBuilder.java:90) ~[CobblemonTrialsEdition-fabric-2.1.0.jar:?]
	at knot/com.lemenok.cobblemontrialsedition.processor.JigsawSpawnerReplacementProcessor.process(JigsawSpawnerReplacementProcessor.java:112) ~[CobblemonTrialsEdition-fabric-2.1.0.jar:?]
	at knot//MC/net.minecraft.structure.StructureTemplate.process(StructureTemplate.java:387) ~[server-intermediary.jar:?]
	at knot//MC/net.minecraft.structure.StructureTemplate.place(StructureTemplate.java:225) ~[server-intermediary.jar:?]
	at knot/com.telepathicgrunt.repurposedstructures.world.features.NbtDungeon.generate(NbtDungeon.java:157) ~[repurposed_structures-7.5.21+1.21.1-fabric.jar:?]
	at knot//MC/net.minecraft.world.gen.feature.Feature.generateIfValid(Feature.java:168) ~[server-intermediary.jar:?]
	at knot//MC/net.minecraft.world.gen.feature.ConfiguredFeature.generate(ConfiguredFeature.java:28) ~[server-intermediary.jar:?]
	at knot//MC/net.minecraft.world.gen.feature.PlacedFeature.method_39646(PlacedFeature.java:54) ~[server-intermediary.jar:?]
	at java.base/java.util.stream.ForEachOps$ForEachOp$OfRef.accept(ForEachOps.java:184) ~[?:?]
	at java.base/java.util.stream.Streams$StreamBuilderImpl.forEachRemaining(Streams.java:411) ~[?:?]
	at java.base/java.util.stream.ReferencePipeline$Head.forEach(ReferencePipeline.java:762) ~[?:?]
	at java.base/java.util.stream.ReferencePipeline$7$1.accept(ReferencePipeline.java:276) ~[?:?]
	at java.base/java.util.stream.Streams$StreamBuilderImpl.forEachRemaining(Streams.java:411) ~[?:?]
	at java.base/java.util.stream.ReferencePipeline$Head.forEach(ReferencePipeline.java:762) ~[?:?]
	at java.base/java.util.stream.ReferencePipeline$7$1.accept(ReferencePipeline.java:276) ~[?:?]
	at java.base/java.util.stream.Streams$StreamBuilderImpl.forEachRemaining(Streams.java:411) ~[?:?]
	at java.base/java.util.stream.ReferencePipeline$Head.forEach(ReferencePipeline.java:762) ~[?:?]
	at java.base/java.util.stream.ReferencePipeline$7$1.accept(ReferencePipeline.java:276) ~[?:?]
	at java.base/java.util.stream.ForEachOps$ForEachOp$OfRef.accept(ForEachOps.java:184) ~[?:?]
	at java.base/java.util.stream.IntPipeline$1$1.accept(IntPipeline.java:180) ~[?:?]
	at java.base/java.util.stream.Streams$RangeIntSpliterator.forEachRemaining(Streams.java:104) ~[?:?]
	at java.base/java.util.Spliterator$OfInt.forEachRemaining(Spliterator.java:712) ~[?:?]
	at java.base/java.util.stream.AbstractPipeline.copyInto(AbstractPipeline.java:509) ~[?:?]
	at java.base/java.util.stream.AbstractPipeline.wrapAndCopyInto(AbstractPipeline.java:499) ~[?:?]
	at java.base/java.util.stream.ForEachOps$ForEachOp.evaluateSequential(ForEachOps.java:151) ~[?:?]
	at java.base/java.util.stream.ForEachOps$ForEachOp$OfRef.evaluateSequential(ForEachOps.java:174) ~[?:?]
	at java.base/java.util.stream.AbstractPipeline.evaluate(AbstractPipeline.java:234) ~[?:?]
	at java.base/java.util.stream.ReferencePipeline.forEach(ReferencePipeline.java:596) ~[?:?]
	at java.base/java.util.stream.ReferencePipeline$7$1.accept(ReferencePipeline.java:276) ~[?:?]
	at java.base/java.util.stream.Streams$StreamBuilderImpl.forEachRemaining(Streams.java:411) ~[?:?]
	at java.base/java.util.stream.AbstractPipeline.copyInto(AbstractPipeline.java:509) ~[?:?]
	at java.base/java.util.stream.AbstractPipeline.wrapAndCopyInto(AbstractPipeline.java:499) ~[?:?]
	at java.base/java.util.stream.ForEachOps$ForEachOp.evaluateSequential(ForEachOps.java:151) ~[?:?]
	at java.base/java.util.stream.ForEachOps$ForEachOp$OfRef.evaluateSequential(ForEachOps.java:174) ~[?:?]
	at java.base/java.util.stream.AbstractPipeline.evaluate(AbstractPipeline.java:234) ~[?:?]
	at java.base/java.util.stream.ReferencePipeline.forEach(ReferencePipeline.java:596) ~[?:?]
	at knot//MC/net.minecraft.world.gen.feature.PlacedFeature.generate(PlacedFeature.java:53) ~[server-intermediary.jar:?]
	at knot//MC/net.minecraft.world.gen.feature.PlacedFeature.generate(PlacedFeature.java:42) ~[server-intermediary.jar:?]
	at knot//MC/net.minecraft.world.gen.chunk.ChunkGenerator.generateFeatures(ChunkGenerator.java:361) ~[server-intermediary.jar:?]
	at knot//MC/net.minecraft.world.chunk.ChunkGenerating.generateFeatures(ChunkGenerating.java:103) ~[server-intermediary.jar:?]
	at knot//MC/net.minecraft.world.chunk.ChunkGenerationStep.run(ChunkGenerationStep.java:33) ~[server-intermediary.jar:?]
	at knot/com.ishland.c2me.rewrites.chunksystem.common.statuses.VanillaWorldGenerationDelegate.lambda$upgradeToThis$5(VanillaWorldGenerationDelegate.java:176) ~[c2me-rewrites-chunk-system-0.4.00.23+1.21.1-1bc99f7df269a92d.jar:?]
	at knot/com.ishland.c2me.base.common.scheduler.ScheduledTask.run(ScheduledTask.java:46) [c2me-base-0.4.0-alpha.0.23+1.21.1-b63f9c67bc8f1cf9.jar:?]
	at knot/com.ishland.flowsched.executor.WorkerThread.pollTasks(WorkerThread.java:51) [c2me-base-0.4.0-alpha.0.23+1.21.1-b63f9c67bc8f1cf9.jar:?]
	at knot/com.ishland.flowsched.executor.WorkerThread.run(WorkerThread.java:29) [c2me-base-0.4.0-alpha.0.23+1.21.1-b63f9c67bc8f1cf9.jar:?]
[16:16:22] [c2me-worker-0/WARN]: Skipping BlockEntity with id minecraft:trial_spawner
[16:16:22] [c2me-worker-0/ERROR]: Failed to create block entity minecraft:trial_spawner
java.lang.IllegalStateException: Invalid block entity minecraft:trial_spawner // net.minecraft.block.entity.TrialSpawnerBlockEntity state at BlockPos{x=-1768, y=-17, z=-3976}, got Block{minecraft:spawner}
	at knot//MC/net.minecraft.block.entity.BlockEntity.validateSupports(BlockEntity.java:57) ~[server-intermediary.jar:?]
	at knot//MC/net.minecraft.block.entity.BlockEntity.<init>(BlockEntity.java:51) ~[server-intermediary.jar:?]
	at knot//MC/net.minecraft.block.entity.TrialSpawnerBlockEntity.<init>(TrialSpawnerBlockEntity.java:28) ~[server-intermediary.jar:?]
	at knot//MC/net.minecraft.block.entity.BlockEntityType.instantiate(BlockEntityType.java:99) ~[server-intermediary.jar:?]
	at knot//MC/net.minecraft.block.entity.BlockEntity.method_17899(BlockEntity.java:186) ~[server-intermediary.jar:?]
	at java.base/java.util.Optional.map(Optional.java:260) ~[?:?]
	at knot//MC/net.minecraft.block.entity.BlockEntity.createFromNbt(BlockEntity.java:184) ~[server-intermediary.jar:?]
	at knot/com.lemenok.cobblemontrialsedition.config.SpawnerProperties.getLootTables(SpawnerProperties.java:93) ~[CobblemonTrialsEdition-fabric-2.1.0.jar:?]
	at knot/com.lemenok.cobblemontrialsedition.builder.BuildSpawner.create(BuildSpawner.java:43) ~[CobblemonTrialsEdition-fabric-2.1.0.jar:?]
	at knot/com.lemenok.cobblemontrialsedition.builder.SpawnerBuilder.buildCobblemonTrialSpawnerBlock(SpawnerBuilder.java:90) ~[CobblemonTrialsEdition-fabric-2.1.0.jar:?]
	at knot/com.lemenok.cobblemontrialsedition.processor.JigsawSpawnerReplacementProcessor.process(JigsawSpawnerReplacementProcessor.java:112) ~[CobblemonTrialsEdition-fabric-2.1.0.jar:?]
	at knot//MC/net.minecraft.structure.StructureTemplate.process(StructureTemplate.java:387) ~[server-intermediary.jar:?]
	at knot//MC/net.minecraft.structure.StructureTemplate.place(StructureTemplate.java:225) ~[server-intermediary.jar:?]
	at knot/com.telepathicgrunt.repurposedstructures.world.features.NbtDungeon.generate(NbtDungeon.java:157) ~[repurposed_structures-7.5.21+1.21.1-fabric.jar:?]
	at knot//MC/net.minecraft.world.gen.feature.Feature.generateIfValid(Feature.java:168) ~[server-intermediary.jar:?]
	at knot//MC/net.minecraft.world.gen.feature.ConfiguredFeature.generate(ConfiguredFeature.java:28) ~[server-intermediary.jar:?]
	at knot//MC/net.minecraft.world.gen.feature.PlacedFeature.method_39646(PlacedFeature.java:54) ~[server-intermediary.jar:?]
	at java.base/java.util.stream.ForEachOps$ForEachOp$OfRef.accept(ForEachOps.java:184) ~[?:?]
	at java.base/java.util.stream.Streams$StreamBuilderImpl.forEachRemaining(Streams.java:411) ~[?:?]
	at java.base/java.util.stream.ReferencePipeline$Head.forEach(ReferencePipeline.java:762) ~[?:?]
	at java.base/java.util.stream.ReferencePipeline$7$1.accept(ReferencePipeline.java:276) ~[?:?]
	at java.base/java.util.stream.Streams$StreamBuilderImpl.forEachRemaining(Streams.java:411) ~[?:?]
	at java.base/java.util.stream.ReferencePipeline$Head.forEach(ReferencePipeline.java:762) ~[?:?]
	at java.base/java.util.stream.ReferencePipeline$7$1.accept(ReferencePipeline.java:276) ~[?:?]
	at java.base/java.util.stream.Streams$StreamBuilderImpl.forEachRemaining(Streams.java:411) ~[?:?]
	at java.base/java.util.stream.ReferencePipeline$Head.forEach(ReferencePipeline.java:762) ~[?:?]
	at java.base/java.util.stream.ReferencePipeline$7$1.accept(ReferencePipeline.java:276) ~[?:?]
	at java.base/java.util.stream.ForEachOps$ForEachOp$OfRef.accept(ForEachOps.java:184) ~[?:?]
	at java.base/java.util.stream.IntPipeline$1$1.accept(IntPipeline.java:180) ~[?:?]
	at java.base/java.util.stream.Streams$RangeIntSpliterator.forEachRemaining(Streams.java:104) ~[?:?]
	at java.base/java.util.Spliterator$OfInt.forEachRemaining(Spliterator.java:712) ~[?:?]
	at java.base/java.util.stream.AbstractPipeline.copyInto(AbstractPipeline.java:509) ~[?:?]
	at java.base/java.util.stream.AbstractPipeline.wrapAndCopyInto(AbstractPipeline.java:499) ~[?:?]
	at java.base/java.util.stream.ForEachOps$ForEachOp.evaluateSequential(ForEachOps.java:151) ~[?:?]
	at java.base/java.util.stream.ForEachOps$ForEachOp$OfRef.evaluateSequential(ForEachOps.java:174) ~[?:?]
	at java.base/java.util.stream.AbstractPipeline.evaluate(AbstractPipeline.java:234) ~[?:?]
	at java.base/java.util.stream.ReferencePipeline.forEach(ReferencePipeline.java:596) ~[?:?]
	at java.base/java.util.stream.ReferencePipeline$7$1.accept(ReferencePipeline.java:276) ~[?:?]
	at java.base/java.util.stream.Streams$StreamBuilderImpl.forEachRemaining(Streams.java:411) ~[?:?]
	at java.base/java.util.stream.AbstractPipeline.copyInto(AbstractPipeline.java:509) ~[?:?]
	at java.base/java.util.stream.AbstractPipeline.wrapAndCopyInto(AbstractPipeline.java:499) ~[?:?]
	at java.base/java.util.stream.ForEachOps$ForEachOp.evaluateSequential(ForEachOps.java:151) ~[?:?]
	at java.base/java.util.stream.ForEachOps$ForEachOp$OfRef.evaluateSequential(ForEachOps.java:174) ~[?:?]
	at java.base/java.util.stream.AbstractPipeline.evaluate(AbstractPipeline.java:234) ~[?:?]
	at java.base/java.util.stream.ReferencePipeline.forEach(ReferencePipeline.java:596) ~[?:?]
	at knot//MC/net.minecraft.world.gen.feature.PlacedFeature.generate(PlacedFeature.java:53) ~[server-intermediary.jar:?]
	at knot//MC/net.minecraft.world.gen.feature.PlacedFeature.generate(PlacedFeature.java:42) ~[server-intermediary.jar:?]
	at knot//MC/net.minecraft.world.gen.chunk.ChunkGenerator.generateFeatures(ChunkGenerator.java:361) ~[server-intermediary.jar:?]
	at knot//MC/net.minecraft.world.chunk.ChunkGenerating.generateFeatures(ChunkGenerating.java:103) ~[server-intermediary.jar:?]
	at knot//MC/net.minecraft.world.chunk.ChunkGenerationStep.run(ChunkGenerationStep.java:33) ~[server-intermediary.jar:?]
	at knot/com.ishland.c2me.rewrites.chunksystem.common.statuses.VanillaWorldGenerationDelegate.lambda$upgradeToThis$5(VanillaWorldGenerationDelegate.java:176) ~[c2me-rewrites-chunk-system-0.4.00.23+1.21.1-1bc99f7df269a92d.jar:?]
	at knot/com.ishland.c2me.base.common.scheduler.ScheduledTask.run(ScheduledTask.java:46) [c2me-base-0.4.0-alpha.0.23+1.21.1-b63f9c67bc8f1cf9.jar:?]
	at knot/com.ishland.flowsched.executor.WorkerThread.pollTasks(WorkerThread.java:51) [c2me-base-0.4.0-alpha.0.23+1.21.1-b63f9c67bc8f1cf9.jar:?]
	at knot/com.ishland.flowsched.executor.WorkerThread.run(WorkerThread.java:29) [c2me-base-0.4.0-alpha.0.23+1.21.1-b63f9c67bc8f1cf9.jar:?]
[16:16:22] [c2me-worker-0/WARN]: Skipping BlockEntity with id minecraft:trial_spawner
[16:16:22] [Server thread/INFO]: [STDOUT]: Command permission check: player El_toilet, has level 2: true
[16:16:49] [Server thread/INFO]: El_toilet has made the advancement [Free Roam: Enabled]
[16:17:01] [Server thread/INFO]: Saved portal data: 3 portals
[16:17:01] [Server thread/INFO]: Saved timer data: 3 players, 15 timers
[16:17:01] [Server thread/INFO]: Maximum spawn attempts reached. Skipping this alpha spawn
[16:17:34] [Server thread/INFO]: El_toilet has made the advancement [Is it a Fruit or is it a Nut?]
[16:17:40] [Netty Server IO #2/INFO]: Player FabroJenkins disconnected, saving their progress data
[16:17:40] [Netty Server IO #2/INFO]: Saved shrine progress for player FabroJenkins in world world_931570350
[16:17:40] [Server thread/INFO]: FabroJenkins lost connection: Disconnected
[16:17:40] [Server thread/INFO]: FabroJenkins left the game
[16:17:40] [Server thread/INFO]: Unregistered trainer player: FabroJenkins
[16:17:41] [Netty Server IO #1/INFO]: Player ElKlap0 disconnected, saving their progress data
[16:17:41] [Netty Server IO #1/INFO]: Saved shrine progress for player ElKlap0 in world world_931570350
[16:17:41] [Server thread/INFO]: ElKlap0 lost connection: Disconnected
[16:17:41] [Server thread/INFO]: ElKlap0 left the game
[16:17:41] [Server thread/INFO]: Unregistered trainer player: ElKlap0
[16:17:45] [Netty Server IO #24/INFO]: Player El_toilet disconnected, saving their progress data
[16:17:45] [Netty Server IO #24/INFO]: Saved shrine progress for player El_toilet in world world_931570350
[16:17:45] [Server thread/INFO]: El_toilet lost connection: Disconnected
[16:17:45] [Server thread/INFO]: El_toilet left the game
[16:17:45] [Server thread/INFO]: Unregistered trainer player: El_toilet
[16:17:47] [Server thread/INFO]: Stopping the server
[16:17:47] [Server thread/INFO]: [BossCleanup] No stale Battle Tower Pokemon entities found on server stop
[16:17:47] [Server thread/INFO]: Battle Tower data saved
[16:17:47] [Server thread/INFO]: [STDOUT]: Server stopping - clearing server reference
[16:17:47] [Server thread/INFO]: Server stopping: resolved 0 completed expeditions, 0 still in progress
[16:17:47] [Server thread/INFO]: SNAP: Cache cleared and data saved
[16:17:47] [Server thread/INFO]: [STDOUT]: CobblemonExtras - Shutting Down
[16:17:47] [Server thread/INFO]: Showcase Task Stopped
[16:17:47] [Server thread/INFO]: Saved all timer data (0 players, 0 timers)
[16:17:47] [Server thread/INFO]: Server stopping, saving all player progress data
[16:17:47] [Server thread/INFO]: Starting shutdown process...
[16:17:47] [Server thread/INFO]: Closing storage...
[16:17:47] [Server thread/INFO]: Goodbye!
[16:17:47] [Server thread/INFO]: Stopping server
[16:17:47] [Server thread/INFO]: Saving players
[16:17:47] [Server thread/INFO]: Saving worlds
[16:17:47] [Server thread/INFO]: ServerLevel[world]/minecraft:overworld: waiting for 841 chunks to unload
[16:17:47] [Server thread/INFO]: Saving chunks for level 'ServerLevel[world]'/minecraft:overworld
[16:17:47] [Server thread/INFO]: Saved portal data: 3 portals
[16:17:47] [Server thread/INFO]: Saved timer data: 3 players, 15 timers
[16:17:47] [Server thread/INFO]: Saving chunks for level 'ServerLevel[world]'/cobblesafari:dungeon_underground
[16:17:47] [Server thread/INFO]: Saving chunks for level 'ServerLevel[world]'/lumymon:origin
[16:17:47] [Server thread/INFO]: Saving chunks for level 'ServerLevel[world]'/cobblesafari:domedimension
[16:17:47] [Server thread/INFO]: Saving chunks for level 'ServerLevel[world]'/cobblesafari:dungeon_distortion
[16:17:47] [Server thread/INFO]: Saving chunks for level 'ServerLevel[world]'/lumymon:nightmare
[16:17:47] [Server thread/INFO]: Saving chunks for level 'ServerLevel[world]'/cobblesafari:dungeon_jump
[16:17:47] [Server thread/INFO]: Saving chunks for level 'ServerLevel[world]'/cobblemonraiddens:raid_dimension
[16:17:47] [Server thread/INFO]: Saving chunks for level 'ServerLevel[world]'/minecraft:the_end
[16:17:47] [Server thread/INFO]: Saving chunks for level 'ServerLevel[world]'/cobblesafari:unionroom
[16:17:47] [Server thread/INFO]: Saving chunks for level 'ServerLevel[world]'/legendarymonuments:distortion_world
[16:17:47] [Server thread/INFO]: Saving chunks for level 'ServerLevel[world]'/minecraft:the_nether
[16:17:47] [Server thread/INFO]: ThreadedAnvilChunkStorage (world): All chunks are saved
[16:17:47] [Server thread/INFO]: ThreadedAnvilChunkStorage (dungeon_underground): All chunks are saved
[16:17:47] [Server thread/INFO]: ThreadedAnvilChunkStorage (origin): All chunks are saved
[16:17:47] [Server thread/INFO]: ThreadedAnvilChunkStorage (domedimension): All chunks are saved
[16:17:47] [Server thread/INFO]: ThreadedAnvilChunkStorage (dungeon_distortion): All chunks are saved
[16:17:47] [Server thread/INFO]: ThreadedAnvilChunkStorage (nightmare): All chunks are saved
[16:17:47] [Server thread/INFO]: ThreadedAnvilChunkStorage (dungeon_jump): All chunks are saved
[16:17:47] [Server thread/INFO]: ThreadedAnvilChunkStorage (raid_dimension): All chunks are saved
[16:17:47] [Server thread/INFO]: ThreadedAnvilChunkStorage (DIM1): All chunks are saved
[16:17:47] [Server thread/INFO]: ThreadedAnvilChunkStorage (unionroom): All chunks are saved
[16:17:47] [Server thread/INFO]: ThreadedAnvilChunkStorage (distortion_world): All chunks are saved
[16:17:47] [Server thread/INFO]: ThreadedAnvilChunkStorage (DIM-1): All chunks are saved
[16:17:47] [Server thread/INFO]: ThreadedAnvilChunkStorage: All dimensions are saved
[16:17:48] [C2ME Storage #3/INFO]: Storage thread Thread[#149,C2ME Storage #3,8,main] stopped
[16:17:48] [C2ME Storage #2/INFO]: Storage thread Thread[#148,C2ME Storage #2,8,main] stopped
[16:17:48] [C2ME Storage #1/INFO]: Storage thread Thread[#147,C2ME Storage #1,8,main] stopped
[16:17:48] [C2ME Storage #6/INFO]: Storage thread Thread[#152,C2ME Storage #6,8,main] stopped
[16:17:48] [C2ME Storage #5/INFO]: Storage thread Thread[#151,C2ME Storage #5,8,main] stopped
[16:17:48] [C2ME Storage #4/INFO]: Storage thread Thread[#150,C2ME Storage #4,8,main] stopped
[16:17:48] [C2ME Storage #9/INFO]: Storage thread Thread[#155,C2ME Storage #9,8,main] stopped
[16:17:48] [C2ME Storage #8/INFO]: Storage thread Thread[#154,C2ME Storage #8,8,main] stopped
[16:17:48] [C2ME Storage #7/INFO]: Storage thread Thread[#153,C2ME Storage #7,8,main] stopped
[16:17:48] [C2ME Storage #12/INFO]: Storage thread Thread[#158,C2ME Storage #12,8,main] stopped
[16:17:48] [C2ME Storage #11/INFO]: Storage thread Thread[#157,C2ME Storage #11,8,main] stopped
[16:17:48] [C2ME Storage #10/INFO]: Storage thread Thread[#156,C2ME Storage #10,8,main] stopped
[16:17:48] [C2ME Storage #15/INFO]: Storage thread Thread[#161,C2ME Storage #15,8,main] stopped
[16:17:48] [C2ME Storage #14/INFO]: Storage thread Thread[#160,C2ME Storage #14,8,main] stopped
[16:17:48] [C2ME Storage #13/INFO]: Storage thread Thread[#159,C2ME Storage #13,8,main] stopped
[16:17:48] [C2ME Storage #18/INFO]: Storage thread Thread[#164,C2ME Storage #18,8,main] stopped
[16:17:48] [C2ME Storage #17/INFO]: Storage thread Thread[#163,C2ME Storage #17,8,main] stopped
[16:17:48] [C2ME Storage #16/INFO]: Storage thread Thread[#162,C2ME Storage #16,8,main] stopped
[16:17:48] [C2ME Storage #21/INFO]: Storage thread Thread[#167,C2ME Storage #21,8,main] stopped
[16:17:48] [C2ME Storage #20/INFO]: Storage thread Thread[#166,C2ME Storage #20,8,main] stopped
[16:17:48] [C2ME Storage #19/INFO]: Storage thread Thread[#165,C2ME Storage #19,8,main] stopped
[16:17:48] [C2ME Storage #24/INFO]: Storage thread Thread[#170,C2ME Storage #24,8,main] stopped
[16:17:48] [C2ME Storage #23/INFO]: Storage thread Thread[#169,C2ME Storage #23,8,main] stopped
[16:17:48] [C2ME Storage #22/INFO]: Storage thread Thread[#168,C2ME Storage #22,8,main] stopped
[16:17:48] [C2ME Storage #26/INFO]: Storage thread Thread[#172,C2ME Storage #26,8,main] stopped
[16:17:48] [C2ME Storage #27/INFO]: Storage thread Thread[#173,C2ME Storage #27,8,main] stopped
[16:17:48] [C2ME Storage #25/INFO]: Storage thread Thread[#171,C2ME Storage #25,8,main] stopped
[16:17:48] [C2ME Storage #30/INFO]: Storage thread Thread[#176,C2ME Storage #30,8,main] stopped
[16:17:48] [C2ME Storage #29/INFO]: Storage thread Thread[#175,C2ME Storage #29,8,main] stopped
[16:17:48] [C2ME Storage #28/INFO]: Storage thread Thread[#174,C2ME Storage #28,8,main] stopped
[16:17:48] [C2ME Storage #33/INFO]: Storage thread Thread[#179,C2ME Storage #33,8,main] stopped
[16:17:48] [C2ME Storage #32/INFO]: Storage thread Thread[#178,C2ME Storage #32,8,main] stopped
[16:17:48] [C2ME Storage #31/INFO]: Storage thread Thread[#177,C2ME Storage #31,8,main] stopped
[16:17:48] [C2ME Storage #36/INFO]: Storage thread Thread[#182,C2ME Storage #36,8,main] stopped
[16:17:48] [C2ME Storage #35/INFO]: Storage thread Thread[#181,C2ME Storage #35,8,main] stopped
[16:17:48] [C2ME Storage #34/INFO]: Storage thread Thread[#180,C2ME Storage #34,8,main] stopped
[16:17:48] [Server thread/INFO]: [STDOUT]: CobblemonExtras - Shutting Down
[16:17:48] [Server thread/INFO]: Showcase Task Stopped
[16:17:48] [Server thread/INFO]: Server stopping — saving Mike Skills config...
[16:17:48] [Server thread/INFO]: Discarded config watch service
